cod_mun,nombre,cod_prov,pob_2025,pob_2026,tasa_anual_2026,pob_2027,tasa_anual_2027,pob_2028,tasa_anual_2028,pob_2029,tasa_anual_2029,pob_2030,tasa_anual_2030,pob_2031,tasa_anual_2031,pob_2032,tasa_anual_2032,pob_2033,tasa_anual_2033,pob_2034,tasa_anual_2034,pob_2035,tasa_anual_2035
02001,Abengibre,02,753.0,746.3401429519565,-0.008844431670708475,739.8617293303345,-0.008762340614400177,733.5587815839334,-0.008681263296605679,727.4255596531251,-0.008601185690853441,721.456549903859,-0.008522093979207668,715.6464546588965,-0.008443974546438748,709.9901822793577,-0.008366813976594445,704.4828377644016,-0.008290599049910807,699.1197138389201,-0.008215316739833778,693.8962825010495,-0.008140954210104301
02002,Alatoz,02,504.0,499.84950720196184,-0.008235104758012257,495.80737661250004,-0.008160902733678532,491.87019515854655,-0.008087590485171381,488.0346795607591,-0.008015155977772914,484.2976703906543,-0.00794358741298462,480.65612658868986,-0.007872873170857941,477.10712025851313,-0.007803001799661646,473.6478317218827,-0.007733962011498563,470.27554481972777,-0.007665742679273335,466.98764244570293,-0.007598332834087285
02003,Albacete,02,175400.0,176165.9671846372,0.004366973686643183,176962.82165355392,0.00444514217295966,177666.79264486235,0.004289428251001759,178288.3896626804,0.004091679642956425,178837.0052527805,0.0038886865748362087,179321.01697621477,0.0036915488146853637,179747.8841508066,0.003504146004303932,180124.23849034356,0.003327743021133589,180455.96818653305,0.003162515178422254,180748.29528271436,0.003008150401491605
02004,Albatana,02,644.0,637.8869212647301,-0.009492358284580615,630.4326743033945,-0.010589708930822783,623.1021572018965,-0.01093584558846028,615.8928935764932,-0.011094410950842737,608.8024641838413,-0.011178030708956621,601.8285054426581,-0.011224232288566838,594.9687079974889,-0.01124909518607864,588.2208153232884,-0.011260657831513421,581.5826223695444,-0.011263385413093907,575.051974242728,-0.011259956702100116
02005,Alborea,02,672.0,674.7488299300912,0.004090520729302494,675.6914587082085,0.002742859423745969,676.4465097808567,0.0022007630990992233,677.0511580803652,0.0018738773639555006,677.5352658357439,0.0016419993610847783,677.9228012551705,0.0014635830736380306,678.232989181138,0.0013198030667969096,678.4812417072982,0.001200531519172987,678.679909151209,0.001099633130382971,678.8388849895111,0.001013060408924904
02006,Alcadozo,02,635.0,630.4316540026774,-0.007194245665074983,625.7737045620603,-0.007291381680840758,621.173202903115,-0.007311488788483089,616.6292724421745,-0.007312386104731172,612.1410523639058,-0.007305636194137488,607.7076972981822,-0.007295092944891501,603.3283770043298,-0.007282407858473561,599.0022760625683,-0.007268406561940166,594.7285935724606,-0.007253547633475632,590.5065428582083,-0.007238106129402011
02007,Alcalá del Júcar,02,1130.0,1112.0701128438334,-0.01586715677536865,1100.3745315053684,-0.013195677328231015,1088.859511040694,-0.012286169205989683,1077.521666035869,-0.011818106612534685,1066.3576846521926,-0.011526816125010608,1055.3643268264607,-0.011323994049116659,1044.5384225198256,-0.011171776402136513,1033.8768700138392,-0.011051224679754834,1023.3766342522932,-0.010951814839850416,1013.034745227501,-0.010867231201916794
02008,Alcaraz,02,1283.0,1278.2651472278772,-0.003690454226128459,1270.8284668351012,-0.004754691372341413,1263.9016490170638,-0.004986725545955473,1257.4474298597,-0.0050166913586169315,1251.4315505187549,-0.0049701973284251855,1245.8224814661423,-0.004888868083325226,1240.5911758427821,-0.004790355887415498,1235.710848429037,-0.004683335742458161,1231.1567772078945,-0.004572501796876627,1226.9061248929365,-0.0044605650630470395
02009,Almansa,02,24615.0,24733.859855716397,0.0048287570878080555,24854.00267431672,0.004843089918604715,24950.536974157487,0.004523309675381393,25028.034304232544,0.004168804279834237,25090.20544341973,0.0038316290719309087,25140.05353089424,0.0035239143147511864,25180.003297304433,0.00324728194161783,25212.008813862903,0.0030000421501035213,25237.642515102343,0.0027794797634503876,25258.168239784052,0.002582687891358626
02010,Alpera,02,2278.0,2277.9750948453757,-1.0932903698135377e-05,2279.7428108210192,0.000382457771942013,2281.1579712127987,0.00046188367668720254,2282.290731996328,0.0004705558209234795,2283.197345608367,0.0004558919150654539,2283.922895793211,0.00043287162683935954,2284.5035019436373,0.0004073472161716385,2284.9680931330677,0.0003818473358621066,2285.339834110894,0.00035749412608954145,2285.6372704371724,0.000334757359551352
02011,Ayna,02,577.0,566.2297853659737,-0.01866588324787921,555.71295808173,-0.01861965594829651,545.4425919220929,-0.018573580410994883,535.4119731933268,-0.018527656201746012,525.6145938193807,-0.01848188279078966,516.04414440559,-0.018436259634213914,506.69450755652525,-0.01839078618557277,497.55975143797207,-0.018345461898785054,488.6341235734539,-0.01830028622909563,479.91204486611616,-0.018255258633453675
02012,Balazote,02,2356.0,2356.2001784997983,8.496540738467395e-05,2356.360333269627,7.646848325215672e-05,2356.4884649233627,6.91045797616141e-05,2356.5909752628645,6.270370132255287e-05,2356.672986745179,5.712307838900976e-05,2356.7385979859578,5.2242609374753e-05,2356.7910882937713,4.796110093696626e-05,2356.8330813817647,4.419315219572617e-05,2356.8666763908827,4.0866568957298455e-05,2356.893552742965,3.7920215486320075e-05
02013,Balsa de Ves,02,121.0,119.76641627127805,-0.010194906848941754,117.74172137142199,-0.013555841697175164,115.86721638719348,-0.014344685870454899,114.13007256853322,-0.014506689214500046,112.51875063333017,-0.014429022443215977,111.02284950018404,-0.014240056487434316,109.63297520859999,-0.013994348370774956,108.34062703657082,-0.013718818366836194,107.13809830864282,-0.01342812792147885,106.01838978649583,-0.013130826320879696
02014,"Ballestero, El",02,411.0,408.6059396859552,-0.005824964267748922,406.3686868451053,-0.005650163089834237,404.2772576325169,-0.005482346999402976,402.3215205280516,-0.005321202785538159,400.4921208185827,-0.005166432151687106,398.7804127938368,-0.005017750979124824,397.17839875492956,-0.004874888629808449,395.67867405765986,-0.004737587284301292,394.27437751126376,-0.004605601312767438,392.9591465383437,-0.004478696677348126
02015,Barrax,02,1838.0,1837.4528038931453,-0.000297712789365967,1837.0151639897283,-0.00026794558465204066,1836.66512711809,-0.0002421465667359346,1836.385145644173,-0.00021972071255615955,1836.1611911952498,-0.00020016812774192871,1835.9820473010052,-0.00018306823121549964,1835.8387447698956,-0.00016806662357560231,1835.7241107983116,-0.000154864191809434,1835.6324087748299,-0.0001432080632036703,1835.5590504543006,-0.00013288408794420725
02016,Bienservida,02,548.0,538.3462918593626,-0.017616255731090158,530.0281376627893,-0.016534377432788294,521.9903174601219,-0.016078094479789917,514.2211451098129,-0.01577964368316076,506.7095177539152,-0.015545381710991513,499.44488222776226,-0.015344068354487317,492.41720364206765,-0.015162299181344041,485.6169359824934,-0.014993359714013832,479.03499458375825,-0.014833509365868247,472.66273034639676,-0.014680494800321409
02017,Bogarra,02,727.0,711.748559319136,-0.02097859791040435,696.922127728295,-0.0209047998761841,682.5066963123953,-0.020831346106791826,668.4887811720411,-0.02075823484064021,654.8554016505926,-0.020685464305058354,641.5940594774121,-0.020613032733555525,628.6927188556722,-0.020540938368243444,616.1397874485269,-0.020469179460401943,603.9240982198512,-0.020397754270634283,592.0348920880616,-0.020326661068897023
02018,Bonete,02,950.0,933.9064516337695,-0.016940577227610998,918.1639712701719,-0.016898585693872925,902.7635883964364,-0.016856732324415424,887.6965914650297,-0.016815016629259993,872.9545196912121,-0.016773438106644556,858.5291550717211,-0.016731996254462866,844.4125146801857,-0.01669069057189243,830.5968432289334,-0.016649520559795294,817.0746058872625,-0.0166084857208475,803.8384813466446,-0.016567585559585374
02019,"Bonillo, El",02,2645.0,2607.880808761178,-0.01403372069520692,2585.3246010031735,-0.011345149975194646,2563.074810547152,-0.010433004581627436,2541.1263239121467,-0.009965919787760624,2519.4741274862554,-0.00967704613635667,2498.113305316297,-0.009477353470956795,2477.039036951736,-0.00932866621644779,2456.2465953414444,-0.00921189000682443,2435.7313447819,-0.009116414197664291,2415.4887389153987,-0.009035871152262898
02020,Carcelén,02,483.0,476.95046945192115,-0.01252490796703698,471.00639064913463,-0.012493792090027322,465.16555822859146,-0.0124627789785976,459.4258198373757,-0.012431868237253063,453.78507467752814,-0.01240105948498027,448.2412721247004,-0.012370352344403424,442.7924103874876,-0.012339746440229282,437.4365352061335,-0.012309241398855253,432.1717385893597,-0.012278836848234054,426.9961575881026,-0.012248532417815983
02021,Casas de Juan Núñez,02,1409.0,1421.266540432428,0.008705848426137752,1436.4205496793609,0.009683614050539191,1448.6600100927203,0.009295862378114528,1458.526624723694,0.008674036344455072,1466.468278569508,0.008027397274631864,1472.8527247299476,0.007414169244052582,1477.980288584819,0.006851400324855872,1482.0951894171658,0.006342091719121701,1485.395357198068,0.005883991707713587,1488.0407815243248,0.005472933083723763
02022,Casas de Lázaro,02,298.0,293.87451175353596,-0.013843920290147804,289.82633743488543,-0.013809550781144542,285.8537520577264,-0.013775294505474767,281.95507448924957,-0.013741151150768127,278.12866632824466,-0.013707120321961641,274.37293069467603,-0.013673201611554942,270.686311056836,-0.013639394609639033,267.0672900948052,-0.013605698906401398,263.51438859900946,-0.013572114092955223,260.02616440269736,-0.013538639761667692
02023,Casas de Ves,02,519.0,508.56948426425873,-0.02009733282416426,498.3991838356087,-0.020047596771815224,488.48160305755573,-0.019998023829989497,478.8094877189104,-0.01994861352592814,469.3758167589961,-0.019899365289960946,460.17379403842506,-0.019850278538158017,451.1968404246271,-0.019801352684129525,442.4385861792176,-0.01975258714196848,433.89286363484104,-0.01970398132722706,425.553700149684,-0.019655534657300744
02024,Casas-Ibáñez,02,4616.0,4631.708190045028,0.0034029874447634167,4646.796242903186,0.003330269524974172,4659.61679339326,0.003139813043676387,4670.505612763255,0.002939011669236713,4679.750168040866,0.002747005404197811,4687.596165700477,0.002568522554759145,4694.253327487259,0.0024043909411783915,4699.90045195832,0.0022541366109563032,4704.689824435963,0.0021168281004937395,4708.751041183204,0.0019913973968153087
02025,Caudete,02,10439.0,10529.06258892681,0.008627511153061596,10627.066963505325,0.008967691561877045,10706.126857594472,0.00845803162269032,10769.798041967526,0.007829729934436092,10821.007519300369,0.007214015145199371,10862.15036331416,0.006644562831107814,10895.177239835564,0.006128911651070101,10921.67102864,0.00566601533601796,10942.912438106598,0.005251875037136866,10959.935306557902,0.004881635184407873
02026,Cenizate,02,1163.0,1163.156686842413,0.0001347264337170362,1163.2820515487874,0.00012125298797394102,1163.3823530422937,0.00010957613888917805,1163.4626004638255,9.94263709186427e-05,1163.5268023864353,9.057729362171862e-05,1163.5781664753115,8.283845669776468e-05,1163.619259378992,7.604939324612481e-05,1163.6521347468224,7.007467972552917e-05,1163.6784357098354,6.479983555340851e-05,1163.699476908253,6.012791639853354e-05
02027,Corral-Rubio,02,303.0,292.8071789470621,-0.03363967344203933,287.93261534318765,-0.025180705003071346,283.1629694205369,-0.022317271414501905,278.49559219801085,-0.020861957974373513,273.9279103482328,-0.019971442005563556,269.4574238073215,-0.01936380068108068,265.081703466963,-0.018918009660797375,260.7983889457248,-0.018573490828294625,256.6051864366777,-0.018296563480389882,252.49986662851214,-0.0180670073041872
02028,Cotillas,02,123.0,122.62148196295637,-0.003077382414988894,121.40383784739386,-0.006509651818382589,120.24594800683927,-0.0075199636392094815,119.144452112691,-0.007930316579119578,118.09621245298365,-0.008103925378944998,117.09829660919802,-0.008161616890670853,116.14796167861964,-0.008155057812422206,115.24263988816891,-0.008110002248725934,114.37992546247875,-0.008040695775177409,113.55756262384692,-0.007955633827512187
02029,Chinchilla de Monte-Aragón,02,4614.0,4663.9626596788485,0.010828491477860469,4713.162640577855,0.010688718794148677,4761.598360821829,0.010551357822238705,4809.2690103621,0.010416361464593793,4856.1745160616865,0.010283683652504427,4902.315506381316,0.010153279289875972,4947.693276666993,0.010025104226910608,4992.309755094286,0.009899115237963496,5036.167469317641,0.009775270000704328,5079.269513866815,0.009653527076000756
02030,Elche de la Sierra,02,3603.0,3612.6906339044854,0.0026896014167319127,3619.458275429371,0.0022813659651788054,3624.8815155264465,0.002020294929448996,3629.225957703187,0.0018147844768907628,3632.7052600698953,0.0016435070111717742,3635.491103421748,0.0014973489422718256,3637.721316234917,0.0013710306946941309,3639.506471503678,0.0012609513237624714,3640.9352264448617,0.001164427110955657,3642.078634223671,0.001079356111185259
02031,Férez,02,604.0,594.7530359814596,-0.015309543077053678,587.7632102562861,-0.013532616973420564,580.8898679968979,-0.012920147268546844,574.1306695067275,-0.012599251468854322,567.4833292528914,-0.012395104893360598,560.945614460559,-0.012249397947792229,554.5153437474759,-0.012137132160529807,548.1903857973936,-0.012045805348802396,541.9686580712084,-0.011968470605110637,535.8481255546391,-0.011900959152969293
02032,Fuensanta,02,282.0,278.40386714448823,-0.01275224416848142,275.33094899281815,-0.01189530769596292,272.30705981952383,-0.011591213206235018,269.33125263173764,-0.011425484310234824,266.40260158620913,-0.011315169747051157,263.5202014585872,-0.011232611132062642,260.68316712738505,-0.01116595278571264,257.8906330721906,-0.011109266080632674,255.14175288569118,-0.011059256942879792,252.43569879910004,-0.011013948686499964
02033,Fuente-Álamo,02,2422.0,2412.8979896298843,-0.003758055478990774,2408.6536467654546,-0.0027590400971538864,2405.2635485499995,-0.0023087187931358777,2402.5549057427706,-0.002013203268040331,2400.3901878690785,-0.0017908630302089223,2398.6598179605967,-0.0016126104988850587,2397.2764201849745,-0.0014646944438518883,2396.1702764441743,-0.001339339837680642,2395.2857289460594,-0.0012315875405779497,2394.578326055796,-0.0011380013893925733
02034,Fuentealbilla,02,1804.0,1801.5945132491238,-0.0013334183763171747,1799.6724336496104,-0.0012001565377437462,1798.1362465231427,-0.0010846485939222106,1796.9082409958762,-0.0009842346907689148,1795.9264404258015,-0.00089667975140173,1795.1413862201723,-0.000820102882600704,1794.5135899460845,-0.0007529188361847794,1794.0115110084535,-0.0006937894207124096,1793.6099490018194,-0.0006415831390585991,1793.2887641136024,-0.0005953416306480053
02035,"Gineta, La",02,2656.0,2672.444963489637,0.006191627819893464,2685.674215281703,0.0055707438136285425,2696.304752545032,0.005032954253160193,2704.839470670684,0.004565724682471517,2711.68669206826,0.00415854389964343,2717.176947229901,0.00380258198370087,2721.577153744479,0.0034904082788160817,2725.1024489143624,0.00321575845884281,2727.925972546982,0.0029733418421136193,2730.186897667229,0.00275868177118177
02036,Golosalvo,02,79.0,75.68033220999162,-0.04202111126592889,72.30965053026341,-0.04328058866319073,69.10483418921807,-0.043627427444701605,66.05702873143183,-0.04374661402791302,63.15788641360678,-0.04377498809919811,60.399535384971585,-0.04375814033183112,57.77455084701324,-0.04371560356375326,55.275928059006716,-0.04365714185751879,52.89705706523529,-0.043588178462242055,50.631699028520906,-0.04351196653280531
02037,Hellín,02,30836.0,30942.780687880535,0.003462857954356524,31023.684158703836,0.003038647008893225,31090.842484948163,0.002747261280860114,31146.568042889496,0.0025084472470109365,31192.79139697546,0.0023034858673982583,31231.12205815309,0.0021242966123904417,31262.90030892487,0.0019661105926869205,31289.24116448464,0.0018255977651731037,31311.07149838151,0.0017002124357727855,31329.16128390911,0.0015879089570038918
02038,"Herrera, La",02,308.0,304.03245530446947,-0.012881638621852431,301.6790390172737,-0.010314494697061471,299.37978684486984,-0.009417648699703518,297.1331845197178,-0.008939629749165512,294.93776889530216,-0.008629629490645052,292.79212592472635,-0.008403969805636291,290.6948887301289,-0.008226767428346937,288.6447357583799,-0.008080071691554114,286.64038901876904,-0.007953904826158764,284.68061239862953,-0.007842276563735928
02039,Higueruela,02,1133.0,1126.425331923636,-0.005802884445158085,1119.9214038958744,-0.005788419317511395,1113.4872680676297,-0.005774002187409311,1107.1219916802652,-0.005759632883766463,1100.8246568233524,-0.0057453112300909215,1094.5943601632923,-0.005731037049574672,1088.4302126774835,-0.005716810165818931,1082.3313393939313,-0.005702630403012998,1076.2968791361616,-0.005688497585992436,1070.325984273328,-0.005674411540259938
02040,Hoya-Gonzalo,02,582.0,576.6241543030494,-0.00923684827654736,570.1459426332572,-0.010236288886477873,563.7723593338733,-0.010550579998866105,557.5013612058499,-0.010693786227613855,551.3309511435376,-0.010768634924591014,545.2591769670807,-0.010809356473911014,539.2841302874136,-0.010830617948175414,533.403945402867,-0.010839751764466388,527.6167982264237,-0.010840830963395276,521.9209052426995,-0.010836299067065291
02041,Jorquera,02,356.0,356.4106379645512,0.001153477428514682,358.4755763587064,0.0034709094817555464,360.44228855338804,0.004142264167130927,362.31488973667075,0.004405416444903887,364.0973808977693,0.004508257943990346,365.7936453488735,0.004533350186172402,367.4074462483626,0.004515982041986222,368.9424250111074,0.004473711204296293,370.402100500809,0.004416216513842386,371.7898689081514,0.004349240140424149
02042,Letur,02,911.0,902.3664578339957,-0.009476994693747853,893.9577784232899,-0.009397738091169505,885.8626853953552,-0.009283619062845916,878.067443449018,-0.009162637774458915,870.559035945553,-0.009040352432432841,863.3251206809529,-0.008918582056771096,856.3539887685911,-0.008798078153392397,849.6345263883196,-0.008679192598761265,843.1561791790548,-0.008562100248625915,836.9089190709285,-0.008446887966156003
02043,Lezuza,02,1281.0,1275.9831643193024,-0.003916343232394648,1268.3270977259876,-0.004958782770312142,1261.0474405987313,-0.005219114590053198,1254.1239118548388,-0.005286917870519936,1247.5374743112202,-0.0052798991132360085,1241.2702459265756,-0.005237200420013632,1235.3054183695258,-0.005175529283917957,1229.6271822292244,-0.005103184702091257,1224.2206582554084,-0.0050247312255742305,1219.071834077374,-0.00494286816850209
02044,Liétor,02,1052.0,1033.7033164810484,-0.01739228471383225,1015.8139641645138,-0.017349183314435024,998.3213439847738,-0.01730622375063573,981.2151682278019,-0.01726340546812566,964.4854502934345,-0.01722072794199292,948.1224949604137,-0.01717819065388304,932.1168889940066,-0.0171357930887317,916.459492083223,-0.017093534733940596,901.1414280951744,-0.017051415079098797,886.1540766346204,-0.017009433615865932
02045,Madrigueras,02,4670.0,4672.236733398983,0.0004789579012811629,4674.364901653243,0.00046722507448082595,4676.068134177852,0.0004329413126322734,4677.431167032574,0.0003975769170152521,4678.5218793755275,0.0003646966098911353,4679.394632371159,0.0003350024048776046,4680.092951987504,0.0003084617913149401,4680.651682712662,0.0002848251796736534,4681.098715319144,0.0002637879998912407,4681.456372144184,0.0002450480661821963
02046,Mahora,02,1465.0,1469.4141253976545,0.0030130548789450984,1473.720937202597,0.002972012649789413,1478.0187435167988,0.0029534400530686344,1482.3075005680157,0.0029405031087246236,1486.587165252415,0.0029298350373436755,1490.8576951314983,0.002920313530478502,1495.1190484289918,0.0029114575496782535,1499.3711840277103,0.0029030265312881554,1503.6140614663948,0.002894886789045925,1507.8476409365164,0.0028869580753883017
02047,Masegoso,02,117.0,116.94047926918073,-0.0005087241950365584,116.90072506347703,-0.0004243418985061531,116.86864558844918,-0.0003743692275663957,116.84275766886958,-0.0003361573516953431,116.82186529374154,-0.0003046893860625399,116.80500383121809,-0.0002779654105509177,116.79139514506404,-0.00025490162430796826,116.78041145987493,-0.00023479600264708633,116.77154625511447,-0.00021714363324865094,116.76439081121221,-0.00020155809229638333
02048,Minaya,02,1381.0,1368.3520861991658,-0.009158518320661946,1355.8823826521254,-0.009135726896290719,1343.5878140904642,-0.009113010945755562,1331.4653672795255,-0.00909037017123182,1319.5120895066318,-0.00906780429049392,1307.7250872059776,-0.009045313024826362,1296.1015246181591,-0.0090228960972919,1284.6386224833734,-0.009000553232295427,1273.3336567673725,-0.008978284155436111,1262.1839574192634,-0.00895608859344521
02049,Molinicos,02,754.0,738.7210911248211,-0.02026380487424262,723.8520327101611,-0.0201959591318579,709.3798334613044,-0.02012841461401349,695.2919698654919,-0.02006116990271689,681.5763677038947,-0.01999422353021929,668.2213841593691,-0.01992757402685763,655.2157907025946,-0.019861219927855167,642.5487567200261,-0.0197951597749918,630.209833848926,-0.019729392117135314,618.1889409864982,-0.019663915510429453
02050,Montalvos,02,74.0,75.14112030093538,0.015420544607234854,72.60767081682427,-0.009452302628543019,70.17167131676602,-0.017550957808705636,67.82897263957615,-0.021533683275779647,65.57561777983365,-0.023882420773380986,63.40783232248971,-0.02541767416935159,61.32201538484982,-0.026489429661666453,59.314731037443785,-0.02727213779194182,57.38270017698324,-0.02786250144328306,55.52279282618293,-0.028318445978962714
02051,Montealegre del Castillo,02,2051.0,2049.9093110266085,-0.0005317839948276726,2052.5642441947653,0.00038126427508178296,2054.721979365972,0.0006045392799958194,2056.4752414683494,0.0006667197503880118,2057.8995948368806,0.0006718995022665375,2059.056573872388,0.000653617675139273,2059.9962581513305,0.0006254365436657583,2060.759385138014,0.0005935597550073002,2061.3790799723806,0.0005610168691982942,2061.882269405923,0.0005293209942489607
02052,Motilleja,02,673.0,680.374051588382,0.010956986015426384,687.7914238324968,0.010929444375052721,695.2519657721319,0.01090199530418201,702.7555228662072,0.010874638437905926,710.3019370574044,0.0108473734232859,717.8910468022465,0.01082019991057237,725.5226871016496,0.010793117551943787,733.1966895319572,0.010766126001187759,740.9128822764279,0.010739224913590029,748.6710901571718,0.010712413945886734
02053,Munera,02,3351.0,3327.066217960541,-0.007142280525054945,3303.421768427187,-0.007124488624889236,3280.062318890917,-0.007106755685159283,3256.983613157269,-0.007089081508230732,3234.1814700933114,-0.007071465880050698,3211.6517821177135,-0.007053908584545021,3189.3905137246406,-0.00703640940567396,3167.3937000407427,-0.0070189681279411165,3145.6574454143247,-0.007001584536562744,3124.177922035973,-0.006984258417532474
02054,Navas de Jorquera,02,521.0,522.1978354183963,0.0022991082886685277,521.5240352300332,0.0005027864915794211,520.8544669498422,-9.312002753736337e-05,520.1890997139648,-0.0003893349363863763,519.5279029274149,-0.000565744213432029,518.8708462613,-0.0006822739269505274,518.2178996500703,-0.0007645978673351816,517.5690332888078,-0.0008255500272870142,516.9242176305391,-0.0008722592465872925,516.2834233835879,-0.0009090023010915882
02055,Nerpio,02,1136.0,1117.541715302225,-0.016248490050858377,1099.4734038008744,-0.016208199788826483,1081.785381198291,-0.016168042206290312,1064.4682356618712,-0.016128016800501355,1047.5128192687062,-0.0160881230829496,1030.910239809754,-0.01604836056905712,1014.6518528716367,-0.01600872877669912,998.7292541859078,-0.015969227225829052,983.1342722360464,-0.015929855438349017,967.8589611128127,-0.01589061293805294
02056,Ontur,02,1895.0,1875.7211225181159,-0.010173550122366315,1856.7333091568566,-0.010148245646204979,1838.0312114034552,-0.010123024937833347,1819.6095952078192,-0.010097887639721304,1801.4633378747421,-0.010072833433659278,1783.5874253937848,-0.010047862008997321,1765.976949839938,-0.01002297305810218,1748.627106842992,-0.009998166275218656,1731.5331931236542,-0.00997344135608691,1714.6906040944802,-0.009948797997786585
02057,Ossa de Montiel,02,2233.0,2238.2944570117143,0.0023710062748385496,2247.853637374476,0.0033204250007468072,2256.3092647278786,0.003467476773836964,2263.7851721949473,0.003428939000636122,2270.392099706295,0.0033268366513874437,2276.2288943918948,0.003200796153837393,2281.3836451065863,0.0030670004988058164,2285.934742649965,0.0029329233264694388,2289.951861594346,0.002802232639895985,2293.4968628108268,0.0026767455367247006
02058,Paterna del Madera,02,328.0,322.9706044352382,-0.01533352306329816,318.12809511464434,-0.015163602922768749,313.4639361903094,-0.014996183962655563,308.9700598725907,-0.014831225136922033,304.6388367653906,-0.014668686059658875,300.4630482464932,-0.014508527034641672,296.4358608085859,-0.014350709049092414,292.55080220712307,-0.014195193763150704,288.80173927436414,-0.014041943498549259,285.18285727085055,-0.013890921227193265
02059,Peñascosa,02,329.0,326.4043078551327,-0.00788964177771223,323.8419202357,-0.007869995411303399,321.31230983648027,-0.00785041419963739,318.814959217204,-0.007830897860322428,316.3493605410819,-0.007811446144452949,313.9150153721612,-0.0077920588094938514,311.51143447744226,-0.007772735615401594,309.138137633629,-0.007753476323652531,306.7946534383933,-0.007734280696916507,304.48051912604006,-0.007715148498923741
02060,Peñas de San Pedro,02,1488.0,1500.0235886444827,0.008080368712690023,1512.0834857835755,0.008060086649309683,1524.1793153891522,0.008039872564921557,1536.3107000099624,0.008019726227500579,1548.4772606706729,0.007999647385618314,1560.678616921702,0.007979635785481998,1572.9143868888868,0.00795969117336326,1585.1841873229978,0.007939813296203857,1597.487633649082,0.007920001901812634,1609.824340015619,0.0079002567389439
02061,Pétrola,02,660.0,645.5439777350017,-0.02190306403787623,637.3661842746982,-0.017296413047073078,629.3321031023823,-0.01573513257043424,621.4387067974736,-0.014937942822806138,613.683041153543,-0.014446879691367265,606.062223198938,-0.014109050400390899,598.5734392761932,-0.013858870951913627,591.2139431783319,-0.013663530014069725,583.9810543402311,-0.013504791335724686,576.8721560832819,-0.01337170961062295
02062,Povedilla,02,374.0,366.36898120917556,-0.02040379355835409,357.67714558954515,-0.02206543968928032,349.2334407421276,-0.022579582464235637,341.0298007820995,-0.022807371292878797,333.0584506039039,-0.022920793510084803,325.3118944492094,-0.022977144187773968,317.782904959289,-0.023000969742398958,310.46451268989307,-0.02300454034191246,303.3499960677326,-0.022994671376973308,296.43287176870234,-0.02297545133021972
02063,Pozohondo,02,1544.0,1536.792140986866,-0.004668302469646446,1530.441827723003,-0.004400281067369671,1524.4849280765245,-0.004230974326399184,1518.8957622943753,-0.004089827016214298,1513.650473988422,-0.003962565408577978,1508.7268844978446,-0.0038443048761277465,1504.1043605916984,-0.0037328497853502673,1499.763694117449,-0.003627018066760801,1495.6869923640686,-0.0035260824572715954,1491.8575780502442,-0.0034295467687509573
02064,Pozo-Lorente,02,398.0,376.60536044297623,-0.053755375771416536,372.7692764983036,-0.03221581829544928,369.063851344776,-0.024846884828951143,365.4837570002011,-0.0210821399815595,362.02392668548595,-0.018769948688032723,358.67953980832766,-0.017187687438106503,355.44600792903685,-0.016024314409404772,352.3189616370436,-0.015123855530224106,349.2942382723399,-0.014399471373399919,346.367870431294,-0.013798967820187302
02065,Pozuelo,02,455.0,448.62978459565846,-0.014000473416135195,441.7420168385141,-0.014676918229730274,434.993646036511,-0.014876894018088671,428.38134079212756,-0.01495791144450731,421.90186016672527,-0.014991430808918071,415.55205095465743,-0.015001266148629067,409.3288450471138,-0.014997621808958916,403.22925688250615,-0.014985599272708372,397.25038098032843,-0.014968032313141588,391.38938955553886,-0.014946620931840404
02066,"Recueja, La",02,215.0,211.32231695057686,-0.01710550255545651,207.72546166131298,-0.017063105810146473,204.20735500807766,-0.017020848518212173,200.7659782406974,-0.01697873020507401,197.3993710761563,-0.01693675036829234,194.10562982697175,-0.016894908502417927,190.8829055948184,-0.016853204102535435,187.72940252694835,-0.016811636665144736,184.64337613305938,-0.01677020568844867,181.62313166034872,-0.016728910672463737
02067,Riópar,02,1344.0,1337.9554216433328,-0.0044974541344250385,1331.968048003218,-0.004486235773558445,1326.0372044133237,-0.004475054670890488,1320.1622257248912,-0.004463910695397755,1314.3424561929583,-0.004452803710245257,1308.577249322526,-0.0044417335780870815,1302.865967717573,-0.004430700161819678,1297.2079829328334,-0.004419703324770374,1291.6026753283086,-0.0044087429307569925,1286.0494339264314,-0.004397818844111945
02068,Robledo,02,382.0,380.4174877781064,-0.004142702151553879,377.70648009556965,-0.005635670843754603,375.5515907770206,-0.005658846276359042,373.8365344214004,-0.005385938661095491,372.4701302844816,-0.005040008551605468,371.3806037644297,-0.004687841892092148,370.5112776473413,-0.004352887935153538,369.81728212114734,-0.004043248601591332,369.26302174936677,-0.0037608460611729955,368.82021161055707,-0.003504974656753812
02069,"Roda, La",02,15643.0,15686.634299982423,0.002789381831005633,15721.207781905252,0.0024966526495235897,15750.954131597477,0.0022950999326720734,15776.539909365238,0.0021273817119658034,15798.541582641896,0.0019807788150500993,15817.457185638303,0.0018501565454496216,15833.716609531726,0.0017326559477945924,15847.690645027897,0.0016263531424958177,15859.698900211075,0.001529802132205882,15870.016712917719,0.0014418439661378901
02070,Salobre,02,442.0,441.0683204166466,-0.002107872360528007,442.2818373726428,0.00031876975021138954,443.3089490030041,0.0009861681805343192,444.1779456142784,0.0012295999576268368,444.91292277694504,0.0013146036924773785,445.53437459736523,0.0013283016533003345,446.0597115673021,0.0013069881396359229,446.50370996811495,0.0012680316736179975,446.87890004777825,0.0012204951667751374,447.1959000277253,0.001169370343531373
02071,San Pedro,02,1155.0,1155.387092720649,0.00033514521268318553,1149.457979345576,-0.0024020280097231117,1143.5887104776111,-0.0033042072098736774,1137.7785329966289,-0.0037486158146227133,1132.0267051202304,-0.0040100926932991054,1126.3324962070676,-0.004180166702350552,1120.6951865639885,-0.00429804384824517,1115.1140672569477,-0.0043833203136312004,1109.588439925576,-0.004446880134601705,1104.1176166013433,-0.004495252472877742
02072,Socovos,02,1643.0,1620.8917365281427,-0.013456033762542452,1604.3504066199253,-0.01183189380624372,1591.2389656649239,-0.010613575136426023,1580.8270047151746,-0.009597573526947234,1572.546510008884,-0.008727205472826571,1565.9533543562786,-0.0079728846712398,1560.6987382719124,-0.007314575738454954,1556.5077433334832,-0.006737097478482945,1553.163051869067,-0.006228335100990745,1550.4924742365358,-0.005778363989988877
02073,Tarazona de la Mancha,02,6100.0,6088.028843231151,-0.0019624847162047487,6077.944087036187,-0.0018094988614100194,6069.888311220327,-0.0016481624212882906,6063.451378842963,-0.0015012716522544434,6058.306748132122,-0.0013707445984626476,6054.194186572115,-0.0012554588092242858,6050.906147461392,-0.0011537245063936163,6048.27700195033,-0.0010638503050742765,6046.174508075576,-0.0009842943581216401,6044.493039211539,-0.0009136978347407121
02074,Tobarra,02,8006.0,8068.61670787282,0.00782122256717721,8121.3628903475765,0.007179007986093389,8163.807993329874,0.006527701645641981,8197.923739954573,0.0059399869698189,8225.318956452791,0.005419797093486389,8247.301029046672,0.0049613901811709216,8264.928977318223,0.00455747921623062,8279.05846047257,0.0042010483740464455,8290.379436870542,0.003885805570298606,8299.447362980387,0.003606253866644815
02075,Valdeganga,02,1970.0,1970.7448425203304,0.00037809264991395253,1971.5510574951802,0.00039359195770583,1972.2943471918134,0.0003880638018640692,1972.9796018281604,0.0003779077839956013,1973.6113347637622,0.000366364426786836,1974.1937110607607,0.0003544835950142211,1974.7305739534806,0.000342691283242047,1975.2254693684733,0.0003311811774802109,1975.6816686290751,0.00032004506194471816,1976.1021894708028,0.00030932488686152837
02076,Vianos,02,317.0,310.20420759851993,-0.02143783091949547,305.51570369188977,-0.01828113192392966,300.9674404843576,-0.017151111403743924,296.5542134968048,-0.016529790426593305,292.2710484884572,-0.016112808005051105,288.1131897572566,-0.015798597130396996,284.07608910596866,-0.015543596336235699,280.15539543233075,-0.015326010401183754,276.3469449043803,-0.015133722242030356,272.64675168473616,-0.01495945541712318
02077,Villa de Ves,02,51.0,50.49911701143936,-0.00982123506981647,50.00562092570344,-0.009796803129668574,49.519378915763674,-0.009772451708508711,49.04026088482415,-0.009748180748835544,48.56813945053975,-0.00972399000077706,48.102889881104005,-0.009699879183371118,47.64439003300146,-0.009675848007601906,47.19252029037763,-0.009651896182155784,46.74716350598065,-0.009628023415336084,46.3082049436299,-0.00960422941582717
02078,Villalgordo del Júcar,02,1159.0,1185.4346091094471,0.02280811829978191,1208.7765892547648,0.02124819551252477,1227.7806670446403,0.01940271254028314,1243.198824498617,0.01768714496937318,1255.6726386489063,0.016151819200161954,1265.74174349349,0.014791788950831108,1273.8551313804305,0.013590128238689658,1280.3832705500292,0.012528064216236645,1285.6298611432046,0.011587869402656548,1289.8426085354297,0.010753673304402689
02079,Villamalea,02,4083.0,4020.350946534258,-0.015343877900010239,4019.9775621581402,-0.007747676463743081,4019.6788796252267,-0.005196449363027433,4019.4399495771995,-0.003914676457515531,4019.2488157642783,-0.003142449919427026,4019.095915257943,-0.002625718704744484,4018.973599040869,-0.0022553765118712432,4018.875748747451,-0.0019767702748189064,4018.7974702280176,-0.0017594826496838412,4018.734848510251,-0.0015852295482280399
02080,Villapalacios,02,539.0,533.9006740762806,-0.009460715999479508,526.4415970182438,-0.011718384743369059,519.1232475667692,-0.012446640012169663,511.94246679450544,-0.012793291558659048,504.8961767533562,-0.01298747599882799,497.98137816233003,-0.013105512973598521,491.19514816770936,-0.01318009623288452,484.5346381730907,-0.013227567710940358,477.9970717369317,-0.013257004206992606,471.5797425353364,-0.013273850794933817
02081,Villarrobledo,02,25400.0,25493.339669407425,0.0036747901341505074,25589.37000642199,0.003720833730105344,25669.408480738217,0.003523117433463341,25736.07933300076,0.00329158001038099,25791.588274496586,0.003064531880369703,25837.785429804197,0.0028521927902018795,25876.220037582036,0.002657127874788223,25908.18757464718,0.002479301810378143,25934.770074232158,0.002317722695988511,25956.870432893284,0.002171069076049026
02082,Villatoya,02,114.0,111.92558582199561,-0.01819661559652974,111.02802527441204,-0.013121057947443893,110.19550263232883,-0.011250357191329052,109.42291286373364,-0.01019223828246485,108.7056009154959,-0.009465939093968423,108.03931605772344,-0.008910604800400734,107.42017156050032,-0.008456960835923955,106.84460900009007,-0.008070125501851821,106.30936659386379,-0.007730525948549838,105.81145104928628,-0.007426258246349793
02083,Villavaliente,02,190.0,189.97053210880378,-0.00015509416419068334,185.8021063989204,-0.011108791043113464,181.87751283211244,-0.014458003961868582,178.17944848941545,-0.01592997715038902,174.6920795150118,-0.01665950838738406,171.40089664952774,-0.017023244672625504,168.29258674697897,-0.017182106058896807,165.35491832520793,-0.017216312079017193,162.57663945846778,-0.017170276306347376,159.9473865426497,-0.01707053329920849
02084,Villaverde de Guadalimar,02,325.0,319.5685099529047,-0.016712277067985504,316.7572551811571,-0.012762587697511263,314.11518500460903,-0.011290917834432701,311.63100492917,-0.01044639614201559,309.2942872120767,-0.009857487875663207,307.09539329573045,-0.009400000444553247,305.02540423550414,-0.009020514061106932,303.0760581959643,-0.008692176583089073,301.23969420778855,-0.008399955798741976,299.50920147921636,-0.008134736735745496
02085,Viveros,02,293.0,289.1425343718785,-0.013165411700073237,285.31214302963394,-0.013206414539536082,281.68169580174276,-0.01304579416811158,278.23896823980715,-0.01283992236537046,274.972625375049,-0.012619904718794484,271.8721458742985,-0.012395979817245828,268.92775356199303,-0.012172429196808165,266.13035551278875,-0.011951304242105554,263.47148601335215,-0.011733668277902898,260.9432557738423,-0.011520093276974008
02086,Yeste,02,2471.0,2441.7682047216626,-0.011829945478890047,2414.1254963975343,-0.011575393000461953,2387.972311244686,-0.011328123587533545,2363.216451958421,-0.011087904116999892,2339.7724485102585,-0.010854509336948315,2317.560982271585,-0.010627721601382811,2296.5083665519164,-0.01040733060833332,2276.546077386452,-0.010193133146246258,2257.6103291459626,-0.00998493284893709,2239.641690184598,-0.009782539958936187
02901,Pozo Cañada,02,2704.0,2703.001043114917,-0.00036943671785605314,2702.202143664468,-0.0003324991268605082,2701.5631941159168,-0.00030048548515604345,2701.052143258476,-0.0002726574193802067,2700.6433721792296,-0.00024839465768244917,2700.316399857271,-0.00022717534239868886,2700.0548505027145,-0.00020855973064870525,2699.8456292592014,-0.0001921766758706811,2699.678263937155,-0.00017771240455599635,2699.5443791496155,-0.00016490118962031453
13001,Abenójar,13,1309.0,1294.0461663011824,-0.011423860732480917,1279.4134419897189,-0.011365796938272,1265.0181083920272,-0.011327702880150392,1250.8555109858653,-0.011294671043304172,1236.9211006411488,-0.01126371957808836,1223.2104309409758,-0.011233854296792023,1209.7191555777042,-0.011204648922183202,1196.4430258217765,-0.011175890145626921,1183.3778880610948,-0.011147459312328523,1170.5196814087956,-0.011119285095213205
13002,Agudo,13,1605.0,1593.102091277684,-0.007413027241318426,1581.5776690686446,-0.007323493078034926,1570.4130195555836,-0.007235398236261514,1559.5950302222584,-0.007148716749580952,1549.1111585989154,-0.007063423171225769,1538.9494030436547,-0.0069794925440139766,1529.0982752407956,-0.006896900387904692,1519.5467743034264,-0.006815622689921197,1510.2843623754836,-0.006735635894742686,1501.3009416362142,-0.006656916895622533
13003,Alamillo,13,450.0,446.71138961071125,-0.00730802308730838,442.9581300005487,-0.007855151703533125,439.4196285219189,-0.007899550790375964,436.08223962133457,-0.007823420048200136,432.9333156129305,-0.007702953442613847,429.9611215033967,-0.0075633847738306725,427.1547581941734,-0.007415398371995674,424.5040931349306,-0.0072642288651083575,421.9996976149351,-0.007112693681740279,419.6327899766399,-0.006962405711309461
13004,Albaladejo,13,984.0,958.6670635110836,-0.02574485415540284,934.1081292432257,-0.0256813255858116,910.2964514440822,-0.025618004698103714,887.2063047701705,-0.025554890707546907,864.8129418561732,-0.025491982857462014,843.092552897078,-0.02542928039820158,822.0222270262268,-0.02536678258413705,801.579915404189,-0.025304488672897696,781.74439593764,-0.025242397925110183,762.4952395514779,-0.02518050960428797
13005,Alcázar de San Juan,13,31914.0,32315.27163699555,0.012573530018034296,32685.973854381627,0.012022327521145515,33016.16824600139,0.01138182002951682,33309.90675331373,0.010759993763800768,33570.92115258295,0.01017450491905425,33802.62772273481,0.009628350121883456,34008.1380075425,0.009120636699868179,34190.27370609391,0.008649243423024533,34351.584163916246,0.0082116825211338,34494.36529901573,0.00780542484078639
13006,Alcoba,13,558.0,550.6124507881609,-0.013239335505087935,543.4316747479596,-0.013140389807487218,536.3889908061252,-0.013080146660696679,529.4811727664543,-0.01302970736548592,522.7050818147181,-0.012983291276416287,516.0576638548466,-0.012938970948335737,509.53594693475765,-0.012895919876255046,503.1370387585575,-0.012853724415187173,496.8581242819474,-0.01281215441709671,490.69646338781075,-0.012771071484860785
13007,Alcolea de Calatrava,13,1360.0,1356.0162166694163,-0.002929252448958586,1352.5726798295111,-0.0027343708074772932,1349.595039629486,-0.002556766870516647,1347.0194477669281,-0.00239471922068879,1344.791007953192,-0.002246689045444894,1342.8624710585389,-0.0021113000183116126,1341.1931325021765,-0.0019873204533991107,1339.7478977014514,-0.0018736474680629556,1338.496487812584,-0.0017692929243795508,1337.4127630727337,-0.0016733709467623425
13008,Alcubillas,13,417.0,408.73922733294444,-0.01981000639581665,401.18147249521877,-0.019150428820250642,393.80021034417365,-0.01889995356648022,386.59064825402885,-0.018751914783780577,379.54813995633464,-0.018644948144977525,372.66818061615976,-0.018558594240988935,365.9464020882181,-0.01848408339634866,359.3785683458699,-0.018417030158614622,352.96057107622175,-0.018354997789450378,346.68842543483254,-0.018296523969591583
13009,Aldea del Rey,13,1565.0,1545.1850922108258,-0.01266128293237967,1525.7182680224787,-0.01262983042247423,1506.5921971584664,-0.012598481782544302,1487.799726677094,-0.012567236610350752,1469.3338760613096,-0.012536094520350316,1451.187832571264,-0.012505055131018072,1433.3549467344928,-0.012474118063032225,1415.82872796931,-0.012443282938815248,1398.6028403371313,-0.012412549382377014,1381.6710984196143,-0.012381917019249178
13010,Alhambra,13,946.0,939.6623353158913,-0.006699434126964832,931.0078513888511,-0.007955614511672926,922.5514820831468,-0.008331561073543825,914.2876389554598,-0.008488106778335447,906.2109236013198,-0.00855727283625185,898.3161201379527,-0.008583042857337575,890.5981880231654,-0.008584258844221981,883.0522551936235,-0.008570337348948853,875.6736115067666,-0.00854650664317802,868.4577024714717,-0.008515901167898687
13011,Almadén,13,4855.0,4786.7820815856485,-0.014051064554964299,4719.856632792133,-0.014016184197668369,4654.194531820557,-0.013981418902771936,4589.767406314994,-0.013946768229637807,4526.54761157241,-0.01391223175275258,4464.508209757743,-0.01387780905048508,4403.622949769334,-0.013843499703476092,4343.8662477326325,-0.013809303294231134,4285.213168101094,-0.013775219406979566,4227.6394053436625,-0.013741247627615083
13012,Almadenejos,13,384.0,379.3214887024082,-0.012183623170812008,374.32310422535284,-0.01268052253241947,369.46662949429486,-0.012778364085294092,364.7470716366325,-0.012777267065597009,360.1596482323601,-0.012737216619434721,355.69977707532405,-0.012678195924278657,351.36306649418475,-0.012608761604767205,347.1453061993211,-0.012533185957800286,343.0424586241304,-0.012453837371654397,339.0506507312389,-0.01237213240583257
13013,Almagro,13,9190.0,9292.280266415679,0.01112951756427405,9380.01992895114,0.0102855115768965,9450.807773116356,0.0093717356310008,9507.822487987429,0.008535961117549729,9553.681809977,0.007792338198630677,9590.52847642421,0.0071353458032414885,9620.108102738079,0.006555618261268492,9643.837476674678,0.006043585657184103,9662.863111865618,0.005590463793962108,9678.110641170004,0.005188490254506073
13014,Almedina,13,475.0,471.9492482200894,-0.006422635326127635,468.4422893944393,-0.006926843851885467,465.44146795021874,-0.006753245449859335,462.87126814658035,-0.006445594253549958,460.6680722068978,-0.006108673178535362,458.77812742207874,-0.005774611359514847,457.15589900631517,-0.005455114476605627,455.76272662723676,-0.0051544781369434745,454.56572194505134,-0.004873894744028107,453.5368589007667,-0.004613152699456169
13015,Almodóvar del Campo,13,5637.0,5579.871396922261,-0.010134575674603408,5523.603085515102,-0.010109367751559795,5468.179295216756,-0.010084243206752608,5413.584591041046,-0.010059201738554346,5359.803865684045,-0.010034243040859092,5306.822331682507,-0.010009366807813835,5254.62551377961,-0.009984572734493158,5203.199241492206,-0.00995986051706299,5152.529641873714,-0.009935229852832794,5102.6031324670475,-0.009910680440272768
13016,Almuradiel,13,744.0,736.7501453074179,-0.009744428350244694,729.6066577506083,-0.00972018606867997,722.5676329891696,-0.009696024000034442,715.6312063447253,-0.009671941850311727,708.7955518776946,-0.009647939324157973,702.0588814788504,-0.009624016126959178,695.4194439844587,-0.00960017196513463,688.8755243143157,-0.009576406546208616,682.4254426320506,-0.009552719578829638,676.0675535270498,-0.00952911077277696
13017,Anchuras,13,267.0,259.8332682676993,-0.026841691881276053,254.99754274572106,-0.02273495070388687,250.27532188441938,-0.021331547338458323,245.6635093937828,-0.02060620642907207,241.159103936362,-0.020152520002453822,236.75919592022507,-0.019834830089640265,232.46096440955537,-0.01959495109285403,228.2616741482513,-0.019403774786687755,224.15867269208607,-0.01924512370422815,220.14938764516756,-0.019109288453035278
13018,Arenas de San Juan,13,1013.0,1016.0160747816366,0.002977368984833806,1013.946520299584,0.00046707764163911314,1011.891497579663,-0.0003648920705803249,1009.8508838323388,-0.0007780834067844244,1007.8245575241037,-0.001023899624922442,1005.8123983623013,-0.0011860716803672178,1003.8142872801734,-0.001300467078151235,1001.8301064221018,-0.0013850139128046557,999.8597391290599,-0.001449669986840374,997.9030699242654,-0.0015004089571393209
13019,Argamasilla de Alba,13,6777.0,6772.870465387597,-0.0006093455234474909,6734.7990901602825,-0.0031184013783797093,6704.4961315740065,-0.0035789669775718735,6680.351963994549,-0.003584522897307041,6661.099247354055,-0.003444056199131351,6645.737031761387,-0.0032545133695754958,6633.472772263071,-0.003053337963003222,6623.677662332296,-0.0028563842921812688,6615.8519892358545,-0.0026704214333193033,6609.598108254933,-0.002498042157367708
13020,Argamasilla de Calatrava,13,5847.0,5864.086164565414,0.0029222104609909483,5877.794538947573,0.0026299041202344497,5888.784307860045,0.0023764418796765607,5897.590915474058,0.0021561308447646255,5904.645683148471,0.0019640734307639907,5910.295572880839,0.0017961333361935505,5914.819376828674,0.0016488222878294767,5918.440912908942,0.0015191960247780134,5921.339738236371,0.0014047658975802069,5923.659820743553,0.0013034248858914133
13021,Arroba de los Montes,13,388.0,383.5759479218027,-0.011402196077828108,376.8789559475022,-0.014435433201551273,370.35383191421903,-0.015395750951477827,363.99522573472126,-0.015839363764377,357.79798014476324,-0.016076730139559237,351.75712289035783,-0.016211226117500588,345.8678592641516,-0.016287127766881127,340.125564973941,-0.01632656319781689,334.5257793272355,-0.0163418212925468,329.0641987166317,-0.016340272874894257
13022,Ballesteros de Calatrava,13,363.0,357.01681265638535,-0.01648260976202387,351.3726298048143,-0.016146008216539887,345.85236777759945,-0.016000881399943045,340.4527659269338,-0.01590378723603536,335.17066206825575,-0.015826029855872004,330.00298915750545,-0.01575804241210721,324.94677209150655,-0.015695724064875738,319.99912462653197,-0.015637023854540133,315.1572464103098,-0.01558080191876976,310.4184201229482,-0.015526373959424244
13023,Bolaños de Calatrava,13,12153.0,12174.172154521546,0.0017421340016083864,12191.136432928606,0.0015677841478269894,12204.724874241685,0.0014167054634111054,12215.606531530333,0.0012854017307231125,12224.318842399394,0.0011709375140063205,12231.293164760502,0.001070844331953813,12236.875487456206,0.0009830430097448328,12241.343179939913,0.0009057793578364226,12244.918508331959,0.0008375708329242393,12247.779522888062,0.0007771622576309145
13024,Brazatortas,13,1007.0,1004.3361457007492,-0.002645336940666154,1001.8808272545908,-0.0025450324109791422,999.6172816751131,-0.0024497961118855605,997.5301573647803,-0.002359340237416352,995.6053860047168,-0.0022733944020887353,993.8300674635638,-0.002191704527714222,992.1923661239363,-0.002114031818952755,990.6814173467369,-0.0020401518066617275,989.287242955716,-0.001969853452976178,988.0006747639304,-0.0019029383137950662
13025,Cabezarados,13,279.0,288.8381099470774,0.03526204282106593,285.6630535115197,0.011870501708429737,282.53851351344167,0.004209866861943912,279.4635166983002,0.00041507903584903083,276.43711149724516,-0.0018439840853798906,273.45836748413024,-0.003338148088418369,270.52637484751864,-0.004396334024765913,267.6402438772322,-0.005182533679289336,264.79910446500696,-0.005787668728353679,262.00210561883574,-0.006266209047628091
13026,Cabezarrubias del Puerto,13,483.0,480.15063713876435,-0.005899301990135886,477.45728471262845,-0.005754356815706685,474.91067655044566,-0.005614153629358798,472.5021662821432,-0.005478518382207809,470.2236794470786,-0.005347283795436808,468.0676698555789,-0.005220289097517705,466.02707979954636,-0.0050973797639132234,464.0953037271964,-0.004978407266360785,462.26615503961983,-0.0048632288321461825,460.53383570434187,-0.0047517072131201266
13027,Calzada de Calatrava,13,3668.0,3621.4731890159774,-0.012684517716472943,3584.677023238671,-0.011423340238965962,3555.509459443374,-0.010329016690478587,3532.3463779981016,-0.009376812911201404,3513.924608519666,-0.0085458784896415,3499.256389273871,-0.007818619117790249,3487.565911566811,-0.007180171091099252,3478.241656054601,-0.006617961636870562,3470.800203769988,-0.006121341197366292,3464.8585063104883,-0.005681275936154084
13028,Campo de Criptana,13,12868.0,12817.028126583056,-0.003961134085867513,12776.396038418638,-0.003565727800369789,12743.983130998431,-0.0032229153727904025,12718.112020318122,-0.0029248364463730914,12697.452951315832,-0.0026648810915664845,12680.94986064629,-0.002437483339302715,12667.762832975064,-0.002237949565168873,12657.223085100442,-0.002062315784644553,12648.797600982965,-0.0019072289260260167,12642.061252030731,-0.0017698479903079933
13029,Cañada de Calatrava,13,99.0,101.13767705289693,0.021592697504009495,100.86536171494498,0.009377054189710021,100.64803745408912,0.00551843847568656,100.47451523121194,0.0037029052310035837,100.3359128735591,0.0026843635328592796,100.22516866328701,0.0020520177190939126,100.13666130873654,0.001632189999475564,100.06591170326986,0.001339550868336259,100.00934801105497,0.0011277255820596466,99.96412007902659,0.0009696170009139138
13030,Caracuel de Calatrava,13,140.0,139.00977484443092,-0.007073036825493428,138.03911051073135,-0.007027872241509581,137.08753448652664,-0.00698309176248002,136.15458815347455,-0.006938691542412889,135.23982621029003,-0.006894667923136977,134.34281622037864,-0.006851017308176277,133.4631381769128,-0.006807736144408327,132.60038408460431,-0.0067648209171959905,131.75415755745905,-0.006722268148520505,130.92407343183586,-0.006680074396013036
13031,Carrión de Calatrava,13,3239.0,3259.5082300668946,0.0063316548523910665,3279.6733322272075,0.006259098509673322,3299.498221327653,0.006187652443312652,3318.985922460574,0.006117297466575522,3338.1395633559628,0.006048014761471876,3356.9623668179543,0.0059797858603318765,3375.457643425977,0.005912592637393965,3393.628784497835,0.00584641730176072,3411.4792553117422,0.005781242390766161,3429.012588583714,0.005717050763554665
13032,Carrizosa,13,1097.0,1079.35425357691,-0.01608545708577036,1062.078458242756,-0.016045567750867407,1045.1634896578835,-0.016005809810841765,1028.6004786439855,-0.01596618275329298,1012.3808031549238,-0.015926686091512487,996.496080647107,-0.01588731934461851,980.9381607068733,-0.015848082034710997,965.6991179255159,-0.015808973686156524,950.7712450130037,-0.015769993825343276,936.1470461417316,-0.015731141980580676
13033,Castellar de Santiago,13,1714.0,1679.5382994119793,-0.020106009677958392,1646.1487867704195,-0.019993098049445823,1613.790690112962,-0.019881027550678332,1582.42504363592,-0.01976979124701206,1552.0145976420495,-0.01965938222970154,1522.5237331838048,-0.019549793644247804,1493.9183814036576,-0.019441018694001277,1466.1659472895892,-0.019333050640674698,1439.2352375821474,-0.01922588280417281,1413.0963925863925,-0.019119508562221443
13034,Ciudad Real,13,76217.0,76079.5560071541,-0.0018033246237177947,76094.49549800759,-0.0008039792128601286,76106.57603037181,-0.00048317016057386475,76116.34438870996,-0.0003303249229391625,76124.2428983644,-0.00024352123354642874,76130.62934182206,-0.0001889593059348771,76135.79309155846,-0.0001522795147321787,76139.96817337755,-0.0001263922580858612,76143.343841128,-0.00010742399886787268,76146.07313483914,-9.309810729729584e-05
13035,Corral de Calatrava,13,1154.0,1151.5370578449374,-0.002134265299014393,1149.2215525257143,-0.002072532215813827,1147.0443962252207,-0.0020131789318936777,1144.9970910165741,-0.0019561022533723937,1143.071686951578,-0.0019012038174871515,1141.2607438475839,-0.0018483898026037116,1139.557296048771,-0.0017975707026149923,1137.9548198984776,-0.0017486611186099399,1136.4472036856384,-0.001701579562111144,1135.0287198518631,-0.0016562482683464275
13036,"Cortijos, Los",13,848.0,840.6733893394594,-0.008639871061958293,833.4462397666417,-0.008618364657371425,826.3168924000365,-0.008596929525086394,819.2837208609482,-0.008575565364334348,812.3451304321686,-0.008554271904635424,805.4995573593451,-0.008533048881418481,798.7454681694644,-0.008511896032533217,792.0813590059803,-0.008490813097376648,785.5057549801577,-0.00846979981659779,779.017209538182,-0.00844885593197875
13037,Cózar,13,903.0,895.8630051248696,-0.007903648809668207,890.9651901554051,-0.006686145094577434,886.5557570801209,-0.006107451276344156,882.5840373481917,-0.0057008239517017945,879.0049737033856,-0.005371918837945522,875.7784362508668,-0.005088579279241667,872.868632513703,-0.004836478833852076,870.2435968431015,-0.004608023405187622,867.8747470916371,-0.004398647460588934,865.7364985202735,-0.004205329272411351
13038,Chillón,13,1752.0,1738.6451015232713,-0.0076226589479045925,1725.8090098049565,-0.007502743236438736,1713.4686356656343,-0.007385338234824901,1701.6021019392563,-0.007270385032309035,1690.1886686438104,-0.007157826171640735,1679.2086633731712,-0.007047605621466668,1668.643416590876,-0.006939668741210769,1658.4752014389494,-0.006833962245835323,1648.6871777084605,-0.006730434171281607,1639.2633396489116,-0.006629033840734877
13039,Daimiel,13,17722.0,17773.43946064032,0.002902576494770326,17825.970406489138,0.0029290813755888934,17871.951704050574,0.0028125258749469584,17912.18584052549,0.0026721761186632165,17947.380356222304,0.0025306682489949495,17978.15826238621,0.0023946602299524944,18005.06751838896,0.002266341628371249,18028.589599625877,0.002146300428510939,18049.147203463905,0.0020344702532935077,18067.111150128258,0.0019305026510214596
13040,Fernán Caballero,13,965.0,960.8505353913362,-0.004299963325040235,957.1665591820682,-0.004067048065856338,953.9984994111895,-0.0038147063959982352,951.2727697486325,-0.003575406903499112,948.9266190633815,-0.0033536898181698582,946.906450683681,-0.0031496623651144917,945.1664233670547,-0.002962329327626856,943.6672817784299,-0.0027904061920502876,942.3753750707224,-0.0026325752136814318,941.2618304869383,-0.0024875761810544406
13041,Fontanarejo,13,223.0,219.00777631619107,-0.01790234835788762,215.10645084103936,-0.017857994702556668,211.29361049685352,-0.017813786774833917,207.56691429640836,-0.017769724134171994,203.92409104713352,-0.017725806266827404,200.36293705529275,-0.01768203264856083,196.8813139122908,-0.017638402753587856,193.47714635994944,-0.01759491605680996,190.148420231717,-0.017551572034554153,186.89318046690678,-0.01750837016486284
13042,Fuencaliente,13,1007.0,989.1280073222737,-0.01774775836914233,984.0847084975192,-0.011443476328206748,979.3306675079261,-0.009244189565631,974.8481194246791,-0.008079486275010761,970.6205104257231,-0.0073320532375446,966.6324033023786,-0.006795573432007318,962.8693914753322,-0.006381425497957949,959.3180206488979,-0.006045185872452841,955.9657173314107,-0.005762095175770754,952.8007235363773,-0.005517235372777041
13043,Fuenllana,13,189.0,185.16658081137146,-0.020282641209674823,181.42950094290143,-0.020232451326672618,177.78596699041825,-0.020182426010734167,174.23327607313584,-0.020132564791195295,170.76881270817847,-0.020082867094654677,167.39004570823522,-0.020033332332495712,164.09452519851556,-0.019983959913381644,160.87987974808334,-0.019934749246373507,157.74381361086512,-0.01988569974196286,154.68410407183123,-0.0198368108124809
13044,Fuente el Fresno,13,3011.0,2988.8910889493577,-0.007342713733192396,2970.1927800684925,-0.00679947309796014,2954.3629114139617,-0.006309748965878548,2940.9498793331627,-0.005867625877200244,2929.576339573821,-0.005467882598539364,2919.926146581371,-0.005105907944892518,2911.7338121833923,-0.00477762694367001,2904.7759420365546,-0.004479436084310673,2898.8642378322975,-0.00420814653779733,2893.8397488775804,-0.003960934363108293
13045,Granátula de Calatrava,13,683.0,676.0856881638367,-0.010123443391161446,669.5091692560396,-0.009925414129231536,663.2514866362122,-0.009732537669733143,657.2949387555462,-0.009544663859375357,651.622981465453,-0.009361647196064582,646.220139115733,-0.00918334666066678,641.0719234845865,-0.009009625572416247,636.1647597693086,-0.008840351451165684,631.4859189498444,-0.008675395884486514,627.02345591094,-0.008514634399121701
13046,Guadalmez,13,709.0,702.6036816447651,-0.009021605578610647,696.5349983507791,-0.008829531547255076,690.7749831285716,-0.008642898627334472,685.3059508277825,-0.008461534098637591,680.1113964129408,-0.008285271077751122,675.1759026279803,-0.008113948287697959,670.4850559743142,-0.007947409860412091,666.0253701631742,-0.007785505149136562,661.7842162960333,-0.007628088548000012,657.7497591088552,-0.007475019318049836
13047,Herencia,13,8661.0,8758.649292913795,0.01127459795794894,8862.165002537946,0.011546604475529021,8951.005480932352,0.01103904582704951,9027.12625704128,0.010404727483983134,9092.257712252349,0.009765991311012856,9147.92049731425,0.00915774388893209,9195.443425605861,0.00859067446492956,9235.982272538486,0.008066961844705789,9270.538427603558,0.007585432658934854,9299.976726373055,0.0071435652227473945
13048,Hinojosas de Calatrava,13,506.0,503.7404990023739,-0.004465416991355942,501.6896104328111,-0.004268387795634432,499.82736940304505,-0.0040829392708685575,498.13584025986086,-0.003908307072798434,496.59889075294666,-0.003743780493550286,495.2019944657278,-0.0035886985618731604,493.93205749167583,-0.003442446433670976,492.77726598374085,-0.0033044520496990915,491.72695173117665,-0.0031741830404271587,490.771473354235,-0.0030511438596712015
13049,Horcajo de los Montes,13,798.0,784.0520930152336,-0.017478580181411574,774.8706009385425,-0.014598665187730453,765.8417314762067,-0.013617454040095511,756.9624259571226,-0.013112023696356445,748.2296963714358,-0.012797128576429229,739.6406235403336,-0.012577594674607395,731.1923553380142,-0.012412610406152269,722.882104964232,-0.012281762409936059,714.7071492658566,-0.01217370685317365,706.6648271059217,-0.012081635982463035
13050,"Labores, Las",13,550.0,545.2072105433584,-0.008714162648439272,540.4798381820085,-0.008692472097392434,535.8167863697586,-0.008670853445830295,531.2169801767571,-0.00864930637464767,526.6793656949571,-0.008627830607928932,522.2029095722756,-0.008606425877823343,517.7865985582021,-0.008585091919524501,513.429439060559,-0.008563828470011248,509.1304567131117,-0.008542635267625776,504.88869595373166,-0.008521512051902103
13051,Luciana,13,350.0,347.47165561423054,-0.007223841102198425,344.67599696843274,-0.007634864192140878,341.91664157751654,-0.007758474853863384,339.19300828801653,-0.007810305599420753,336.5045268715321,-0.007833467750532619,333.8506377914179,-0.007842329503764622,331.2307919750135,-0.007843048008757125,328.64445059126774,-0.007838701551779459,326.091084833621,-0.007831000118460607,323.5701757080024,-0.007820969574301895
13052,Malagón,13,7827.0,7834.878900271389,0.0010066309277358965,7853.893728012543,0.0017165367171547707,7869.138811364254,0.001791380894008876,7881.3561815432095,0.0017316722396023554,7891.143733444738,0.001633690903019236,7898.982525685261,0.001526941613076982,7905.259165593917,0.0014222905432590416,7910.284068333687,0.001323925475334331,7914.306290130813,0.0012332876197969078,7917.525540076728,0.0011506044758249345
13053,Manzanares,13,17728.0,17727.689665597405,-1.750532505606639e-05,17725.325309652337,-7.543973489487765e-05,17723.27845746603,-8.878538212142573e-05,17721.50644262513,-9.158463318004184e-05,17719.972339669468,-9.058116845639397e-05,17718.644189768627,-8.797634784540875e-05,17717.494331300088,-8.467910192933026e-05,17716.49882100228,-8.111775665253784e-05,17715.63693336034,-7.75101546058865e-05,17714.890727586357,-7.39713261599384e-05
13054,Membrilla,13,5793.0,5762.756580987286,-0.005220683413208027,5733.179730056568,-0.005176549544697928,5703.949786655798,-0.005150494556910745,5675.061697043911,-0.005129015719229857,5646.510496229246,-0.005109412129186475,5618.291306159668,-0.00509078323136114,5590.399333954306,-0.005072742861583324,5562.829870176004,-0.005055097754697924,5535.578287143337,-0.00503774037983451,5508.64003728111,-0.005020606074336409
13055,Mestanza,13,634.0,625.6692274347305,-0.013140019819037119,617.4887578010839,-0.013107386170109425,609.4553495985897,-0.013074860117293197,601.5658412246161,-0.013042441345484823,593.8171489753836,-0.013010129475418353,586.2062649028195,-0.012977924118413475,578.7302547361234,-0.012945824884192159,571.3862558659288,-0.012913831382827978,564.1714753890109,-0.012881943225392267,557.0831882115791,-0.012850160024208135
13056,Miguelturra,13,15924.0,16005.607538611252,0.005124814029844993,16083.58975060201,0.004998489421945473,16156.72456373712,0.004848027013331313,16225.29184910009,0.0046969575127042695,16289.558103255597,0.0045496966311318054,16349.776707812864,0.00440749038942112,16406.188244671946,0.004270692169203061,16459.020855321556,0.004139331217241304,16508.490634094578,0.004013301512307388,16554.80204666575,0.0038924367786210556
13057,Montiel,13,1167.0,1142.986753353142,-0.020576903724814133,1119.5342526362977,-0.02054775786021823,1096.6766405028725,-0.020504198049810074,1074.396523492218,-0.02045715976365836,1052.6770767437556,-0.02040882956987078,1031.502023605345,-0.020359935915301608,1010.8556160334995,-0.020310790645707177,990.7226157524606,-0.020261549383597477,971.0882761406243,-0.020212298320417266,951.9383248142019,-0.020163088933296436
13058,Moral de Calatrava,13,5184.0,5193.643737088617,0.0018602887902423593,5201.371643212707,0.001674104398333931,5207.562246408013,0.001512772505795068,5212.5200334843275,0.0013725589534641092,5216.4896613240735,0.0012503286010243642,5219.667540114053,0.001143445099265561,5222.211236980395,0.0010496879321078012,5224.247086969423,0.0009671836995519545,5225.876338384449,0.0008943491366080192,5227.180105343644,0.0008298438120306617
13059,Navalpino,13,193.0,189.71885963575963,-0.017000727275856886,186.38606734021891,-0.017283907295073453,183.1280495244019,-0.017349256844715444,179.94284700420656,-0.017360269752296542,176.82855848870733,-0.01734963566312242,173.7833386916718,-0.01732824956916612,170.80539651010034,-0.017300780159725804,167.89299326722926,-0.017269561423641666,165.04444101753987,-0.017235889754148692,162.25810091141827,-0.017200542764926885
13060,Navas de Estena,13,269.0,266.8635184642905,-0.007942310541670938,263.695951208043,-0.009907910092045391,260.6481847617631,-0.010458206222113242,257.7147751635083,-0.010657286602307359,254.89057581037252,-0.010717561451296653,252.17071845301197,-0.010709749068589125,249.55059556923493,-0.010664116102045096,247.02584400552783,-0.010595767255849431,244.59232978518514,-0.010513071162608911,242.24613399057827,-0.010421029635418022
13061,Pedro Muñoz,13,7585.0,7620.453613740364,0.004674174520812535,7643.9109400363695,0.0038758731173269556,7662.7287790822475,0.003404296497276693,7677.81639949798,0.0030452701804755122,7689.907882027582,0.002751015460388473,7699.594777130988,0.002502306944990984,7707.353078260789,0.002288644331348788,7713.565347354309,0.0021031960517938764,7718.538767622157,0.0019410430025983416,7722.519812544328,0.0017984250868812168
13062,Picón,13,690.0,690.699934244605,0.001014397455949112,691.3906544735886,0.0010072133936249728,692.072272277157,0.0010000971906121148,692.7448981579845,0.0009930481217201859,693.4086415440216,0.0009860654730131646,694.0636107910253,0.0009791485391581478,694.7099131853579,0.0009722966229617214,695.3476549470599,0.0009655090351854412,695.9769412331756,0.0009587850944221543,696.5978761413234,0.0009521241269905278
13063,Piedrabuena,13,4305.0,4276.346324493877,-0.006655906040911375,4253.560760384381,-0.005992313914841008,4235.419753835791,-0.005416842133724176,4220.962670538149,-0.004916353692956066,4209.432542173317,-0.004479793128564502,4200.231120806179,-0.0040978450482953566,4192.884467498682,-0.003762649674250329,4187.0163979912295,-0.0034675658647881358,4182.327855967433,-0.0032069736409173766,4178.580802732179,-0.002976109566646512
13064,Poblete,13,2998.0,3052.6657449274812,0.01823407102317587,3104.1162802381045,0.01754395017597532,3152.4775671503694,0.01688878765947388,3197.880262815653,0.016266576503974006,3240.457805506442,0.015675434235895125,3280.3447793694068,0.015113594649156292,3317.675534321574,0.014579400164620004,3352.583036146643,0.01407129472448898,3385.1979222804594,0.013587817180591433,3415.6477397342396,0.013127595139614368
13065,Porzuna,13,3529.0,3535.623962039225,0.0018770082287404843,3542.1016143713773,0.0018545589074114854,3547.292279989982,0.0017248290528817378,3551.450288632835,0.0015866342184920335,3554.780204458264,0.001456797999579651,3557.446384962395,0.0013389681497706363,3559.580769082683,0.0012333645038629104,3561.2891983598224,0.0011391569703085302,3562.6565321372364,0.0010552162139390031,3563.750777134295,0.0009803837240580648
13066,Pozuelo de Calatrava,13,4055.0,4127.28997160779,0.01782736661104556,4200.497547325717,0.01778240443051704,4274.627839892562,0.01773759398574093,4349.685897299746,0.017692934781148306,4425.676700313016,0.017648426254560423,4502.605161384751,0.017604067834697146,4580.476123582311,0.0175598589493835,4659.294359532845,0.017515799027594703,4739.064570384631,0.017471887500128735,4819.791384785523,0.017428123799871686
13067,"Pozuelos de Calatrava, Los",13,326.0,319.97951383253286,-0.018467748979960508,314.14071428677147,-0.018357589055181145,308.4768550612448,-0.018248301039680337,302.9814834721069,-0.0181398773772673,297.6484261248903,-0.018032310472385626,292.47177519822833,-0.017925592781534938,287.4458754753998,-0.01781971682576977,282.56531207911223,-0.017714675193338025,277.824898867813,-0.01761046054013271,273.2196674544971,-0.017507065589492332
13068,Puebla de Don Rodrigo,13,1148.0,1143.9862538575312,-0.003496294549188872,1140.17116522911,-0.003415604418448459,1136.5443277758825,-0.0033373953359590036,1133.095932186377,-0.0032615815704551965,1129.8167271767,-0.003188080577414043,1126.6979836209111,-0.003116812846343686,1123.7314613356907,-0.003047701780932499,1120.9093782947045,-0.00298067358718912,1118.2243820693147,-0.0029156571666557607,1115.6695233113294,-0.0028525840139826952
13069,Puebla del Príncipe,13,648.0,637.4054229123316,-0.016349655999488344,628.8768234369154,-0.014866036999551913,620.697257023061,-0.014246623286628513,612.8495108498628,-0.01384607072465971,605.3173921046576,-0.013535117440677036,598.0856573895699,-0.013270610729709698,591.1399476649316,-0.013034013134157973,584.4667282479211,-0.012816021367654473,578.0532334305676,-0.012611437771682277,571.8874153223691,-0.012417118474870925
13070,Puerto Lápice,13,824.0,810.3896445156159,-0.016517421704349555,797.0704712653811,-0.016476470495466633,784.0351682938408,-0.016435653911883952,771.2766309951696,-0.016394971595808272,758.7879560378487,-0.0163544230815722,746.5624350534523,-0.016314007887111348,734.5935485411752,-0.016273725527026883,722.874959980158,-0.016233575515845144,711.4005101419598,-0.016193557369099998,700.1642115958523,-0.016153670603760606
13071,Puertollano,13,45565.0,45873.08477175808,0.006761434692375223,46129.283972332836,0.0061730238370296675,46342.108479680435,0.005652964787502768,46518.745723332984,0.00519230534772519,46665.24186422547,0.004783348670172494,46786.66691826672,0.004419468753217082,46887.26137789145,0.004094954105554827,46970.56444540697,0.003804875124172824,47039.52490198238,0.0035449714586208714,47096.59611569579,0.003311556242762581
13072,Retuerta del Bullaque,13,854.0,843.7404871816284,-0.012013481051957431,835.6216899989777,-0.010818656323341447,829.1829364280495,-0.009781972792455185,824.0676731930791,-0.008879972965038951,819.998192478786,-0.008092886400160704,816.7570819808827,-0.007404032833571272,814.1734197607092,-0.006799322729769686,812.1123757469106,-0.006266839611501762,810.4672977284152,-0.005796490887715944,809.1536349644205,-0.005379715970118437
13073,Saceruela,13,520.0,508.76931266606016,-0.021597475642192054,501.68495206617763,-0.01776848249843943,494.73392314725146,-0.016465838866438487,487.9132395277353,-0.015796704691226737,481.219991228802,-0.01538133683167453,474.65134249695785,-0.015092990444927734,468.20452969464,-0.014877305992957224,461.8768592564957,-0.014707090340787321,455.6657057091343,-0.014567230807634224,449.56850975221005,-0.01444865728021516
13074,San Carlos del Valle,13,1055.0,1045.387362451467,-0.009111504785339397,1034.9890017564687,-0.009529289098839211,1024.7452915538245,-0.009652011176432662,1014.6534286339952,-0.009701053813229388,1004.7106688494573,-0.009720677502321862,994.9143257113141,-0.009725633343144802,985.2617690227787,-0.009722242525896707,975.7504235484764,-0.0097136653197879,966.3777677185388,-0.009701657228082139,957.1413323665001,-0.009687271403034159
13075,San Lorenzo de Calatrava,13,189.0,185.81641200178396,-0.01684438094294205,182.74412229135837,-0.016689205823664843,179.77831259892875,-0.016535928703883762,176.9144136779739,-0.016384523770863968,174.1480905567776,-0.016234965512210486,171.4752287097523,-0.016087228769446016,168.8919211440344,-0.015941288741135762,166.3944563346198,-0.015797120979770707,163.9793069465971,-0.015654701387319947,161.643119287877,-0.01551400621043475
13076,Santa Cruz de los Cáñamos,13,463.0,459.21097883860836,-0.008183631018124471,452.945417644009,-0.010917678146097343,446.79603459489624,-0.011804725015103545,440.76026192189835,-0.012231072418246725,434.8355967510076,-0.012473361216631451,429.0195992751871,-0.012623718922945004,423.3098909824479,-0.01272160751711826,417.7041529385023,-0.012786750895995125,412.2001241221795,-0.012830103879168053,406.79559981184235,-0.012858237973213726
13077,Santa Cruz de Mudela,13,3881.0,3858.45915258443,-0.005807999849412604,3836.8092637472932,-0.005709514460981335,3816.0110664180047,-0.0056132527588956815,3796.0272965540694,-0.005519158370521526,3776.822572658138,-0.005427176473945194,3758.3632842904017,-0.005337253725661517,3740.6174882208848,-0.0052493382153978585,3723.5548116308714,-0.005163379425336179,3707.14636182356,-0.005079328191165966,3691.364641949296,-0.004997136664439461
13078,Socuéllamos,13,12172.0,12166.338476466215,-0.0004651268102024986,12172.46497896767,1.9100169533547984e-05,12177.368402146283,0.00014699345776136852,12181.292562824923,0.00019080479069821799,12184.432801832898,0.00020420186110925442,12186.945575889627,0.00020453958960797713,12188.95616823745,0.00019888800742373647,12190.564880941332,0.00019052440805356063,12191.852003973323,0.000181086177919898,12192.881800245517,0.00017142373434730906
13079,"Solana, La",13,15242.0,15240.883536878862,-7.324912223705127e-05,15239.990425743876,-6.592443571484807e-05,15239.275974517983,-5.9576341161160506e-05,15238.70443765266,-5.405835173177831e-05,15238.247223593642,-4.924742230272283e-05,15237.881462223428,-4.5040037929044985e-05,15237.588859448399,-4.134897717045227e-05,15237.35478127379,-3.810062829467942e-05,15237.167521323143,-3.523276154426824e-05,15237.017715019592,-3.269267814864918e-05
13080,Solana del Pino,13,333.0,332.3893555068048,-0.001833767246832374,331.86388951267645,-0.001707329088896814,331.41161383421684,-0.0015925108865981752,331.0222549005982,-0.0014881120401710746,330.68700152496126,-0.0013930641255397447,330.39829155835366,-0.0013064157575118918,330.1496309792979,-0.0012273192379310682,329.9354401623674,-0.0011550187680933188,329.7509229992574,-0.0010888400384749808,329.5919552934704,-0.0010281810319269225
13081,Terrinches,13,574.0,559.7653662795872,-0.024799013450196528,545.952282091061,-0.024737789130746868,532.5465845536371,-0.024676765092832453,519.5346372309573,-0.02461594059025296,506.9033087886959,-0.024555314894634916,494.6399526239829,-0.024494887282856093,482.73238737916233,-0.02443465703524006,471.16887829891556,-0.02437462343509722,459.93811939178516,-0.02431478576856505,449.0292163590482,-0.024255143324537487
13082,Tomelloso,13,37060.0,37320.726974268015,0.007035266440043486,37648.61318394518,0.00791006974190589,37944.34637021456,0.00789174230859957,38210.84646993143,0.007674598278730516,38450.8154663502,0.007395549661186829,38666.74356494752,0.007098688806326248,38860.91775097819,0.006801718711883842,39035.43196089593,0.006512555645141527,39192.19825982714,0.0062348543063761586,39332.95855108958,0.005970209738680676
13083,Torralba de Calatrava,13,3068.0,3075.0264714552463,0.002290244933261576,3075.9319570685557,0.0012918573821991686,3076.656537531351,0.0009396358790778603,3077.2363247931844,0.0007517858302503733,3077.700233268343,0.0006315507577936419,3078.0714104022286,0.0005463745254126184,3078.3683843396957,0.0004820915647438806,3078.6059841191177,0.00043146911431857227,3078.796077146544,0.00039038207059549634,3078.9481600195018,0.000356278318717429
13084,Torre de Juan Abad,13,928.0,913.9139637796201,-0.015178918340926661,900.1105729917045,-0.015141259805441565,886.5831242764273,-0.015103725357194175,873.3250949957991,-0.015066314546023252,860.3301378466231,-0.015029026918479405,847.5920756266568,-0.014991862022027957,835.1048961715161,-0.014954819405645026,822.8627474563231,-0.014917898619960512,810.8599328562915,-0.014881099217302296,799.0909065606885,-0.014844420751708332
13085,Torrenueva,13,2645.0,2629.343485704699,-0.00591928706816669,2613.9923203506205,-0.0058788455636923365,2599.118090322244,-0.005815979279676142,2584.7038573618333,-0.005748445559562221,2570.7333926352894,-0.005679776795802116,2557.191141677193,-0.005611135023875113,2544.0621913325167,-0.005543005375302057,2531.332238567305,-0.005475619427976364,2518.987561029665,-0.005409096315538431,2507.0149892506333,-0.0053434991653088515
13086,Valdemanco del Esteras,13,157.0,153.36503248854902,-0.023152659308604995,149.81681907843645,-0.023144199343288263,146.37679589979385,-0.023083312896407526,143.0410715457571,-0.02300964659689886,139.80591347042196,-0.022931127327059264,136.66774079930363,-0.022850395714000937,133.62311749487316,-0.022768582079887634,130.66874585824732,-0.02268625040069816,127.80146034919345,-0.022603712953416344,125.01822170761658,-0.022521156173328172
13087,Valdepeñas,13,30782.0,30911.611730100067,0.0042106338152188005,31015.693942377264,0.0037887738402579973,31099.211982703702,0.0034233052141687814,31166.18831005472,0.00310573674061021,31219.8732116421,0.002828944010503376,31262.88770670153,0.0025869394052406847,31297.34196965434,0.002374682142591844,31324.932717430896,0.0021879211809212595,31347.0228272778,0.0020230651265025212,31364.70613063073,0.001877074363255904
13088,Valenzuela de Calatrava,13,638.0,632.6921345682526,-0.008319538294274897,627.4546372838621,-0.008298826100693102,622.2863600451616,-0.008278182444575677,617.1861765778655,-0.008257607126139321,612.1529820992431,-0.008237099902735912,607.1856928526939,-0.008216660525402042,602.2832456535148,-0.008196288744078073,597.444597445575,-0.008175984308908646,592.668724868607,-0.008155746970674227,587.9546238358341,-0.008135576480961637
13089,Villahermosa,13,1712.0,1686.92912777903,-0.014644201063650608,1662.50165404646,-0.014562323255922993,1638.6971333532065,-0.014481053687138812,1615.4958885362669,-0.014400387251747526,1592.8789773928622,-0.014320318937173782,1570.8281613512593,-0.014240843782626245,1549.3258756305595,-0.014161956872883463,1528.3552008118247,-0.014083653336453339,1507.8998357472656,-0.014005928344707486,1487.9440717383584,-0.013928777111311796
13090,Villamanrique,13,1050.0,1032.1510302163665,-0.016999018841555746,1014.6590516932486,-0.01697306547909383,997.5487603344923,-0.016936409815062392,980.8104005867756,-0.016897182284300816,964.4344986637872,-0.016857008546414254,948.4118535495843,-0.01681643014837697,932.7335283148342,-0.01677567889391607,917.3908417342072,-0.016734870434650384,902.3753601936645,-0.01669406880022839,887.6788898768385,-0.01665331221031474
13091,Villamayor de Calatrava,13,611.0,621.9891501924983,0.017985515863335966,621.8137298308878,0.008810394554817247,621.639235674691,0.005770907346451359,621.4656625894304,0.004254951961710773,621.2930054715296,0.0033467559119089163,621.1212592481046,0.0027419804022030814,620.9504188767551,0.0023104190278717684,620.7804793453574,0.00198704216319312,620.6114356718601,0.00173575128341108,620.443282904081,0.0015349003377880255
13092,Villanueva de la Fuente,13,1831.0,1798.2142477331533,-0.017905926961685803,1759.5949020607047,-0.019692838387340594,1721.9918808689708,-0.02025230206142481,1685.3744732689015,-0.02050546580550361,1649.7130033075284,-0.020636282518911586,1614.9787917776782,-0.020706031098058464,1581.1441195514112,-0.020740964188398214,1548.1821923720663,-0.020754204722779557,1516.0671070427686,-0.020753041727131327,1484.7738189520296,-0.02074184782205657
13093,Villanueva de los Infantes,13,4733.0,4715.939035573782,-0.003604682955042793,4692.516192178368,-0.004285944412726339,4671.033908859602,-0.004383301829706809,4651.32401599917,-0.004342378797967283,4633.234027226459,-0.0042517620888039565,4616.625514004379,-0.004140607437015387,4601.372671666945,-0.004021119995437417,4587.361051266549,-0.0038991692405797584,4574.486435424669,-0.003777825222625375,4562.653839588699,-0.0036587717552982735
13094,Villanueva de San Carlos,13,261.0,256.367003697036,-0.01775094368951724,251.10488971715324,-0.019139306493668684,245.9762898883237,-0.0195677693492049,240.97729952951047,-0.019756646036515613,236.10414163470625,-0.01984982994199125,231.35316229315632,-0.01989526168704836,226.720826287459,-0.019913481170130254,222.20371286213035,-0.01991475615815408,217.79851165555897,-0.01990478995714029,213.5020187885798,-0.019887003978415918
13095,Villar del Pozo,13,45.0,42.12164217660534,-0.06396350718654797,39.44042729966837,-0.06380881226502111,36.94202916696791,-0.06365460768978481,34.61321871299476,-0.06350089167555217,32.44177591103076,-0.0633476625239,30.416409076322424,-0.06319491855561943,28.526680907283097,-0.0630426581010366,26.762940679367976,-0.06289087949758132,25.11626205901834,-0.0627395810889656,23.578386052905138,-0.06258876122484458
13096,Villarrubia de los Ojos,13,9512.0,9458.20817950307,-0.005655153542570401,9409.848101526193,-0.0053841274288986,9371.13560067791,-0.00496094536235514,9340.117962890105,-0.004548443697920179,9315.24758028344,-0.004171590048261398,9295.29447273284,-0.0038336092106767694,9279.27887495349,-0.003532364049859904,9266.418896258274,-0.0032643062209183338,9256.089626355912,-0.003025689623523453,9247.791015815192,-0.002812980683039479
13097,Villarta de San Juan,13,2681.0,2670.0576464802884,-0.004081444804069911,2660.3401079671876,-0.003860471394556586,2651.7066643861126,-0.0036554366496677204,2644.0335031353397,-0.003465049303281509,2637.21153871017,-0.0032881293516494603,2631.144542620723,-0.0031235981217565545,2625.7475340490696,-0.0029704692392034104,2620.9453905035643,-0.002827840417537919,2616.671644877121,-0.002694885994248053,2612.8674410777935,-0.002570850145037329
13098,Viso del Marqués,13,2091.0,2044.7752114760822,-0.022106546400725846,2018.0527086506388,-0.01759800397023281,1992.0016627175576,-0.016037483387544516,1966.6011182882696,-0.015216956139128213,1941.8308988004992,-0.014693211633641012,1917.671573296747,-0.014318286327528962,1894.1044247890666,-0.014028709369644288,1871.1114201267617,-0.01379272456382652,1848.6751812884029,-0.01359267999991376,1826.7789580240385,-0.013417979126309265
13901,"Robledo, El",13,1078.0,1086.1826454798709,0.007590580222514687,1097.117603033696,0.008828194309728143,1105.9447778231975,0.008567324494821227,1113.0576258228764,0.008032935701327126,1118.7808272845255,0.007454058777794925,1123.3805693458353,0.00689617522234065,1127.0739754208796,0.00637989389682958,1130.037441350951,0.0059103090645156175,1132.4138233331428,0.0054865528380037,1134.3185265059628,0.005105446698199234
13902,Ruidera,13,529.0,527.6463076448299,-0.002558964754574844,525.4280200580914,-0.0033818810757870743,523.230080090019,-0.0036490396279070803,521.0522553379753,-0.003777371958868625,518.8943165944306,-0.0038502085347232873,516.7560377960431,-0.003895318353241639,514.6371959736576,-0.003924600445269433,512.537571203202,-0.003944003640580562,510.45694655745837,-0.003956832542407751,508.3951080587015,-0.003965069751471262
13903,Arenales de San Gregorio,13,626.0,638.2567901733569,0.019579537018141968,648.6542383334248,0.017933631985345366,657.0940175248176,0.016290174092277843,663.9248370399273,0.014813288834165217,669.4405843638962,0.01350883963573346,673.8861570331279,0.012360908773631829,677.4638615002004,0.011350481858283468,680.3396961087485,0.01045955460511827,682.6491510137389,0.009672105191848468,684.5023581640011,0.008974200704096713
13904,Llanos del Caudillo,13,651.0,648.3091196222775,-0.004133456801416968,645.6311428795134,-0.004132083231404571,642.9775352142185,-0.004124755079419673,640.3480205875793,-0.004115963975895864,637.7423267262837,-0.004106608138230383,635.1601850629518,-0.00409698688657234,632.6013306776263,-0.0040872284284823035,630.0655022403091,-0.004077396804734179,627.5524419545163,-0.004067527537843563,625.0618955018398,-0.0040576418914570755
16001,Abia de la Obispalía,16,68.0,65.63118946902549,-0.034835448984919304,65.06136858207236,-0.021846212454657343,64.50117757038294,-0.01745395861745591,63.95041387285155,-0.015232716704998706,63.40888001492703,-0.013883481107833329,62.87638346169613,-0.012971316761057894,62.352736475726594,-0.012309347490952693,61.83775597949893,-0.0118039785488957,61.3312634222643,-0.01140315059411623,60.83308465117112,-0.011075599747903064
16002,"Acebrón, El",16,234.0,232.8858018465032,-0.004761530570499106,232.26539107716985,-0.0037133237087697557,231.69363411507294,-0.003296274978755398,231.16661258591037,-0.003040966420923663,230.6807386899092,-0.002853210712787768,230.23272515418012,-0.002701422824590627,229.81955821839009,-0.002571921759380813,229.43847330710076,-0.0024577512671025703,229.08693308685565,-0.002354952003293276,228.76260764443816,-0.002261069655802972
16003,Alarcón,16,173.0,172.97457277372934,-0.0001469781865356401,172.9542336484894,-0.0001322814414169704,172.93796407023814,-0.00011954401999492159,172.9249495095737,-0.00010847211395692558,172.91453856622766,-9.881887381135712e-05,172.9062102628418,-9.037661887378867e-05,172.8995479089454,-8.297035297866184e-05,172.8942182106607,-7.645238296971613e-05,172.88995457032215,-7.069785051139199e-05,172.88654373375442,-6.560101912367333e-05
16004,Albaladejo del Cuende,16,196.0,191.75671305980265,-0.021649423164272208,184.0646816481444,-0.03092543186141683,176.7173750195398,-0.03393193318274779,169.69791084388396,-0.03538256772530457,162.99029785686608,-0.03621283940098885,156.57938566380034,-0.03673358421278872,150.45081753941471,-0.037077773130617775,144.59098603522565,-0.037311811185814614,138.98699121854764,-0.03747255803369287,133.62660137874767,-0.03758211484389162
16005,Albalate de las Nogueras,16,261.0,259.570862356314,-0.005475623155885012,258.2442132292818,-0.005293294484626343,257.0122663714431,-0.005119050936909231,255.86788306558492,-0.004952490237612905,254.80451135515682,-0.004793231287358313,253.816131719905,-0.004640913078746367,252.89720851449306,-0.004495193609848291,252.04264647438296,-0.004355748850146002,251.24775168679048,-0.004222271762090224,250.50819650435514,-0.004094471376404618
16006,Albendea,16,132.0,127.8350013252207,-0.0315530202634795,126.74566565438542,-0.020104884808763268,125.69606104492921,-0.016179398939028533,124.68449681500479,-0.01415274519581533,123.70936799566846,-0.012889591309307558,122.76915021441908,-0.0120099904047557,121.86239492844891,-0.011350721027583388,120.9877249809133,-0.010830031890475489,120.14383045576065,-0.01040243983054212,119.32946480870085,-0.01004061734695394
16007,"Alberca de Záncara, La",16,1504.0,1512.8042522074354,0.005853891095369379,1503.5232749634927,-0.00015849827777603132,1496.1395055595933,-0.0017451747231117531,1490.2586068967264,-0.0022920090654461323,1485.5705359532349,-0.0024628278036502582,1481.8306998305409,-0.0024719302047493397,1478.8456107388977,-0.002406590199942382,1476.4618696546488,-0.0023072876701571987,1474.5576435665157,-0.002194276091202707,1473.0360311128281,-0.0020781004836635253
16008,Alcalá de la Vega,16,80.0,73.49659268406391,-0.08129259144920109,71.13845120589141,-0.0570097348998545,68.86719904656023,-0.04872194617068559,66.67927879588393,-0.04451202287124001,64.5712918919971,-0.041946200190634,62.539990981716436,-0.04020613142220464,60.58227267304429,-0.038939348615410596,58.69517065848183,-0.03796904189322636,56.87584918904121,-0.037196755257857816,55.12159687999615,-0.036563312023233485
16009,Alcantud,16,59.0,60.92027548168093,0.032547042062388565,62.34337650884673,0.027943285621842673,63.50575579139466,0.024834394733095122,64.45124399969218,0.022338752025337083,65.2177597353928,0.020241001433991546,65.8375307570425,0.01844345240627221,66.33758551338848,0.0168865924955377,66.74036253868648,0.015528389359561912,67.06434421582634,0.014336808652996025,67.32466155242989,0.013286406974319265
16010,Alcázar del Rey,16,171.0,169.9331115481241,-0.006239113753660264,168.94579720111145,-0.006024588767330363,168.03174090759182,-0.005819885460355501,167.1851784964927,-0.005624499226869473,166.40084288211722,-0.005437953057402023,165.67391557694685,-0.005259795915388721,164.99998362977112,-0.005089601266182298,164.3750012995348,-0.004926965697346852,163.79525587267085,-0.0047715076192812456,163.25733711410004,-0.004622866040466023
16011,Alcohujate,16,25.0,24.23186716676226,-0.030725313329509563,23.59287532961017,-0.02855004597024824,22.982292424321074,-0.027660834823074354,22.398564575103727,-0.027095875266435976,21.840237673998843,-0.02666246762013369,21.305950114492614,-0.026296309196207956,20.79442611221465,-0.02596980860294218,20.30446956090441,-0.0256691472345133,19.834958376769443,-0.025386629719954645,19.38483928879447,-0.025117623186344584
16012,Alconchel de la Estrella,16,75.0,68.22093989153103,-0.09038746811291953,65.48371659544306,-0.06559311792315337,62.872142438056486,-0.05709993554303472,60.379824269185136,-0.05276519929583767,58.00072304338863,-0.050107565234178364,55.72913272816636,-0.0482924743519213,53.55966055119597,-0.04696042288089897,51.48720849662257,-0.045931053735749905,49.50695596677515,-0.045103928346454825,47.61434353157991,-0.04441867488750317
16013,Algarra,16,25.0,25.006648589383868,0.00026594357535469904,24.90054696351418,-0.001991042855542635,24.80211780846624,-0.002645421303211659,24.710780621399923,-0.002904826316725617,24.626002205453734,-0.0030100486800759274,24.547292378348782,-0.0030410776600636735,24.47420012444281,-0.003032011044419969,24.40631013801036,-0.0029997559377960004,24.343239712406696,-0.002953589963858416,24.28463593566266,-0.002898983858298787
16014,Aliaguilla,16,594.0,586.0265570180823,-0.013423304683363169,578.1992120779669,-0.013389972211611756,570.5147704021231,-0.013356749656187272,562.9701170443226,-0.01332363666537284,555.5622147868319,-0.013290632845994077,548.2881019764036,-0.013257737799274416,541.1448904263582,-0.013224951125948903,534.1297633825551,-0.013192272427540397,527.2399735511549,-0.01315970130677968,520.4728411861317,-0.013127237367770772
16015,"Almarcha, La",16,469.0,486.3236367223588,0.036937391732108305,500.95176540915645,0.03350250680684197,513.2296267655066,0.030495956345416353,523.4842359127947,0.027856984414337704,532.0146231953466,0.025534193832025265,539.087417639527,0.023484002386215952,544.935951362427,0.021669371727525366,549.7615360475415,0.02005875707985072,553.7359598312806,0.018625236542965107,557.0045624720556,0.017345787101577193
16016,Almendros,16,240.0,237.80517258748034,-0.009145114218831907,236.1840745929012,-0.007981698352417022,234.64032363230962,-0.007500105912872201,233.16982234777402,-0.007191984004741636,231.76872340633457,-0.006955484019162461,230.43341165649363,-0.006756569240951582,229.16048775556257,-0.006580587524325221,227.94675313130173,-0.006420159708025119,226.78919615526547,-0.006271141419944781,225.68497941768274,-0.006131007481544826
16017,Almodóvar del Pinar,16,401.0,397.67950293170026,-0.008280541317455703,394.42415608260745,-0.00823319941648104,391.2323780930956,-0.008186217753210934,388.1026339541196,-0.008139593189956384,385.0334333264858,-0.008093322671210323,382.0233290305138,-0.00804740317798569,379.0709155933756,-0.008001831721073271,376.174827851663,-0.007956605339167866,373.3337396068573,-0.00791172109807936,370.5463623314864,-0.00786717609026888
16018,Almonacid del Marquesado,16,412.0,410.2860318491541,-0.004160116870985275,406.77079036434225,-0.006366393682876503,403.3613327052543,-0.007038639226676691,400.05386182949394,-0.007329049745998462,396.8447445473938,-0.0074676210879552896,393.73050321294374,-0.007530945264039968,390.7078078951335,-0.007551821065929776,387.77346899876153,-0.007546632962159627,384.9244303059579,-0.007524472703793195,382.157762411671,-0.007490786697419205
16019,Altarejos,16,193.0,190.7291968047443,-0.01176581966453727,188.57216667879646,-0.01153762922437973,186.52228145735467,-0.011315323115994924,184.5733711653696,-0.011098731724676125,182.7196869514851,-0.010887690480139933,180.95586734393802,-0.010682039801332976,179.27690759675122,-0.010481624955530289,177.67813181077028,-0.010286295910920784,176.15516754937326,-0.01009590719135467,174.70392269969227,-0.009910317734877494
16020,Arandilla del Arroyo,16,14.0,15.019651356017635,0.07283223971554542,15.578116666084124,0.054856681737386115,16.039803081694544,0.04638217329185035,16.418984632777754,0.04064970434728621,16.728773757208405,0.036256372815713256,16.98080820767163,0.0326941579618556,17.185166969549833,0.02971718331810802,17.3504233273716,0.027182838728828873,17.48377186417722,0.024997982542861674,17.591188218821266,0.023096770962287794
16022,Arcos de la Sierra,16,77.0,77.04256733867544,0.0005528225802005071,75.98595210692524,-0.006606549828727215,74.96278532048818,-0.008898051654593675,73.97175979255299,-0.009980368723518818,73.01162966597309,-0.010580960190738509,72.0812070830111,-0.01094170960619889,71.17935905863204,-0.011166126010056066,70.30500454360036,-0.011305907038665075,69.45711166464766,-0.011389746531812128,68.63469512991078,-0.01143484496269842
16023,Chillarón de Cuenca,16,907.0,937.1410299198837,0.03323156551255102,971.335267515366,0.034858414336795596,1006.5967906887303,0.03533942379558597,1042.9524133788852,0.03553385407055121,1080.4294178602302,0.03561378509407742,1119.0555572949984,0.03563660783841316,1158.8590581546785,0.03562692552680735,1199.8686225074352,0.035597041717249533,1242.1134301684938,0.035553792189427336,1285.623140710516,0.03550127838161621
16024,Arguisuelas,16,127.0,126.87452138722558,-0.0009880205730269376,126.39021934840596,-0.0024035998729227126,125.95226799496578,-0.0027575498608091165,125.55609776286771,-0.0028545264775656776,125.19761302468635,-0.00285465635213189,124.87313888539904,-0.0028108344236039695,124.57937462981126,-0.002745371195966073,124.31335288138695,-0.002669140129490377,124.07240368163194,-0.002587955520794716,123.85412282239406,-0.002505121157804102
16025,Arrancacepas,16,14.0,13.179114138981056,-0.05863470435849594,12.41010943956719,-0.05849249151134561,11.689489805501735,-0.058350730949002116,11.014008364927456,-0.058209421391196337,10.38064880085244,-0.05806856133334792,9.786608130983616,-0.05792814923797274,9.229280834017866,-0.05778818356201387,8.706244212601762,-0.05764866276366143,8.215244892476388,-0.05750958530461514,7.754186365811366,-0.05737094965097944
16026,Atalaya del Cañavate,16,91.0,97.73059288663897,0.07396255919383488,96.75162494044531,0.03111816474894047,95.7872848999036,0.017237020136058323,94.83730649310169,0.010379333874660945,93.90142908015412,0.006296962783236548,92.97939751889074,0.0035928438521735107,92.07096203408601,0.0016728404491552773,91.17587809012807,0.0002413867481902976,90.29390626702794,-0.0008651290677772483,89.42481213967531,-0.001744608611322307
16027,Barajas de Melo,16,1011.0,1010.5189914789318,-0.0004757749961110669,1017.7466904028403,0.0033310940441377834,1023.5660528391971,0.004126062264598218,1028.2454912880373,0.0042374535340248265,1032.0044403159452,0.004121074297505967,1035.0214910533123,0.003921377018885286,1037.4414810270164,0.0036950424226269707,1039.3815462704529,0.003466736426528172,1040.936210310451,0.003247547492995606,1042.1816156652524,0.0030422466049009333
16029,Barchín del Hoyo,16,104.0,102.3193891264357,-0.016159719938118267,103.24978336127543,-0.003613338872000882,104.08608586031148,0.00027584012417691817,104.83711263986744,0.0020062443956019305,105.51099964296462,0.002889027290676749,106.11522308039298,0.003361406029394498,106.65662752939322,0.003609883798558533,107.14145919416976,0.003726816214451034,107.57540229211641,0.0037627413164380563,107.96361699410193,0.0037473429521546198
16030,Bascuñana de San Pedro,16,23.0,23.06817285975807,0.0029640373807857667,22.99391865440446,-0.00013221190511436554,22.929514828598798,-0.0010225695152031866,22.873632752518787,-0.0013763961306632044,22.82512831076327,-0.00152526918534035,22.783015004339866,-0.0015785716657069626,22.7464412734479,-0.0015823910268589758,22.714671310561535,-0.0015591815828913669,22.687068774487457,-0.0015209656320257503,22.66308292695802,-0.0014746035107263689
16031,Beamud,16,45.0,44.08309926491065,-0.020375571890874467,43.21984165808621,-0.019979119745273444,42.406443702180944,-0.019592902854372873,41.63944120914713,-0.01921662698920823,40.91565801293846,-0.018850006661727536,40.232178131742174,-0.018492764961137498,39.58632096661539,-0.018144633308152747,38.975619170568606,-0.017805351205589126,38.3977988701857,-0.017474665993848504,37.85076196311598,-0.017152332612855647
16032,Belinchón,16,453.0,472.52168896977065,0.0430942361363591,487.8968215365124,0.037802932222281926,500.5563577073352,0.033835862594549626,510.9200855581874,0.030537247775445975,519.3653498676503,0.027720344844645473,526.2219603479261,0.025286237136979306,531.7723662120936,0.023167636732821295,536.2548128545945,0.02131362358482569,539.8679591841325,0.019683715141892932,542.7759963915618,0.018244899008720727
16033,Belmonte,16,1751.0,1729.208909062419,-0.012444940569720675,1708.2565732738476,-0.01228084265095064,1687.660976923153,-0.012206067618524497,1667.4148151134248,-0.012153700157954583,1647.5109550704155,-0.01211035546148731,1627.942431601143,-0.012071571481350185,1608.7024426842863,-0.012035435654179194,1589.7843451882104,-0.01200099150114331,1571.1816507126334,-0.011967707478651723,1552.8880215500271,-0.011935264514314814
16034,Belmontejo,16,122.0,118.45865556027687,-0.029027413440353533,115.03704915406745,-0.028955906042166912,111.73064656484624,-0.028884631636424296,108.53510182664586,-0.02881358947593493,105.44624881457153,-0.028742778740884378,102.46009319443324,-0.02867219860196646,99.57280475831543,-0.028601848229391047,96.78071012641794,-0.02853172679512872,94.08028579656366,-0.028461833473650167,91.4681515237642,-0.02839216744221562
16035,Beteta,16,253.0,249.4950837656919,-0.013853423851020175,246.18576627167113,-0.013558785406599827,243.05930385505465,-0.01327247562577294,240.10393932605174,-0.012994231071280837,237.30881225434692,-0.012723797325986164,234.66387881524193,-0.012460928479438915,232.15983980366715,-0.01220538680982508,229.78807589020298,-0.011956942498698275,227.5405893080558,-0.011715373360171921,225.409951259358,-0.011480464580666205
16036,Boniches,16,135.0,137.68897800879478,0.0199183556207021,137.23468458282744,0.008242639017044917,136.81948937765122,0.004472532991033784,136.43992747670396,0.0026559326495771973,136.0928569075535,0.0016138299630950037,135.77542605847083,0.0009550329958498693,135.48504475964313,0.0005124862780261363,135.21935856219926,0.00020296553873633272,134.97622581519587,-1.9568761967292403e-05,134.75369719707857,-0.00018259648429175268
16038,Buciegas,16,36.0,35.447801648425596,-0.015338843099289012,34.933495416117175,-0.01492392544031329,34.45408832017615,-0.014523920042998073,34.00686573646219,-0.014138228319021673,33.589361158140576,-0.013766276879159656,33.19932968216521,-0.013407516537825126,32.83472472800536,-0.013061421284400021,32.49367755025485,-0.012727487288733963,32.174479171734895,-0.012405231946772677,31.875564418272102,-0.012094192966183637
16039,Buenache de Alarcón,16,447.0,443.98334617701823,-0.006748666270652737,443.6059029723722,-0.0038037634217620298,443.2877065188648,-0.0027760014253320753,443.01942405756864,-0.0022337461922031787,442.79320242457044,-0.0018893619526931804,442.6024307600453,-0.0016464223255661103,442.44154205053894,-0.0014632494412150088,442.30584692897446,-0.0013187534860026329,442.1913943317166,-0.001201032339477881,442.09485456030745,-0.0011028047116646844
16040,Buenache de la Sierra,16,112.0,111.9930638967802,-6.192949303396311e-05,111.98751535983102,-5.573655403612321e-05,111.98307672819635,-5.036941740366174e-05,111.97952594955521,-4.570413866411549e-05,111.97668540770627,-4.1636667604372235e-05,111.97441302610684,-3.8079478940411526e-05,111.97259515402955,-3.495882682169604e-05,111.97114087761686,-3.221247346352207e-05,111.96997747008595,-2.9787804873726564e-05,111.96904675276461,-2.7640265564676803e-05
16041,Buendía,16,422.0,419.10949108189067,-0.00684954719931119,416.25308539577895,-0.0068324819309969476,413.4302837884124,-0.00681547327743115,410.6405957755513,-0.0067985210114077654,407.88353934259925,-0.0067816249199890155,405.15864077755583,-0.0067647847933027805,402.46543450764636,-0.0067480004229393264,399.8034629395405,-0.006731271601548183,397.17227630307394,-0.006714598122700921,394.57143249838583,-0.006697979780835306
16042,Campillo de Altobuey,16,1312.0,1319.938194387031,0.00605045303889562,1332.4995962401836,0.007782065853643605,1343.0832557625567,0.007835611471224357,1351.9878048808562,0.00753405600112278,1359.4706838884472,0.007133871776530576,1365.7525945899652,0.006714598766779822,1371.0218892528712,0.00630603927490947,1375.43871821522,0.005919961306949606,1379.1388389704173,0.005560578960262408,1382.2370434067493,0.00522867627659207
16043,Campillos-Paravientos,16,112.0,111.74021162862046,-0.0023195390301744556,111.50711098827574,-0.002202823589652625,111.29790997879222,-0.0020939351385803606,111.11012067320277,-0.00199228367054316,110.9415212964843,-0.001897326591157933,110.79012639811228,-0.0018085647194355792,110.6541606193126,-0.0017255386696882757,110.53203557642505,-0.0016478255466328973,110.42232945327878,-0.0015750359228779987,110.3237689550417,-0.001506811073678116
16044,Campillos-Sierra,16,28.0,27.047716443343816,-0.03401012702343509,26.157963933833763,-0.03345305461301051,25.325693152818157,-0.03290804667001712,24.54633664190494,-0.032374814585879985,23.815756414657855,-0.03185307661176662,23.130197870900666,-0.03134255792121121,22.486249215031414,-0.030842990475482113,21.88080565898291,-0.03035411286740608,21.311037792109765,-0.029875670163136858,20.774363586543405,-0.029407413745727307
16045,Canalejas del Arroyo,16,153.0,146.54216286245983,-0.04220808586627556,140.38716624472517,-0.04210481885015249,134.51954644178522,-0.04200188507738345,128.9246885635541,-0.04189928329244008,123.58877686701767,-0.041797012303366854,118.49874820418827,-0.041695070932344036,113.64224833888163,-0.04159345800861303,109.00759094630506,-0.04149217236669789,104.58371912208177,-0.041391212845801495,100.36016923906836,-0.041290578289556956
16046,Cañada del Hoyo,16,221.0,217.12567994276876,-0.017530859987471725,213.31182775877807,-0.01754802137141942,209.58353620514347,-0.017524724327405372,205.9385636486411,-0.01749142051940966,202.37473469110344,-0.0174541995582167,198.8899380089581,-0.01741509092384763,195.4821242694364,-0.017374964086080524,192.14930412052558,-0.017334253517720555,188.88954625185244,-0.017293200362355043,185.70097552380523,-0.01725194910055261
16047,Cañada Juncosa,16,213.0,207.07826375990865,-0.027801578591978182,202.12338659928537,-0.0258664940981711,197.31095895220653,-0.025181263487044858,192.63632086222927,-0.02480909345995197,188.09498135295578,-0.024562335560880277,183.68261174789146,-0.024378399623445124,179.39503927485228,-0.02423045103957544,175.22824094197378,-0.024105068924678674,171.17833767300047,-0.023994795647242162,167.24158869012658,-0.023895155778537625
16048,Cañamares,16,457.0,452.7879324271921,-0.009216778058660613,448.636252833057,-0.009192963347668504,444.54389912369163,-0.009169230569315734,440.50983114148625,-0.009145579349897459,436.5330300489618,-0.00912200936391927,432.612497833943,-0.009098520294986145,428.7472568274746,-0.009075111830208926,424.9363492341117,-0.00905178365880277,421.17883667424525,-0.009028535471616639,417.473799738121,-0.009005366960940897
16049,"Cañavate, El",16,125.0,124.79398693550756,-0.0016481045159395524,123.60101708905111,-0.005611677103753987,122.49804009720089,-0.006716908924336629,121.47763441546284,-0.00712042140496294,120.53307189520848,-0.0072514934149099375,119.65824288528847,-0.007252577812912775,118.84759063530596,-0.007184327872328811,118.09605370152072,-0.007076769592407439,117.39901525580977,-0.006946341624397445,116.75225836442158,-0.0068027058571495935
16050,Cañaveras,16,230.0,223.7972155186351,-0.026968628179847354,222.61857997705812,-0.016177419721690844,221.58834482214658,-0.01234251555230692,220.68728203248938,-0.010279952085387234,219.89877827285352,-0.008942172263302628,219.20845178122357,-0.007977376688177995,218.60383136811862,-0.007233455498289909,218.0740862202146,-0.006633458185454799,217.6097975017418,-0.006133973196026488,217.20276453437242,-0.005708443850531153
16051,Cañaveruelas,16,110.0,108.89720763581538,-0.010025385128951125,105.9279618075118,-0.018683806830143035,103.05392063477461,-0.02150800305199796,100.27164791299369,-0.02288345548259363,97.57784391750641,-0.023681077840400744,94.96933952576877,-0.02419031977461128,92.44309061114218,-0.024535021885649932,89.99617269493402,-0.024777035653903545,87.62577584402709,-0.024950695655215904,85.32919980208945,-0.025076590176840052
16052,Cañete,16,877.0,876.5012394463213,-0.000568712147866246,876.0277770706813,-0.0005544427166576105,875.5783167120989,-0.000540650778865337,875.1516303146886,-0.0005273182287574008,874.7465537590401,-0.0005144278003964553,874.3619834261062,-0.0005019629379402479,873.9968729560841,-0.0004899077526310247,873.6502301902633,-0.0004782469916915222,873.3211142846271,-0.00046696601077134137,873.0086329847663,-0.0004560507482335163
16053,Cañizares,16,441.0,436.6080380785846,-0.009959097327472466,432.3780010093477,-0.009823762211692455,428.3028200602274,-0.009690873409910039,424.3757962766678,-0.009560381369642323,420.5905776857339,-0.009432237634692697,416.941138174094,-0.009306394791051109,413.4217578331609,-0.009182806439769986,410.02700465784125,-0.009061427173644665,406.75171749498827,-0.008942212555114626,403.5909901463909,-0.008825119094862388
16055,Carboneras de Guadazaón,16,797.0,778.5258067999041,-0.023179665244787873,777.2045728962016,-0.012496797078903166,776.0256966131411,-0.008850285261292834,774.9736596318811,-0.006981921733812846,774.0346714140413,-0.0058305382704426645,773.1964696220147,-0.0050408350327193485,772.4481450123304,-0.004459995757413293,771.7799875290774,-0.00401132799758952,771.1833508120521,-0.003652039955051367,770.6505327406634,-0.003356322206963802
16056,Cardenete,16,479.0,470.5288422170644,-0.01768508931719337,465.0865315844383,-0.014630478917599499,459.8769178740251,-0.01348877126809167,454.8882393500074,-0.012829204179454878,450.1094453654839,-0.012364885206179954,445.53014592952354,-0.012000032563323826,441.1405653483665,-0.011693525945289829,436.9314995746464,-0.011424756862862817,432.8942769345119,-0.011182238008104584,429.02072193474356,-0.010959044976244448
16057,Carrascosa,16,69.0,69.80591305597935,0.011679899362019519,70.34046016306569,0.009666756353307937,70.79990359279205,0.008620657158619593,71.19438653719303,0.007857577481760636,71.53279441333501,0.007235954525664834,71.8228792325956,0.006705141639956391,72.07138122156383,0.00624089792071203,72.28414419314132,0.005829210956399544,72.46622262926185,0.005460862440256342,72.62197946777418,0.005129221538183071
16058,Carrascosa de Haro,16,87.0,85.04161485080044,-0.022510174128730576,82.59130824341592,-0.025666698655830045,80.22332869352476,-0.02666918028078258,77.93457640070052,-0.027134658948776758,75.72207961089161,-0.027385687724314045,73.58298889413643,-0.027529665311999962,71.51457169617126,-0.027612590274665783,69.51420714999608,-0.027657451976796588,67.57938113421339,-0.027677018169065204,65.70768156566047,-0.02767894748636146
16060,Casas de Benítez,16,872.0,889.7144200012501,0.020314701836295912,904.1447090778421,0.01826479782214019,915.8572714378172,0.016491545858182688,925.3364715436107,0.014952689543652253,932.9904226127787,0.013612925835850609,939.159141527929,0.012442694247198682,944.1234697739729,0.011417188208460605,948.1138193045892,0.010515545500553447,951.3182385003234,0.009720183549637218,953.8895698761524,0.009016252323707397
16061,Casas de Fernando Alonso,16,1041.0,1005.716866110962,-0.033893500373715635,977.6751422455453,-0.03089257311336968,955.8057637069288,-0.028059591065647038,938.6630070803214,-0.025538369836563102,925.1704406637796,-0.02331570623637691,914.5161625961875,-0.021358918566655394,906.0811484858174,-0.01963442648056346,899.3891878205367,-0.018111628749898134,894.0712222739036,-0.016763636557045936,889.8394987482844,-0.015567155535192834
16062,Casas de Garcimolina,16,30.0,29.4497139779871,-0.018342867400430007,29.443733942637234,-0.009314480731696717,29.438950788666048,-0.006273150252150139,29.435124824954244,-0.004740900906626044,29.432064411995178,-0.0038152384849119425,29.429616310730363,-0.003194197138504107,29.427657976331663,-0.002747989067921952,29.42609140263876,-0.0024115423241465317,29.424838203729895,-0.002148602567357716,29.423835683030205,-0.0019373507356610364
16063,Casas de Guijarro,16,105.0,103.74298018732841,-0.011971617263538903,102.63573022613491,-0.011322527306903418,101.54574592992701,-0.011088383743524943,100.47270064431221,-0.01095809159703598,99.41627487304804,-0.010869400254028938,98.3761561015823,-0.010801554937782676,97.3520386253955,-0.010745659493118787,96.34362338300166,-0.010697265332287209,95.35061779347036,-0.010653900737791044,94.3727355983368,-0.010614082490139065
16064,Casas de Haro,16,812.0,808.6573108527783,-0.004116612250273044,805.3449924697255,-0.0041063420633801195,802.0627016778252,-0.004096105882096968,798.8100996801204,-0.004085903671777413,795.5868522840825,-0.004075735324134966,792.3926298290281,-0.004065600719027285,789.2271071148131,-0.004055499733282453,786.0899633318072,-0.004045432242902658,782.9808819920985,-0.004035398123798606,779.8995508619212,-0.004025397252080842
16065,Casas de los Pinos,16,374.0,369.32336073749667,-0.01250438305482171,364.72814637153016,-0.012473318073146777,360.2126559770802,-0.01244235553883477,355.7752293058141,-0.012411495171384623,351.41424583889204,-0.012380736613261,347.128123723427,-0.012350079495311084,342.9153187402334,-0.012319523446105207,338.77432330187077,-0.01228906809426733,334.7036654800115,-0.012258713069248195,330.70190806120513,-0.012228458001631193
16066,Casasimarro,16,3177.0,3166.019458429901,-0.0034562611174374647,3154.1986681109706,-0.0035949623317622637,3144.773820704791,-0.003392693374281386,3137.254223281285,-0.003142399571384513,3131.251493308069,-0.0028967149079941468,3126.457579906789,-0.0026692238154438774,3122.6277341160185,-0.002463031100892632,3119.567235626245,-0.002277785602433635,3117.1209966914644,-0.00211193748614924,3115.165386750107,-0.001963580727777803
16067,Castejón,16,120.0,116.77449213353945,-0.02687923222050459,113.8215252278432,-0.026083827923559566,110.9574411373437,-0.0257769616314536,108.17920964444035,-0.02559245182742842,105.4839146932499,-0.02545701749788054,102.86874971144259,-0.02534622501680961,100.3310131382724,-0.025249600909469594,97.8681041491104,-0.02516190758064607,95.47751856726768,-0.025080234737537288,93.15684495435704,-0.025002835827518277
16068,Castillejo de Iniesta,16,94.0,89.37013368864393,-0.04925389692931992,84.98976699540422,-0.049133838335847946,80.84441047026009,-0.049014164688758854,76.92047217622533,-0.04889487475952525,73.20519887730937,-0.04877596722563715,69.68662124026935,-0.0486574407528938,66.35350280523645,-0.048539294007147404,63.19529245363499,-0.048421525657227016,60.20208012223496,-0.04830413437590264,57.36455553100708,-0.04818711884026228
16070,Castillejo-Sierra,16,31.0,31.163740816270597,0.00528196181518048,30.902971715599687,-0.0015661988184066944,30.659933295488358,-0.003670084271780616,30.433308509932676,-0.004601759613508838,30.221891148678946,-0.005071231710434221,30.024575041765328,-0.005314327084226189,29.840344475210482,-0.005431749431334509,29.668265664761893,-0.005473618120512835,29.50747915592517,-0.005467602681259787,29.357193036588995,-0.00543016410110464
16071,Castillo-Albaráñez,16,17.0,16.650286533918553,-0.020571380357732205,16.309462058191997,-0.020520484609240275,15.977266241475478,-0.02046975495984127,15.653447230616262,-0.020419191494200906,15.337761392619342,-0.020368793743524516,15.029973020287244,-0.020318561148705894,14.729854049274113,-0.020268493126483822,14.437183786079473,-0.02021858908597496,14.151748646528011,-0.02016884843417799,13.873341904301643,-0.0201192705781712
16072,Castillo de Garcimuñoz,16,129.0,127.07754540907489,-0.014902748766861373,125.2320611556951,-0.014712645087954779,123.45979046800517,-0.014525763062273711,121.75719696194308,-0.01434204174148035,120.12094961900688,-0.014161421369346061,118.54790890784422,-0.013983843375742655,117.03511396548264,-0.013809250355225289,115.57977074863233,-0.013637586044108696,114.17924107376314,-0.013468795297566949,112.83103247209456,-0.013302824067060626
16073,Cervera del Llano,16,220.0,217.3179071570793,-0.012191331104185021,215.7638236438837,-0.009674471233451332,214.3025632412486,-0.008708090666607715,212.92807158350323,-0.00813501267072303,211.63474184803718,-0.007723156659459329,210.41737641230873,-0.0073949354797034905,209.27115230229808,-0.0071169474132806165,208.1915900091829,-0.006872374579479312,207.174525303124,-0.0066517773214045395,206.21608371819664,-0.006449410420802715
16074,"Cierva, La",16,39.0,38.76517960961646,-0.006021035650859985,38.545864911988076,-0.005839293391759148,38.34095938228678,-0.0056648557873215655,38.14945253888867,-0.005497393405974882,37.970412223259785,-0.00533659260406405,37.802977680776486,-0.005182154730502764,37.64635334530185,-0.005033795384024153,37.49980324621326,-0.004891243709200022,37.362645966999544,-0.004754241728065711,37.23425009351478,-0.004622543705332549
16078,Cuenca,16,53600.0,53702.66159108174,0.0019153281918236065,53803.30193724465,0.0018946783920879007,53889.11750755036,0.0017947713187451697,53962.27319435139,0.001685441205250937,54024.622953084756,0.0015794170017968678,54077.75301591923,0.001480063136057419,54123.019505828546,0.001388180697784236,54161.581059338896,0.0013036931302525812,54194.42703623201,0.0012261970403284472,54222.40185283934,0.0011551740295747681
16079,Cueva del Hierro,16,27.0,26.33934117858926,-0.024468845237434755,25.69803086731293,-0.024408425102189546,25.07542545012072,-0.024348203135077684,24.4709050515503,-0.024288178247661718,23.883872545184854,-0.02422834965033782,23.313752644143047,-0.024168716605560525,22.759991030727797,-0.024109278392580813,22.2220535234338,-0.024050034298623624,21.699425279601513,-0.02399098361593932,21.19161003208856,-0.023932125640619195
16081,Chumillas,16,49.0,52.25902743811131,0.06651076404308798,51.10421886953806,0.021245926422950534,50.19877273273793,0.008089303275637949,49.48598004482392,0.0024703212098788896,48.92304010931674,-0.00031431953423022296,48.47730245004722,-0.0017858368972202276,48.12363810588566,-0.0025747945158923757,47.842565240443314,-0.0029836112412032767,47.618889393920625,-0.0031717127454412575,47.44070188451096,-0.003228751168564803
16082,Enguídanos,16,274.0,276.81616929740505,0.01027799013651487,271.3229475781717,-0.00489712306377188,266.03570530877704,-0.009784344142849899,260.9448800231583,-0.012130551642194787,256.0414360259502,-0.013466270580501094,251.3168311931324,-0.014299064524606608,246.76298610835664,-0.01484581238203353,242.37225535455346,-0.015214732984884183,238.13740079552733,-0.015465854421520708,234.0515666960063,-0.01563514640593877
16083,Fresneda de Altarejos,16,35.0,33.690693053803074,-0.03740876989134079,32.43654850884284,-0.037317015407418164,31.235013875377934,-0.03722555786041082,30.083664401419846,-0.03713439634693927,28.980196251205083,-0.037043529841521705,27.92242005014134,-0.036952957301546685,26.90825479575346,-0.03686267768225715,25.935722112723447,-0.03677268994048721,25.00294083149599,-0.03668299303589795,24.10812187120739,-0.036593585931464
16084,Fresneda de la Sierra,16,42.0,40.876509049247645,-0.02674978454172272,39.94999612780382,-0.024710102587272242,39.04895979894695,-0.023991964987175374,38.172599318987665,-0.023604855994042495,37.32014192729956,-0.023350348893182438,36.49084177785823,-0.023162256086721622,35.683978914815,-0.02301220007772553,34.898858290164,-0.02288598817613119,34.134808821652435,-0.022775733835361578,33.39118248917002,-0.022676704224014688
16085,"Frontera, La",16,155.0,153.70943168923858,-0.008326247166202672,152.46730248008106,-0.008203641869701683,151.27150291279528,-0.008083439232981826,150.12003277906754,-0.007965586305804906,149.01099434687194,-0.007850031526295487,147.94258617633756,-0.00773672455662211,146.9130973637262,-0.007625616235110488,145.92090218037814,-0.007516658543510024,144.9644550763084,-0.007409804578142221,144.042286020686,-0.007305008522668466
16086,Fuente de Pedro Naharro,16,1290.0,1300.6854946505496,0.008283329186472566,1309.2975836540488,0.007451918045561667,1316.2282928252541,0.006731916256971671,1321.7992657862308,0.0061064865870390506,1326.2730164655575,0.005561517530017435,1329.8629166611952,0.005085160491028473,1332.7418317900192,0.004667448690341747,1335.049450527694,0.0042999828075311886,1336.8984220184532,0.003975671241609691,1338.379442763478,0.0036885151543553096
16087,Fuentelespino de Haro,16,230.0,234.46053776171888,0.019393642442256054,231.76775810953941,0.0038355965117418123,229.1191379607442,-0.0012782448648508415,226.51380303555317,-0.003811075672789044,223.95089902746145,-0.005316314487510465,221.42959109128685,-0.006309120580349603,218.94906334567352,-0.0070096305018476635,216.50851838960546,-0.007527700905997969,214.10717683250206,-0.007924279698699799,211.74427683748064,-0.008235897988452923
16088,Fuentelespino de Moya,16,101.0,99.86219972990082,-0.011265349208902764,98.54261131303639,-0.012240201799569861,97.24692782427098,-0.01254304705607967,95.97463180714561,-0.01267810017051385,94.72521863530606,-0.012746121631449281,93.49819615743587,-0.012780686589041745,92.29308435297006,-0.012796181372666804,91.10941499823667,-0.012799798033341636,89.94673134268122,-0.012795531618698064,88.8045877948467,-0.012785778838432127
16089,Fuentes,16,462.0,460.69204138788666,-0.002831079246998547,459.36805208197063,-0.0028524968518607308,458.0544592819121,-0.00285485290405485,456.7511626422927,-0.002852461568359499,455.4580629914608,-0.0028481855406429224,454.17506231544536,-0.002842978984579858,452.9020637421259,-0.0028372507747753684,451.6389715256452,-0.0028312053038758167,450.3856910310663,-0.0028249560842134036,449.14212871926617,-0.002818571188267227
16091,Fuertescusa,16,65.0,63.832960069603324,-0.017954460467641153,62.7121758241511,-0.01775629043147342,61.63538431554402,-0.017561023750532367,60.600455012947876,-0.017368613140586464,59.60538090204472,-0.017179012009710504,58.64827022168147,-0.016992174544675942,57.72733882126506,-0.01680805571148558,56.84090308749457,-0.016626611245377565,55.9873733936534,-0.016447797638665107,55.16524802886931,-0.016271572128082057
16092,Gabaldón,16,146.0,143.95323945025723,-0.014018907874950526,139.43202258424662,-0.022751897767635643,135.0743563032201,-0.02559384871903503,130.87365578656153,-0.026973105022307986,126.82362569596945,-0.027769006291803122,122.91824645642458,-0.028273790542410304,119.15176123155798,-0.028612488397225078,115.51866355614537,-0.02884754467937789,112.01368559056691,-0.029013622914457193,108.63178696405139,-0.029131508429975028
16093,Garaballa,16,58.0,56.35302377716061,-0.02839614177309291,54.80437544048398,-0.02793877516077692,53.33747858916823,-0.027548025073616422,51.94700927202797,-0.02717854780454232,50.62805421030285,-0.0268211798122312,49.37607461617456,-0.026472789996921264,48.186873563044294,-0.026131972499642053,47.056566525535416,-0.025797969830807066,45.98155475166836,-0.025470313876402972,44.958501168583076,-0.02514868227269218
16094,Gascueña,16,132.0,129.11379102371336,-0.02186521951732301,127.36611526257671,-0.01770940521896569,125.98502271179896,-0.015426076816113965,124.89093910790059,-0.013744927202950619,124.02251711703151,-0.01239035628733609,123.33212928025085,-0.011256329438935841,122.7825870971408,-0.010287675507920313,122.3447168995199,-0.009449979862139801,121.99554532009316,-0.008719252929739962,121.71692569838255,-0.008077585061873727
16095,Graja de Campalbo,16,85.0,83.62064156339314,-0.01622774631302193,82.27479802596933,-0.016161191909202288,80.96688505324299,-0.016073097373397904,79.69557974345342,-0.01598022280318867,78.4596136992867,-0.01588591425389052,77.25777046716209,-0.015791282229112524,76.0888831105598,-0.01569679856073547,74.95183190969679,-0.015602695623297747,73.84554218033388,-0.015509099404008242,72.7689822049467,-0.015416082730083547
16096,Graja de Iniesta,16,343.0,348.687709893178,0.016582244586524908,346.9443891840432,0.005733402508541818,345.5560102419379,0.0024778302541039743,344.4493084208302,0.0010546775549113985,343.56649947775537,0.00033010238806663317,342.86188167516514,-6.712415176801656e-05,342.299228043876,-0.0002921225861352017,341.84977001855225,-0.0004197963060884602,341.490628553237,-0.0004899033517735685,341.20358706164893,-0.0005249740056337826
16097,Henarejos,16,134.0,133.42982409696373,-0.004255044052509538,134.21990708907558,0.0008202124655898313,134.97316054331753,0.0024149606418235603,135.6910862395177,0.003140189467000898,136.37514685083906,0.0035201253435050983,137.02676445791676,0.003729682654530775,137.64731943537856,0.0038437910140149967,138.23814967000652,0.0038998497139539623,138.80055007293436,0.003918569950017048,139.3357723512987,0.0039123180804336855
16098,"Herrumblar, El",16,800.0,814.2294403521246,0.017786800440155792,825.7436770463593,0.01596239906206609,835.0721909972381,0.01440491499206642,842.6108225570594,0.013057885732172814,848.6906981049615,0.011886707831886723,853.5861693974875,0.010864388380436685,857.5228702505083,0.009968806760174642,860.685299157514,0.00918154460831122,863.2236373016141,0.008487154429019483,865.2596967369667,0.00787262357624674
16099,"Hinojosa, La",16,184.0,181.6601664765226,-0.012716486540638061,178.93868911898582,-0.013849466031345625,176.3437783774914,-0.014066917016602898,173.8683630329183,-0.01405954803819276,171.50584579953875,-0.013965249472488894,169.25006625415875,-0.013829885221577909,167.0952670493489,-0.013673041138023478,165.0360630883345,-0.013504453453268672,163.06741337369726,-0.013329483169782774,161.18459527259867,-0.013151305316264184
16100,"Hinojosos, Los",16,702.0,688.04222330357,-0.019882872786937233,674.0932820025208,-0.02007814573843114,660.4947697185015,-0.02010977894283461,647.2365285640274,-0.020100633405163326,634.308730086368,-0.02007527591726188,621.7018635409731,-0.020041894326235488,609.4067246170425,-0.02000399720131152,597.4144045965371,-0.01996333847558407,585.7162799287541,-0.019920892272279,574.3040022033763,-0.019877242820591334
16101,"Hito, El",16,118.0,126.83002420155357,0.07483071357248794,124.06160782803681,0.025363134633149764,121.37237152394,0.009437133585718627,118.75964838674155,0.0016055537036763212,116.22087335687887,-0.003033821267257264,113.75357890918984,-0.006089732652282298,111.35539094317858,-0.008245506005418735,109.02402486220657,-0.009840803630950079,106.7572818322424,-0.011063539512514153,104.55304521129683,-0.012026108526313362
16102,Honrubia,16,1529.0,1525.3434362906057,-0.0023914739760589887,1522.424482272755,-0.002152584215302844,1520.093341361631,-0.0019455001177172138,1518.230998899142,-0.0017654613271936848,1516.7427678506547,-0.0016084664902075163,1515.5532334337277,-0.0014711474768598354,1514.6022776341374,-0.0013506649534302806,1513.8419426299395,-0.0012446216386577946,1513.2339494529488,-0.0011509902005092387,1512.7477307284125,-0.001068053277115899
16103,Hontanaya,16,255.0,249.9271816759953,-0.019893405192175195,244.9933125102764,-0.01981731892692895,240.19384428843946,-0.019741618778902792,235.52439932718602,-0.019666302521503365,230.9807632977888,-0.01959136797735639,226.55887842372948,-0.0195168129879566,222.25483698901093,-0.019442635409267606,218.06487514177311,-0.01936883311056492,213.98536697865885,-0.019295403974000314,210.01281889614356,-0.019222345894383097
16104,Hontecillas,16,54.0,52.92920337362137,-0.019829567155159822,51.891766193658974,-0.019715024487314214,50.879698864129516,-0.01964449742337293,49.8922834994453,-0.019585094311967532,48.92882498462969,-0.01953023600344539,47.98865018149599,-0.01947772901225453,47.07110716483412,-0.019426632931350385,46.17556448738705,-0.019376477266079828,45.30141047245184,-0.019327000374910197,44.44805253299026,-0.019278045044663794
16106,Horcajo de Santiago,16,3894.0,3958.4296285064647,0.0165458727546135,4010.7400420292543,0.014879040263426013,4053.0856569816488,0.013436662945350841,4087.283825966416,0.012184569652360366,4114.850000034145,0.01109418395557693,4137.03673918211,0.010141557379900412,4154.872231770224,0.009306578000003451,4169.1959721489475,0.008572320935272604,4180.690510226487,0.00792451403533212,4189.908953744618,0.007351097360702719
16107,Huélamo,16,68.0,66.21660810056069,-0.026226351462342756,64.4885568594993,-0.026161650844066187,62.81390703139976,-0.026097161606111086,61.190794311434786,-0.026032882990411066,59.617426192220314,-0.02596881423517705,58.092078960194044,-0.025904954580392325,56.61309482701041,-0.025841303268589355,55.17887918948437,-0.025777859545035642,53.78789801194356,-0.025714622657789232,52.43867532516059,-0.025651591857713707
16108,Huelves,16,105.0,106.83830474546646,0.0175076642425378,108.69936073712532,0.017463516309180083,110.58328620925812,0.01741951664112995,112.49019794306312,0.01737566527080925,114.4202109921717,0.017331961750287395,116.37343865763003,0.01728840555353628,118.34999246329834,0.01724499613388808,120.34998213167187,0.017201732938391334,122.37351556013165,0.017158615412588896,124.42069879763156,0.01711564300242374
16109,Huérguina,16,41.0,40.891301284288,-0.0026511881880976196,40.25535553481878,-0.009122641355839178,39.67105845053592,-0.010923286581996816,39.13366859470726,-0.011579653919648103,38.63895072882438,-0.01179216352857726,38.18311286411323,-0.011793030700094853,37.7627522446979,-0.011681074586350482,37.37480885238132,-0.01150519682150386,37.01652526603986,-0.011292162241459569,36.68541190648423,-0.011057697843614767
16110,Huerta de la Obispalía,16,126.0,124.54790996358886,-0.011524524098501021,124.40887654064139,-0.006334042025773923,124.28725060651303,-0.004551770228310104,124.18083882703186,-0.0036291551672130717,124.08772745241657,-0.00305394958724603,124.00624593053954,-0.0026547984743539033,123.93493542789518,-0.0023579575472109093,123.87252155735004,-0.002126351369030388,123.81789072044988,-0.0019392332585929095,123.77006956208517,-0.001784040741299231
16111,Huerta del Marquesado,16,155.0,158.98076303400336,0.025682342154860427,156.49678646711814,0.004816742936060603,154.06375080063654,-0.0020175067345316045,151.68042416275193,-0.005397700277950945,149.34560849590585,-0.00740484341109704,147.05813852742202,-0.008727873722315871,144.8168807743523,-0.00966089704081885,142.62073258130968,-0.010350588843210273,140.46862119010711,-0.010878286564464212,138.35950284006663,-0.011292725642729096
16112,Huete,16,1814.0,1808.0180045714706,-0.003297682154646875,1802.383617772009,-0.003207011874928889,1797.0757013519967,-0.0031196631271814823,1792.074502765474,-0.00303549922777413,1787.3615538665451,-0.002954389474383201,1782.9195780464536,-0.002876208876640196,1778.732405027302,-0.002800837897430797,1774.7848925905912,-0.0027281622059387445,1771.062854595175,-0.0026580724420637303,1767.5529947067748,-0.0025904639917188055
16113,Iniesta,16,4567.0,4596.162155391632,0.006385407355294914,4633.247296442334,0.007226711541989728,4663.130738971264,0.006967668952738704,4687.176207490205,0.006514572862084789,4706.501824923006,0.006035819702217893,4722.0196735316185,0.0055788492774213605,4734.470782434634,0.005158031220710679,4744.455303951391,0.004776382921735989,4752.458079606064,0.004432621848484919,4758.870018168109,0.004123851241409904
16115,Laguna del Marquesado,16,54.0,53.77704083639168,-0.004128873400154109,53.57366519997537,-0.003955366908362401,53.388091107088485,-0.0037915732467743712,53.21870861637674,-0.003636882044527945,53.064061704993016,-0.0034907235092828115,52.922832239250184,-0.003352565807214103,52.79382581563118,-0.0032219124643705355,52.67595922460508,-0.003098299931141635,52.568249326519656,-0.002981295314025245,52.46980315963876,-0.002870494265943657
16116,Lagunaseca,16,50.0,45.82477799363791,-0.08350444012724179,43.347348166868024,-0.06890013245766147,41.01525232740285,-0.06389378680375657,38.81935606558382,-0.061315642593060105,36.75113462668344,-0.05971361122445984,34.80262998833473,-0.058601121369172504,32.96641110912208,-0.057769017058351024,31.235537103512637,-0.057112514201275943,29.603523117989308,-0.056573317517703336,28.064308701284272,-0.05611641266265621
16117,Landete,16,1175.0,1166.4810222042029,-0.007250193868763466,1158.2370098147612,-0.007158811604663029,1150.2576379897237,-0.00706896227186582,1142.5330430774673,-0.006980617133379496,1135.0537987358582,-0.00689374794999531,1127.8108930677354,-0.0068083270326192435,1120.7957071285794,-0.0067243272398842535,1113.9999947142435,-0.006641721969128045,1107.415863343377,-0.006560485146079431,1101.0357563554799,-0.00648059121431499
16118,Ledaña,16,1552.0,1533.039568803808,-0.012216772677958843,1518.0381369892698,-0.011001842111159843,1506.1427532846285,-0.009947693492004306,1496.6935944747777,-0.009030482288408415,1489.176968088539,-0.008230110628855036,1483.190855847549,-0.00752962114677469,1478.419295809067,-0.006914689629674009,1474.6131025420627,-0.006373200671079493,1471.5752044575822,-0.005894892870438984,1469.1493927090787,-0.005471062213119882
16119,Leganiel,16,223.0,225.0692791161645,0.009279278547822845,225.14670738820567,0.004801717021856167,225.20866918393295,0.003290608722645194,225.25825089792937,0.0025221137700039975,225.29792412843048,0.0020524758758839745,225.3296677436867,0.0017336257233404595,225.35506585610014,0.0015019063577670355,225.37538640720052,0.0013253305465321663,225.3916441673505,0.0011860092343187745,225.40465121986477,0.0010731219173012452
16121,"Majadas, Las",16,214.0,209.48538631363982,-0.0210963256371971,205.17929815560203,-0.020825977120383143,200.98259474237074,-0.020701945301644264,196.89207372564715,-0.020614623963698953,192.90463756821353,-0.020542087447527724,189.01728978089946,-0.020477026250070196,185.22713130582622,-0.02041630724852106,181.53135703983418,-0.02035836353718723,177.9272524922664,-0.020302324329796728,174.41219057153538,-0.02024766690872637
16122,Mariana,16,332.0,325.80037127415846,-0.018673580499522724,325.7822336728089,-0.009408364576446115,325.7677243187421,-0.006296872276404408,325.7561173007562,-0.00473524669120684,325.7468319841276,-0.0037956738012752123,325.73940392138576,-0.003167852017157524,325.73346159314883,-0.0027185159027621753,325.7287078086097,-0.002380925919305832,325.72490483092986,-0.002117953298761077,325.7218624807546,-0.0019072922312549645
16123,Masegosa,16,58.0,56.52952353123185,-0.025353042564968065,54.93318602544783,-0.02679709361794458,53.38957378221357,-0.02723152724218547,51.89673207390633,-0.027414020931632588,50.45278576669489,-0.027495921220448083,49.05593581139121,-0.027527650277489046,47.704455900114574,-0.027530810741992928,46.396689280436185,-0.027516201430383136,45.13104571911442,-0.027489820498209028,43.90599860794874,-0.02745526614516358
16124,"Mesas, Las",16,2234.0,2216.7571713273755,-0.00771836556518557,2203.0587797002545,-0.006949217499426119,2192.16103872139,-0.006282140220228993,2183.481671950212,-0.005701932082157746,2176.5629271470248,-0.005195796306151745,2171.0437193870716,-0.004752947501580507,2166.6384315009045,-0.004364283587916629,2163.1206380109747,-0.004022112272146883,2160.3105159827996,-0.003719922978131285,2158.065047052482,-0.0034521966175801166
16125,Minglanilla,16,2388.0,2409.8506351023043,0.009150182203645052,2440.825157859507,0.011000043462346065,2465.891181164454,0.010756466108966967,2486.1292122608124,0.0101185427691306,2502.439161931552,0.009405905177817475,2515.5641276443093,0.008711204974710673,2526.113646794369,0.008064604884555626,2534.5851071067464,0.007474516059761571,2541.382725632188,0.0069408789665381665,2546.8339443128957,0.0064602582046693335
16126,Mira,16,917.0,913.5371076353094,-0.0037763275514618444,910.3130079534061,-0.0036527958024223928,907.2861134401411,-0.003543580502021415,904.4437965434016,-0.0034408932491294397,901.7743016910437,-0.003343040227615668,899.2666781181011,-0.003249349924549172,896.9107186040395,-0.003159448188836733,894.6969035260344,-0.0030730767305654494,892.6163497011743,-0.002990032399001974,890.6607635491658,-0.0029101427056470452
16128,Monreal del Llano,16,44.0,42.94512677836439,-0.02397439140080937,41.9206295181216,-0.023915177888054084,40.92551308370695,-0.023856158188493293,39.958818475020436,-0.023797331590471038,39.01962139590363,-0.023738697390571106,38.10703088486964,-0.023680254888963637,37.22018800405161,-0.023622003388732216,36.35826458372562,-0.02356394219569813,35.52046201989123,-0.023506070618354857,34.706010122513504,-0.023448387967835882
16129,Montalbanejo,16,82.0,80.63082275614256,-0.016697283461676093,78.17102018451611,-0.023626544706680352,75.8058761551723,-0.02584139059110191,73.53116177384683,-0.026884491719477932,71.34286027803863,-0.0274603128424602,69.23715533203318,-0.02780311034574301,67.21042002248215,-0.02801313999669164,65.25920650952156,-0.02814048259460389,63.38023629149409,-0.028212941238829115,61.57039104419715,-0.028247188203300744
16130,Montalbo,16,703.0,702.0498726242281,-0.0013515325402160272,701.1466342495783,-0.0013190532725472215,700.2879163953481,-0.0012876143774738225,699.4714753149497,-0.001257178391873115,698.6951849669044,-0.0012277092861678884,697.9570304114887,-0.001199172410489835,697.2551016166345,-0.0011715344401712624,696.5875876443582,-0.0011447633231063126,695.9527711912649,-0.0011188282291840768,695.3490234587854,-0.0010936995017610807
16131,Monteagudo de las Salinas,16,126.0,125.93800897339922,-0.0004919922746093874,125.95901297887904,-0.00016266013837040738,125.97581870543732,-6.397577154937384e-05,125.98926490109437,-2.1300479971952946e-05,126.00002289095477,3.63348462428803e-08,126.00862994423488,1.1414944394605442e-05,126.01551601017904,1.7590919926924187e-05,126.02102513387422,2.0856745155395373e-05,126.02543260623968,2.2425330675979183e-05,126.02895869511788,2.2980714708076277e-05
16132,Mota de Altarejos,16,25.0,24.242944128996957,-0.030282234840121713,23.412472666079726,-0.03227126391576596,22.61439098368408,-0.03287718367368886,21.84730247706547,-0.033138085780426096,21.109875987264775,-0.03326123263165237,20.40084250681126,-0.03331566177422052,19.718992062026256,-0.03333094811402271,19.06317076191174,-0.03332187466507697,18.43227800420533,-0.03329665222304168,17.825263829743925,-0.0332602061793974
16133,Mota del Cuervo,16,6089.0,6083.986237877267,-0.000823413060064615,6071.995976893243,-0.001397266463100455,6061.94977378326,-0.001483023047964771,6053.529972647988,-0.001459507926023229,6046.471545327119,-0.0014008136170785557,6040.553160094592,-0.0013304931208324433,6035.5898276988255,-0.0012578197599176777,6031.426828595804,-0.001186827689800718,6027.934685684309,-0.0011193085592406948,6025.004993692301,-0.0010559976837559715
16134,Motilla del Palancar,16,6432.0,6546.493750092251,0.017800645225785283,6639.554424152227,0.01600641415581472,6714.954545143084,0.014453972527253,6775.8906832546945,0.013106469702903523,6825.037496701541,0.01193309866377601,6864.611482820793,0.010908048946970617,6896.435822039519,0.010009650273945958,6922.001487728466,0.009219670254812629,6942.522240761601,0.008522737020415727,6958.9826358788405,0.007905863474547692
16135,Moya,16,133.0,135.79980703758457,0.02105118073371859,133.8227003462739,0.0030880902938072996,131.9755917714412,-0.0025740592653709093,130.24864376985613,-0.005212333440624106,128.63289572919882,-0.006655066362434514,127.12017253788113,-0.007507716688259558,125.70300402470716,-0.008028613496203652,124.37455383124336,-0.008346413661589391,123.12855648742202,-0.008532296459378363,121.95926163613683,-0.008628762705246484
16137,Narboneta,16,42.0,39.86035028050042,-0.05094404094046623,39.378719463694395,-0.03170843303300919,38.94240246751937,-0.02488055506727571,38.54675139767235,-0.021221044465695504,38.187656156183216,-0.01885150363665422,37.86147284756853,-0.017140660147883957,37.56496309769611,-0.01581613807201432,37.2952424208511,-0.014740756532194754,37.04973611972669,-0.013837632905407293,36.82614148169632,-0.013060132471878205
16139,Olivares de Júcar,16,290.0,285.1435859440927,-0.016746255365197582,280.13355287638353,-0.01715831969779913,275.3515755646189,-0.017128996765828797,270.7849837614883,-0.016992922260923526,266.421951869332,-0.016816907383750745,262.25143362416827,-0.016623153071026686,258.26310247097234,-0.01642111909546451,254.4472970823683,-0.016215489270848482,250.79497153036488,-0.016008826087623884,247.29764967172758,-0.015802632431449304
16140,Olmeda de la Cuesta,16,16.0,15.348261520215406,-0.04073365498653714,14.726132415204875,-0.04063391974163233,14.132144337605897,-0.040534505769896256,13.564907316624426,-0.04043541257457672,13.023105334178238,-0.04033663914468277,12.50549212727394,-0.04023818438696125,12.010887242737338,-0.04014004718759612,11.538172328319769,-0.04004222642762234,11.08628764526356,-0.039944720988054905,10.654228788396694,-0.03984752975193151
16141,Olmeda del Rey,16,129.0,126.48013561313174,-0.019533832456343103,126.5796292371585,-0.009425703974222266,126.66978856998776,-0.006057841506693973,126.7514835523255,-0.004386366023163446,126.82550409030394,-0.003394275622930154,126.89256723001468,-0.0027415024039422198,126.95332372334941,-0.0022820942253700682,127.00836403036628,-0.001943042539616635,127.05822380129709,-0.0016837994645110266,127.10338887902792,-0.0014800599722539776
16142,Olmedilla de Alarcón,16,128.0,126.55021077072543,-0.011326478353707592,125.1822065960218,-0.011068258659162944,123.83572006772653,-0.010964254511792393,122.51034088472369,-0.010898877659370365,121.20566780188106,-0.010849005863334482,119.9213084052992,-0.010806930891955169,118.65687889371523,-0.010769348884190566,117.41200386587704,-0.010734607699267595,116.18631611371083,-0.010701789318855681,114.97945642111017,-0.010670342795059407
16143,Olmedilla de Eliz,16,20.0,19.776229721031,-0.011188513948449996,19.6814403144188,-0.007995959826301857,19.595821421876735,-0.0067822039356846275,19.51845300842965,-0.006074462229952893,19.448513110461924,-0.0055767226624939825,19.385266387072814,-0.00518964711070824,19.32805417364803,-0.00487019466245231,19.276285814253303,-0.004596484608966334,19.22943108664865,-0.004356073454387932,19.18701356412999,-0.004141261253021167
16145,Osa de la Vega,16,450.0,451.53408884205203,0.0034090863156712725,454.8250885521683,0.005346914753717513,457.7360301963499,0.005697865406177005,460.30867185743875,0.0056784887056926525,462.58067515386915,0.005529912177313356,464.5858898625483,0.005330635313560039,466.3546494712133,0.0051128565944240645,467.9140669249168,0.004891559632824727,469.2883229776319,0.004674196572678646,470.4989419977715,0.004464549294625808
16146,Pajarón,16,71.0,71.49269577920721,0.006939377171932604,70.49844935849816,-0.0035383065778591405,69.55714127630552,-0.00682039667241241,68.66546148382162,-0.008323552873010676,67.82034644067545,-0.00912166926621849,67.0189576164256,-0.00957129215711039,66.2586621254851,-0.009824799853061172,65.53701526025841,-0.009958182595225629,64.85174471562489,-0.01001353431788743,64.20073632256602,-0.010016021899405092
16147,Pajaroncillo,16,59.0,57.64823735025713,-0.022911231351574024,56.56332452660976,-0.020867518818188602,55.50410158046602,-0.02015430570032628,54.46986219764862,-0.01977434203786621,53.45992188128896,-0.019527851240851657,52.47361720993071,-0.01934819539072774,51.510305123022974,-0.019206803950739815,50.56936223271718,-0.019089387729212093,49.65018416092655,-0.018988006600839658,48.75218490065122,-0.018897895622947858
16148,Palomares del Campo,16,556.0,546.2749158102922,-0.01749115861458239,537.2042622609704,-0.017047958292618848,528.5275749369066,-0.016749249924306375,520.2239717010854,-0.01648974597166941,512.2738993791238,-0.016248319020383817,504.6590355740421,-0.01601787231361329,497.36219866037203,-0.015795319384728,490.3672652044384,-0.015579078736591145,483.6590941332575,-0.015368238670923073,477.22345704192657,-0.015162223188260548
16149,Palomera,16,187.0,187.15382438975297,0.0008225903195346884,187.18471298021828,0.0004937630728596432,187.20942752309014,0.0003731718183239696,187.22920150682282,0.00030627838835872723,187.24502219760905,0.0002619185876859831,187.25767971275252,0.00022952931347974825,187.26780634091912,0.00020446303758858697,187.27590803774706,0.0001843115650412841,187.28238964756918,0.00016767694566888203,187.28757509694296,0.00015367715573044727
16150,Paracuellos,16,105.0,103.94439370240822,-0.010053393310397896,102.93448667308606,-0.009884630709339315,101.96797649141119,-0.009719636718073854,101.04269871526908,-0.009558316873518935,100.15661706683441,-0.009400579407184084,99.30781450823949,-0.009246335007375261,98.49448502851774,-0.009095496729230046,97.7149260785497,-0.008947979924776361,96.96753159691463,-0.00880370217877513,96.250785575071,-0.008662583247463163
16151,Paredes,16,61.0,61.422706836912546,0.006929620277254855,60.74153744983813,-0.002120794377525992,60.071271562523485,-0.00510099468795433,59.41169795771909,-0.006573976712499707,58.76261014804925,-0.007445760627948883,58.123806257024576,-0.008017443803995716,57.49508890335439,-0.008417845614528296,56.87626508846035,-0.008711302774060625,56.26714608709395,-0.008933529015976771,55.66754734096568,-0.00910593952405614
16152,"Parra de las Vegas, La",16,36.0,35.31977318476283,-0.018895189312143623,35.308446675108144,-0.009651482850774107,35.299388082651646,-0.006529691451436559,35.292142882020904,-0.004952341652973868,35.28634779222689,-0.003996551927897274,35.28171240553207,-0.0033533932624799645,35.278004534607476,-0.002889997284190704,35.275038518433846,-0.0025396881177092157,35.272665885041846,-0.0022652761589907477,35.27076789323043,-0.0020443497239864827
16153,"Pedernoso, El",16,1113.0,1105.4639702488587,-0.006770916218455825,1098.461153356461,-0.006552847553118912,1091.537379822743,-0.006469624469891189,1084.6915404800116,-0.0064201572064122026,1077.922544630668,-0.006384224361447588,1071.2293196950868,-0.006355084881269124,1064.6108108670087,-0.006329849520586905,1058.065980776256,-0.006307073524012052,1051.5938091586092,-0.006285954150240025,1045.1932925326757,-0.006266009671919481
16154,"Pedroñeras, Las",16,6416.0,6394.231847634245,-0.0033927918275802327,6376.8705121808125,-0.003054031370138044,6363.015389852157,-0.002760345776650519,6351.952969458056,-0.002504994925574211,6343.116882199667,-0.0022823117815420346,6336.056863253645,-0.0020875249930817352,6330.414506237634,-0.001916611483445907,6325.9042385563525,-0.0017661739198568949,6322.298338210268,-0.0016333388040228325,6319.415097906517,-0.001515671656548978
16155,"Peral, El",16,660.0,664.1172543143738,0.006238264112687464,668.8372670680402,0.00667263725003453,672.6374190178076,0.00634222599075307,675.6930805306993,0.0058920691149884075,678.1476012387062,0.0054397681341478155,680.1176359771343,0.005016866253483521,681.6977835285846,0.004631634723198719,682.9645444441117,0.00428454147686641,683.9796478114481,0.00397324220281714,684.7928167104706,0.0036944577604673956
16156,"Peraleja, La",16,77.0,75.12596279543065,-0.024338145513887577,73.11681852116872,-0.025541652145413707,71.17105194379798,-0.025898482453844185,69.28640904536293,-0.026044011923895605,67.46072411883905,-0.026105182722728326,65.69191601341716,-0.02612429002583805,63.97798455118527,-0.02611945539977334,62.31700710687309,-0.02609973776831076,60.70713534275594,-0.02607016894398584,59.14659209122009,-0.02603376744733732
16157,"Pesquera, La",16,228.0,227.4883135651938,-0.0022442387491499183,226.66999557228178,-0.0029209423286186142,225.8971605855979,-0.003083826841512538,225.16714672674578,-0.003120777270370856,224.47746149175407,-0.003109220542790503,223.82576962662077,-0.003074878501274081,223.20988199915433,-0.003028707788000795,222.6277453735532,-0.002976131961609174,222.07743300400543,-0.002920118201305777,221.55713597227688,-0.002862407728505101
16158,"Picazo, El",16,693.0,698.5907495285329,0.008067459637132623,700.3418052717866,0.00528316190087641,701.7458095026225,0.004189164968999792,702.8710391757273,0.00354211657800807,703.7725218527906,0.003089800099354667,704.4945403990895,0.002745525822995365,705.0726885307482,0.0024703180207552577,705.5355486293894,0.002243407517024343,705.90605547393,0.0020523435741925944,706.2026010343146,0.0018889986581756002
16159,Pinarejo,16,172.0,166.1143145385458,-0.03421910152008245,160.37965871201695,-0.03437073561710202,154.8701790131197,-0.03436473499928372,149.5761061238458,-0.034319539393670495,144.48813116103415,-0.03425883130869978,139.59738237361603,-0.034190503613768075,134.8954030955589,-0.03411793825058973,130.37413088293457,-0.0340428256516907,126.02587776783199,-0.033966104495340765,121.8433115658575,-0.03388833759368792
16160,Pineda de Gigüela,16,58.0,56.692676592347965,-0.022540058752621328,55.664690720121925,-0.020338810149828412,54.70678497955407,-0.019296482292619155,53.81336323485635,-0.018555974795115837,52.9793596754082,-0.01794515569209476,52.20018017809557,-0.01740624088065701,51.47165102289491,-0.01691415341306368,50.789973940282025,-0.016456099218777998,50.15168662374101,-0.016024755789797895,49.553627970076334,-0.01561554645048091
16161,Piqueras del Castillo,16,36.0,36.72036930738068,0.020010258538352144,34.98061127476759,-0.014259848377209505,33.33136861839732,-0.025346570509702238,31.767553503109916,-0.030784574936382758,30.28438372521405,-0.03398638385541464,28.877363246713834,-0.03607663859921528,27.54226403601928,-0.03753420248806072,26.275109123184063,-0.038597485984405266,25.072156784474583,-0.03939853686953443,23.929885777317377,-0.04001640285618102
16162,Portalrubio de Guadamejud,16,35.0,35.87991775365728,0.02514050724735095,35.672192094818485,0.009557075366908308,35.48959394311246,0.0046412251617133915,35.32898175307474,0.0023416319572377997,35.18762893247853,0.0010698736187999547,35.06316429506355,0.0003005564315021747,34.95352203772454,-0.00018981402237261413,34.856899525912496,-0.0005119896497801646,34.77172151630468,-0.0007268029899505368,34.696609715062685,-0.0008702293352108592
16163,Portilla,16,58.0,56.683942966545615,-0.02269063850783426,55.62798586383676,-0.020661853827336207,54.60842063988,-0.019884612437357063,53.623694031808085,-0.019421913285612158,52.67233136500028,-0.019086052944540466,51.75293200744801,-0.018814410986311758,50.864165117504015,-0.018580129651589505,50.00476566423096,-0.018369767689079053,49.17353070116199,-0.01817584845645226,48.36931587575076,-0.017993878300943678
16165,Poyatos,16,70.0,69.29427517554846,-0.010081783206450479,68.60651053612857,-0.010003531491662554,67.95669218670635,-0.009826276658071786,67.34245165422874,-0.009629442587105408,66.76159306084584,-0.00942872438721909,66.21207838310985,-0.009229204164197702,65.69201415688697,-0.009032937674260055,65.19963946932029,-0.008840850649191823,64.73331509828814,-0.008653370691888651,64.29151367642086,-0.008470679864667097
16166,Pozoamargo,16,255.0,249.2268215670131,-0.022639915423477985,244.70252884520946,-0.02039918324998735,241.14230087842088,-0.01845306029145466,238.3314497557501,-0.016758289648859948,236.10637762564562,-0.015278301974890995,234.34128607906743,-0.013982162863044212,232.93871836724668,-0.0128436835739274,231.8227107098902,-0.011840671379499512,230.93375550008724,-0.01095429860089181,230.2250463091643,-0.01016857213955924
16167,Pozorrubio de Santiago,16,307.0,304.8233855961105,-0.007089949198337164,302.1919960864711,-0.0078615270702721,299.7232754739005,-0.007964154627018827,297.40611486678705,-0.007905871077157012,295.2302742212159,-0.0077879366783846216,293.1863032297198,-0.007643884685755942,291.265470507983,-0.007487914331680945,289.45970010089576,-0.007326983992684943,287.7615144562953,-0.00716484096203629,286.16398312383205,-0.0070036327988770575
16169,"Pozuelo, El",16,47.0,45.77476751598237,-0.02606877625569426,44.587363815608704,-0.02600445831322351,43.436469252162155,-0.025940351093577063,42.320815040045574,-0.025876453415707434,41.23918105103181,-0.025812764436643265,40.19039378676202,-0.025749283372140996,39.17332444203973,-0.025686009456768022,38.18688705458645,-0.025622941933915677,37.23003673714397,-0.025560080052463685,36.30176798801627,-0.02549742306543923
16170,Priego,16,912.0,920.8043504331715,0.009653893018828352,923.1411980157426,0.006089571506660008,925.043162297415,0.004744689994375717,926.5905063109306,0.0039758169563697265,927.8489076896203,0.003451726427910362,928.8720307792878,0.0030598367431187157,929.7036723941573,0.002750334315279268,930.3795421814636,0.0024971906358597362,930.9287335033167,0.0022851331617486093,931.3749345169621,0.0021044040057056623
16171,"Provencio, El",16,2327.0,2316.1730358089676,-0.0046527564207272665,2307.54774562639,-0.004188456667051699,2300.670645675694,-0.0037858883227491757,2295.18372545929,-0.0034358313131080953,2290.8036126168186,-0.00313053079233927,2287.305541572597,-0.0028634556203721573,2284.510931063459,-0.002629097486256282,2282.277701247083,-0.0024228037915330347,2280.4926893283214,-0.002240638556505248,2279.065685031319,-0.002079266584740558
16172,Puebla de Almenara,16,294.0,292.7878695108779,-0.00412289282014322,286.23656400296545,-0.013291453816210552,279.86351231047416,-0.01629174333136918,273.66316456225576,-0.017760819776055037,267.63016314779264,-0.01861922573433028,261.75933543623506,-0.019172859246455176,256.04568679317845,-0.019552587192611215,250.48439388215445,-0.019823766691420275,245.07079823841116,-0.020022676968015296,239.80040010313766,-0.0201710718091479
16173,"Valle de Altomira, El",16,191.0,186.60552194760524,-0.023007738494213448,182.33336999115204,-0.022950884665635107,178.17965695637466,-0.02289421682924131,174.14063276905625,-0.022837734479336236,170.21267929953882,-0.022781436974957714,166.39230529250293,-0.022725323654733676,162.6761415069785,-0.022669393853281816,159.0609360572638,-0.022613646905302542,155.54354994587123,-0.022558082146936553,152.12095278003395,-0.02250269891630241
16174,Puebla del Salvador,16,190.0,187.536482017005,-0.012965884121026283,185.12982997089952,-0.01289943462551435,182.79696718040546,-0.012800041693353026,180.53510514293737,-0.012693456033585293,178.34158203080227,-0.012584812651629695,176.21385601927992,-0.01247581097159145,174.14949901076255,-0.012367169026338387,172.14619072895488,-0.012259236990203703,170.20171315899606,-0.012152201685065145,168.31394531108822,-0.012046168379968303
16175,Quintanar del Rey,16,7508.0,7500.3562839829165,-0.0010180761876775746,7495.780950351164,-0.0008140666778531092,7492.122693065104,-0.000705403663390336,7489.197372754469,-0.0006266752527454011,7486.857938911039,-0.000563822996675456,7484.986918008359,-0.000511510569719098,7483.490437950796,-0.00046700513184982917,7482.293469326279,-0.00042862813619126694,7481.336032274017,-0.00039522507210565383,7480.570170843043,-0.0003659433858195227
16176,Rada de Haro,16,49.0,48.30920601820516,-0.014097836363159977,47.8595311166183,-0.011705952244502882,47.41625900700341,-0.010891952152495388,46.97927814032615,-0.01047319123571755,46.54847923393763,-0.010212685614676698,46.12375521952379,-0.010031377239858807,45.70500119237916,-0.00989536843440475,45.2921143619678,-0.009787705133943114,44.88499400373606,-0.009698966280282328,44.48354141214231,-0.009623498223090832
16177,Reíllo,16,106.0,105.76411794072285,-0.002225302446010824,105.55549934624425,-0.002098903895742854,105.37094893687618,-0.0019820740190582553,105.20765540479387,-0.0018739984801436904,105.06314322026287,-0.001773936850556268,104.93523095439079,-0.0016812155606419354,104.82199510409838,-0.0015952216076399184,104.72173862586149,-0.0015153968789630712,104.63296351225492,-0.0014412330232240755,104.55434684993168,-0.0013722668141121774
16181,Rozalén del Monte,16,48.0,47.76455797605285,-0.004905042165565643,45.44090831823779,-0.02702230757160351,43.44800960024985,-0.032666526918426975,41.730602640416734,-0.03438644244495137,40.24423712192126,-0.03463290328535629,38.9528557469834,-0.03420931827404339,37.826978762017916,-0.03345313419873053,36.84232632111126,-0.03252839840256361,35.97876343442096,-0.03152270416074254,35.219484892238526,-0.030485795788850578
16185,Saceda-Trasierra,16,33.0,33.23683834985072,0.007176919692446049,31.85185052679263,-0.01755020905850424,30.531072346723718,-0.025587815018230042,29.271259555890197,-0.02953055180053832,28.06934421711352,-0.03184773619414494,26.922424498276474,-0.03335567718927701,25.827755086632934,-0.03440256640008166,24.782738188578996,-0.035161958072890354,23.784915077250286,-0.03573005749427871,22.831958152845093,-0.03616449158568136
16186,Saelices,16,475.0,462.14996249381346,-0.027052710539340108,455.6328319579487,-0.020598644758792917,449.23950415065514,-0.018414555363030494,442.9671829743537,-0.01730332676384383,436.8131444139989,-0.01662215919666299,430.7747344680736,-0.01615631514318694,424.8493671446226,-0.015813648556385562,419.0345225201131,-0.015548048289367067,413.32774485898454,-0.015333881865514098,407.7266407918402,-0.01515576288554088
16187,Salinas del Manzano,16,86.0,82.53399099819727,-0.040302430253520094,82.02545755315806,-0.02338114386778256,81.54889968652004,-0.01755883494383903,81.10215334378864,-0.014552519397946218,80.6832179365152,-0.012682233763048778,80.29024216615966,-0.011384566393851214,79.92151126598615,-0.01041711244365684,79.57543550021315,-0.009658287516472353,79.25053977982223,-0.009040340647035405,78.9454542718516,-0.008522489373355091
16188,Salmeroncillos,16,106.0,106.58309295415165,0.0055008769259590196,108.07920439480712,0.009759939688670283,109.44315688015044,0.010712372664998027,110.68497440753038,0.010870914585247027,111.81424346001289,0.010737206422424705,112.84006122170226,0.01047655455087626,113.77100398120709,0.010158190086322794,114.61511166054015,0.009815429146987409,115.37988499999203,0.009465734682541305,116.0722924762667,0.009118736032502905
16189,Salvacañete,16,300.0,292.3734932561776,-0.025421689146074677,291.04600860907124,-0.01503636512293638,289.73521410851356,-0.011537929482889231,288.44085247035696,-0.009775017667028596,287.1626712119486,-0.008708582856712832,285.9004225472153,-0.007991050001847966,284.6538632843567,-0.007473157099423533,283.42275472606764,-0.007080173969100101,282.20686257222445,-0.006770544482924468,281.00595682496703,-0.00651931712607734
16190,San Clemente,16,6797.0,6800.652611567903,0.0005373858419748245,6801.624127220521,0.0003401015902386728,6802.427436248453,0.00026609740953831285,6803.0916466566705,0.00022398118351074636,6803.640834088343,0.00019532853630210845,6804.094910344196,0.0001738959964849851,6804.470342483666,0.00015693533150185068,6804.780748062105,0.0001430199736880411,6805.037387736115,0.00013131883050743198,6805.249572862367,0.00012130455591141676
16191,San Lorenzo de la Parrilla,16,1119.0,1107.1429849921346,-0.010596081329638407,1097.747895939516,-0.00954154559554321,1090.2892597251791,-0.008626705382980826,1084.3588552039353,-0.0078308116475313,1079.6377652192257,-0.007136383620785058,1075.8756969297306,-0.006528677894407586,1072.8754830973346,-0.005995244651691878,1070.4813370115096,-0.005525556932780118,1068.569867381404,-0.005110700968024684,1067.0431494398813,-0.004743117508783756
16192,San Martín de Boniches,16,43.0,41.258073000972495,-0.04050993020994198,40.36578167304576,-0.031114501772535164,39.51789090467,-0.027756382539729896,38.71168657930815,-0.025922729781113873,37.944652927449944,-0.02470403862809023,37.21445581044124,-0.02379610490042927,36.5189275847095,-0.02306825320472594,35.856053381850124,-0.02245501109989556,35.22395865865536,-0.02191992464383341,34.62089788751962,-0.021441064080883643
16193,San Pedro Palmiches,16,54.0,52.69671825155657,-0.02413484719339687,51.431173156548034,-0.024075242383580386,50.20212230289948,-0.024015832577062524,49.00836858983177,-0.023956617107679934,47.84875843572429,-0.02389759527759705,46.72218005362241,-0.023838766385925192,45.62756180036753,-0.02378012973280319,44.56387059599268,-0.023721684620410355,43.53011041018939,-0.023663430353296322,42.525320812804914,-0.023605366238508618
16194,Santa Cruz de Moya,16,233.0,230.07927588741134,-0.012535296620552194,227.32666997697882,-0.012249553729685614,224.73103800171376,-0.011972470433034066,222.28210731210706,-0.011703753150911544,219.97039692760865,-0.011443118853681988,217.7871460152143,-0.011190294635397113,215.7242497582358,-0.01094501733810982,213.77420176383157,-0.010707033194169546,211.93004226529635,-0.010476097482465474,210.18531146787393,-0.010251974197456604
16195,Santa María del Campo Rus,16,527.0,519.8912667536661,-0.013489057393422987,512.9132515867562,-0.01345556252665725,506.0630866913448,-0.013422178262971873,499.33797637717043,-0.013388904130811174,492.7351949195292,-0.013355739711506942,486.25208460607075,-0.013322684596517309,479.88605384339377,-0.013289738381312644,473.63457532145867,-0.013256900663841886,467.4951842339011,-0.013224171044018407,461.4654765524074,-0.013191549123509394
16196,Santa María de los Llanos,16,660.0,659.1010969047256,-0.0013619743867793188,655.1675211269702,-0.003667694835909008,651.3940303506429,-0.004365478993126781,647.7733635422363,-0.004663827290077416,644.298640542177,-0.004803921850245585,640.9633386378573,-0.004866051183392561,637.7612708027964,-0.00488457510081608,634.6865654683963,-0.004876639851158049,631.7336477065483,-0.004851744657415447,628.8972217120212,-0.004815566916362979
16197,Santa María del Val,16,55.0,54.09970138620184,-0.01636906570542107,53.25750973729439,-0.015968314097611014,52.469048483242425,-0.015580594263884584,51.73033186716169,-0.015205433475886987,51.03772424246607,-0.01484237672517108,50.38790411212202,-0.014490986312717502,49.77783237032985,-0.014150841216983068,49.20472420133646,-0.013821536456483985,48.66602416735994,-0.01350268247013453,48.159384083053006,-0.01319390451929936
16198,Sisante,16,1640.0,1641.036098259964,0.0006317672316853429,1637.0755873708579,-0.0008919870366386196,1633.9140618012063,-0.0012385125888736415,1631.3892379064976,-0.001315208558854919,1629.3721881690562,-0.0012994473548376684,1627.7603441210515,-0.0012477532182901818,1626.4720170015996,-0.0011825829796249243,1625.4420895108908,-0.0011139301151095182,1624.6186171069169,-0.0010464688208828843,1623.960139565641,-0.0009823716567453067
16199,Solera de Gabaldón,16,32.0,31.962548010676695,-0.00117037466635328,31.910732576906067,-0.0013957775833738362,31.86668103306706,-0.0013906723118578546,31.829221700538724,-0.0013368839640823804,31.797362017923056,-0.001269707611479487,31.77026053175971,-0.001200154902848527,31.747203437054495,-0.0011323957930202688,31.727584883321967,-0.0010681060076100923,31.710890408725916,-0.0010079067091742777,31.696682981396616,-0.0009519331441233403
16202,Talayuelas,16,873.0,865.3583870269129,-0.0087532794651628,857.9747280672577,-0.008642889247652885,850.8387464509136,-0.008534351338955526,843.9406557570787,-0.00842763092468024,837.2711323143233,-0.008322693879503018,830.8212894487236,-0.008219506756061534,824.5826533700384,-0.008118036771527781,818.5471405796628,-0.008018251794141396,812.7070366931996,-0.007920120329945934,807.0549765787282,-0.007823611509777617
16203,Tarancón,16,16748.0,16967.13574618294,0.01308429341909112,17145.44573203345,0.011795896883206591,17289.44197519139,0.010662165590624939,17405.509218492214,0.00967347088221926,17498.923772890885,0.008810694112780126,17574.01626057611,0.008056045733835893,17634.322198407088,0.007394099454675507,17682.71591302718,0.006811696316883165,17721.5264878829,0.006297662771430845,17752.636270312098,0.005842519227947207
16204,Tébar,16,300.0,297.1128363409177,-0.009623878863607715,295.2246235828215,-0.007990887839529504,293.43019121757584,-0.007353732358772569,291.7244164898988,-0.006968828601313315,290.10249624021156,-0.006687176415022589,288.5599236736206,-0.006459000824577066,287.09246708117826,-0.006262895205315089,285.69615032820076,-0.006088096978580593,284.36723494381386,-0.005928577439168636,283.10220366309073,-0.005780677068763396
16205,Tejadillos,16,102.0,100.80475390590144,-0.011718098961750578,98.76958956669914,-0.015962749954331,96.79490715834558,-0.01730794396567903,94.87852716239472,-0.01793113945278768,93.0183609649092,-0.01826629343299757,91.21240659565373,-0.018457843118307782,89.4587446874457,-0.018567635726909115,87.75553464329425,-0.0186265756403996,86.10101099970248,-0.01865182329342363,84.49347997521046,-0.01865367018858688
16206,Tinajas,16,184.0,179.0574543836627,-0.02686166095835485,174.2713982624409,-0.02679541489479842,169.63624754153867,-0.02672938501663813,165.14663750590492,-0.026663570651579538,160.7974135461795,-0.026597971041248614,156.5836222288432,-0.026532585415369736,152.50050277386154,-0.02646741300235189,148.54347892001647,-0.02640245303192701,144.70815115914033,-0.026337704736022594,140.99028932142951,-0.026273167349104343
16209,Torralba,16,107.0,104.55981930066143,-0.022805427096622144,102.18707425720318,-0.022749067239463794,99.87963581607963,-0.022692891862630016,97.63544958810084,-0.022636900407935756,95.452533034513,-0.022581092228385113,93.32897272152681,-0.022525466664299,91.26292168807598,-0.022470023054180555,89.2525969218097,-0.02241476073742621,87.29627693856018,-0.022359679055221737,85.39229946074434,-0.02230477735089542
16211,Torrejoncillo del Rey,16,341.0,340.6173020548928,-0.0011222813639507612,340.26424827253584,-0.001079397399026738,339.9385154044752,-0.0010386978701816263,339.63796631273595,-0.0010000575946139678,339.3606344007544,-0.0009633590844916329,339.1047095127106,-0.0009284920138410424,338.8685250696014,-0.0008953527583468457,338.65054632361006,-0.0008638439698152034,338.44935962502825,-0.0008338741793234572,338.26366260713127,-0.000805357426437614
16212,Torrubia del Campo,16,312.0,312.13122835237,0.00042060369349350424,311.8638291588735,-0.00021824631753286639,311.6500747495001,-0.0003739916156464407,311.47917671350945,-0.00041758784795953297,311.3425257616422,-0.0004218135483682328,311.23324816611836,-0.0004100096950441223,311.145853706062,-0.00039155226492493256,311.07595580744305,-0.0003706905969640406,311.02004879439806,-0.00034947360111692305,310.97533041838386,-0.00032890611752711685
16213,Torrubia del Castillo,16,42.0,42.14170712514792,0.003373979170188557,42.203322412729214,0.0024175825607239965,42.26065674002012,0.002064439442842181,42.314002221117455,0.001863843493287165,42.363631765885174,0.0017256140640091733,42.40980024172678,0.001619619339426226,42.452745579395845,0.0015328837159016562,42.4926898233576,0.0014588679510503244,42.52984012762186,0.0013938963411965766,42.56438969829072,0.0013357275743357544
16215,Tragacete,16,263.0,259.3692841936014,-0.013805003066154398,256.5974877302045,-0.012247071944149202,253.86895028567366,-0.011709517698651806,251.18285278645624,-0.011427420585215065,248.5383941207211,-0.01124760634611821,245.93479069527646,-0.01111899026136498,243.3712760045502,-0.011019672223367083,240.84710021127782,-0.010938699894005532,238.36152973854735,-0.010869987660020564,235.91384687287047,-0.010809883648846275
16216,Tresjuncos,16,258.0,251.67224647634114,-0.024526176448290138,245.53959804921888,-0.024446891036769225,239.59507588980776,-0.024367945273138014,233.83198143304068,-0.02428933750690443,228.24388396274895,-0.02421106612351087,222.82460882691686,-0.02413312952101554,217.56822621557882,-0.024055526106727232,212.46904047250615,-0.02397825429633449,207.52157991340223,-0.02390131251359051,202.72058712482146,-0.023824699190163057
16217,Tribaldos,16,101.0,100.08759884644164,-0.009033674787706558,99.53409449028564,-0.007283482527749019,99.01343156161799,-0.006599792923461134,98.52351809590395,-0.006187089339042218,98.06241046746952,-0.00588588975246096,97.62830132991675,-0.00564286767651212,97.21950868802742,-0.005435050498189931,96.83446598062757,-0.005250857351163041,96.47171306811698,-0.005083775902240517,96.12988803077455,-0.004929832245097687
16218,Uclés,16,230.0,230.36239246984675,0.0015756194341163265,229.9855523407936,-3.14084480418364e-05,229.65653665231167,-0.0004980209513584244,229.36922069334736,-0.0006863359434371441,229.11827712810563,-0.0007678939577917543,228.89906914731182,-0.0007993717666333611,228.70755863927457,-0.0008046986255031419,228.54022711063593,-0.000795566551417104,228.39400746442692,-0.0007782601657192467,228.26622505077071,-0.0007563845383583567
16219,Uña,16,90.0,88.42431054018357,-0.017507660664627056,87.48076637002252,-0.014095078000686545,86.5843290866391,-0.012814133665151939,85.73228961671124,-0.012071581899624428,84.92212293381894,-0.01154781312827724,84.15147337545267,-0.011136069913273983,83.41814130097143,-0.010790483805210305,82.72007095384365,-0.010488038146079681,82.05533940677445,-0.010215879750409051,81.42214648174675,-0.00996624101750243
16224,Valdemeca,16,83.0,82.31398608646965,-0.008265227873859637,81.63702995169469,-0.008244650068978232,80.96898432394515,-0.008224140532235524,80.30970476424955,-0.008203698935047687,79.65904958033477,-0.008183325010301279,79.01687976733426,-0.008163018501953001,78.38305894991844,-0.008142779157824798,77.75745332580999,-0.00812260672780063,77.139931610648,-0.008102500963222292,76.53036498416492,-0.008082461616645054
16225,Valdemorillo de la Sierra,16,49.0,48.975935358601006,-0.000491115130591746,47.84925478805523,-0.01181206046731087,46.75393358121027,-0.015518955522328959,45.688975287965796,-0.017338741157467696,44.65341863310711,-0.01840638050897614,43.6463361604676,-0.019098755504527887,42.66683293347454,-0.019577035218356076,41.71404528957075,-0.01992168874384803,40.78713964612394,-0.020177375410060927,39.885311355547046,-0.020370870123000206
16227,Valdemoro-Sierra,16,96.0,95.84603924999267,-0.0016037578125763785,93.86119785081071,-0.011202340746123696,91.95315623119873,-0.014253744797132373,90.11823700769257,-0.01568214400290191,88.35297152043123,-0.016464623654515065,86.65408629124603,-0.016925791319553185,85.01849046186146,-0.017204486534037056,83.44326413437349,-0.01737002877150995,81.92564754286997,-0.017460882148825796,80.46303099113963,-0.01750009849427059
16228,Valdeolivas,16,206.0,203.83898120925323,-0.010490382479353189,202.17523965742254,-0.009326894369036665,200.57649475684616,-0.00885406148689205,199.03981953499638,-0.00855600374867882,197.56244304679163,-0.008329410042468344,196.141740580634,-0.008139791801137108,194.77522457011054,-0.00797233241113926,193.4605361544769,-0.007819594729639556,192.19543733608788,-0.007677422616457763,190.9778036874861,-0.007543301269461566
16231,Valhermoso de la Fuente,16,61.0,55.19967093125476,-0.09508736178270893,55.52793848638318,-0.04590667461339759,55.85650224570941,-0.028935746798858908,56.185352751519616,-0.02034463948222842,56.51448056954422,-0.015159316093297903,56.84387628969282,-0.01169200547036664,57.17353052677912,-0.009211996583396331,57.50343392123538,-0.007351494318239893,57.833577139816825,-0.0059051995616132835,58.163950876296084,-0.004749495515373847
16234,Valsalobre,16,17.0,16.13625239924048,-0.05080868239761882,15.309107929089363,-0.05103437336504735,14.528184792372816,-0.0510263696301948,13.790706582659848,-0.0509602582040789,13.094074440298597,-0.05087114497679068,12.435855051238548,-0.05077072954004547,11.813769498558036,-0.050664024858850354,11.22568290329628,-0.050553536609522554,10.669594796104105,-0.05044065617781668,10.143630165746272,-0.050326217827244335
16236,Valverde de Júcar,16,1118.0,1111.5188133526156,-0.005797125802669445,1107.718273462111,-0.0046088886095265735,1104.1603262138997,-0.004143463536304126,1100.8288149085286,-0.0038620257578428907,1097.7087377252205,-0.0036565650292463836,1094.7861561055815,-0.0034909460568781636,1092.0481114101444,-0.0033495833460076563,1089.4825489946418,-0.003224604372508044,1087.078248951693,-0.0031115693392118615,1084.8247628497654,-0.0030077585715376776
16237,Valverdejo,16,86.0,85.92946487433727,-0.000820175879799212,84.89997898990329,-0.0064160538625177566,83.92221340164824,-0.00811917908846882,82.99314215979452,-0.00885786500858965,82.10994957165366,-0.009214899905813034,81.27001305967177,-0.009384057456710226,80.47088761460755,-0.009448200005513496,79.71029167855654,-0.009448651870343161,78.98609431129337,-0.009408293621146258,78.29630350984934,-0.009340791595747744
16238,Vara de Rey,16,466.0,459.296420570458,-0.014385363582708144,452.7220727636353,-0.014349659405841653,446.2739992332563,-0.014314072985268878,439.9493198383204,-0.01427860386540536,433.7452293613149,-0.014243251610016161,427.6589953393751,-0.014208015787482986,421.68795596416743,-0.01417289596869542,415.82951804814445,-0.014137891726518137,410.0811550548981,-0.01410300263560893,404.4404051914308,-0.01406822827234211
16239,Vega del Codorno,16,141.0,139.62965377499899,-0.00971876755319867,138.33673479924136,-0.009489225540246449,137.11631608894118,-0.009266895936026698,135.96383548765007,-0.009051524944229228,134.8750640396579,-0.008842868206636267,133.8460775074404,-0.008640690451577226,132.8732306894752,-0.008444765148091782,131.95313422978782,-0.00825487417235371,131.0826336479479,-0.00807080748665645,130.25879035069866,-0.007892362830640876
16240,Vellisca,16,128.0,131.66296906914334,0.028616945852682374,134.5486794579547,0.025261702330322544,136.93379896988992,0.02274389503272478,138.89785144439242,0.020637191027062407,140.5103057009204,0.01882511408262011,141.830874453894,0.017247899631360974,142.9102557722121,0.01586548226485629,143.79108546385035,0.014647638825585174,144.50895281957003,0.01357027365612029,145.09339116143514,0.012613623876449154
16242,Villaconejos de Trabaque,16,325.0,319.5301192649836,-0.016830402261588828,314.1817438854167,-0.0167843277749411,308.95168590623797,-0.016738420831339362,303.8368524911842,-0.01669268068945584,298.8342426959773,-0.01664710666085789,293.94094443779625,-0.01660169806832268,289.1541315739412,-0.01655645423987151,284.4710610854415,-0.016511374507268917,279.88907036153483,-0.0164664582055144,275.4055745811119,-0.016421704672632265
16243,Villaescusa de Haro,16,480.0,477.26465287442016,-0.005698639844957998,474.6532471134518,-0.005585131101531693,472.15960858073316,-0.0054746331772850265,469.7779147316321,-0.005367056291603389,467.50267095375693,-0.005262313644355587,465.32868905857293,-0.0051603211984180275,463.2510674063826,-0.005060997572520987,461.26517252434707,-0.0049642639504533514,459.3666220905606,-0.004870043996097029,457.5512691691278,-0.004778263772115099
16244,Villagarcía del Llano,16,763.0,753.0090129068378,-0.013094347435337106,749.3938559478579,-0.008956322834549724,745.9842026077833,-0.007489680649763297,742.7675809825004,-0.006696191694751885,739.7323564862827,-0.006174775418518963,736.8676676782669,-0.0057914496239757085,734.1633677631205,-0.00548866131896486,731.6099711949373,-0.0052375466668329596,729.1986048772721,-0.005022003108613893,726.9209635082805,-0.004832314179995079
16245,Villalba de la Sierra,16,569.0,568.641265654935,-0.0006304645783217211,568.3141933207928,-0.0006028237713666673,568.0159726209297,-0.0005767985840581247,567.7440453807327,-0.0005522827598343216,567.4960824491798,-0.0005291775297268098,567.2699628277345,-0.0005073910325186226,567.0637547622624,-0.0004868378071773982,566.8756986033277,-0.00046743832681939157,566.7041912611559,-0.0004491185682647947,566.5477720999139,-0.0004318096139301897
16246,Villalba del Rey,16,468.0,463.13492181579346,-0.010395466205569526,456.2953910321253,-0.012584103947052339,449.5903096153467,-0.013288106759620777,443.01654681300676,-0.013621667596454778,436.5710548786174,-0.013807223828998572,430.25086662566304,-0.013918865346895792,424.0530930604403,-0.013988331097938511,417.9749210909779,-0.014031485872413985,412.0136113094001,-0.014057141485517288,406.16649584517677,-0.014070584059391655
16247,Villalgordo del Marquesado,16,59.0,57.33118340141279,-0.02828502709469849,55.71756216068145,-0.02821532202316901,54.157087458081065,-0.028145844074417448,52.647793951565106,-0.028076592616516627,51.18779613648417,-0.028007566868567424,49.775284833512266,-0.027938766027396422,48.408523842173395,-0.027870189285645997,47.08584675166377,-0.02780183583628837,45.805653901104805,-0.027733704874123077,44.566409481778415,-0.027665795596368836
16248,Villalpardo,16,979.0,974.604133794493,-0.004490159556186923,970.2498371778586,-0.004478959457266174,965.9366204757109,-0.0044677964844597184,961.6640007069971,-0.004456670560950671,957.4315017139954,-0.004445581560923562,953.2386540507782,-0.004434529350851979,949.0849948737216,-0.004423513795395517,944.9700678340384,-0.004412534758871489,940.8934229722713,-0.004401592105745311,936.854616614725,-0.004390685700823793
16249,Villamayor de Santiago,16,2336.0,2315.6357156305107,-0.00871758748693885,2299.4721822004085,-0.007849259590368307,2286.622626781756,-0.007096093486469557,2276.394700548088,-0.006440953859296217,2268.2453086063224,-0.005869412139705377,2261.7468056836938,-0.005369304704137656,2256.5614109789594,-0.004930364213928229,2252.4216560983414,-0.004543912043896148,2249.115320939617,-0.00420260166753994,2246.473747586422,-0.0039002045106122374
16250,Villanueva de Guadamejud,16,59.0,56.22480119658922,-0.04703726785441997,54.59241956051273,-0.03807731766614875,53.015240408179984,-0.03502460200395374,51.491173004133714,-0.03345919533759556,50.018213448872054,-0.03249051176591522,48.594440778241236,-0.03182076733836314,47.218013250442496,-0.03132211373054594,45.88716481106353,-0.030930552062365613,44.60020172706208,-0.030610497653729807,43.355499381118385,-0.03034058613865731
16251,Villanueva de la Jara,16,2396.0,2395.66140916983,-0.00014131503763348263,2395.390571636931,-0.00012718429056568503,2395.1739236565204,-0.00011493757623370904,2395.0006193802787,-0.00010429225530028674,2394.8619849877964,-9.501095830921624e-05,2394.751083251715,-8.689399584083102e-05,2394.6623655605363,-7.977310966444939e-05,2394.591393774024,-7.35062949145382e-05,2394.5346178592827,-6.797350280485226e-05,2394.489198096729,-6.307307019914887e-05
16253,Villar de Cañas,16,389.0,387.3409850988082,-0.004264819797408337,385.69728808655765,-0.004254180017954412,384.06873247659,-0.004243575885560236,382.4551445659309,-0.004233007046573367,380.8563530496355,-0.004222473325294573,379.2721889824237,-0.004211974576117439,377.70248574100805,-0.004201510662403263,376.1470789871015,-0.004191081451197509,374.60580663108817,-0.004180686811468437,373.07850879634833,-0.004170326613399777
16254,Villar de Domingo García,16,217.0,215.5862595400879,-0.006514932994986622,215.3192570864705,-0.0038802075294975813,215.08664127529462,-0.00294778801998985,214.883953485291,-0.002446807265755191,214.70732038344147,-0.002122055922214594,214.55337538604593,-0.0018880170872808133,214.41919106157042,-0.0017077426882201596,214.30222085745743,-0.0015625389383858712,214.20024879333604,-0.0014418522005623657,214.11134597694002,-0.0013392189976580982
16255,Villar de la Encina,16,146.0,147.54202728732616,0.010561830735110744,146.6458298761087,0.0022093056353620355,145.8193987160869,-0.00041250183279695207,145.05697855560496,-0.0016186887375994052,144.35333393129875,-0.0022659527845620975,143.70369613554286,-0.0026386971291435524,143.10371638421267,-0.0028583307351089937,142.5494243617579,-0.0029852657696382012,142.0371914418938,-0.0030528513032996862,141.56369798407883,-0.0030809285175825707
16258,Villar del Humo,16,182.0,168.80736821841137,-0.07248698781092655,164.0762021880918,-0.05051719634315399,159.52689543883469,-0.04298037907821273,155.15111367120414,-0.03911618703695341,150.94095911755068,-0.036731977147280714,146.8889450781968,-0.03509115532218898,142.9879720837809,-0.03387662816367709,139.23130557145265,-0.03292938223263664,135.61255497091457,-0.032160889978331,132.125654103972,-0.03151794913160655
16259,Villar del Infantado,16,34.0,32.56137154957611,-0.0423126014830556,32.15171705432538,-0.02756041992732372,31.749226211303284,-0.02257207477279266,31.353748777098684,-0.02005288358687707,30.96513812704655,-0.01852595113731703,30.583251157764252,-0.01749646329828569,30.207948192572022,-0.016751738382560166,29.839092889704865,-0.01618523205679101,29.476552153226688,-0.015737672428194238,29.120196046560224,-0.015373459981857462
16263,Villar de Olalla,16,1575.0,1657.8561047736716,0.052607050649950304,1740.5688270976334,0.051248336419085216,1826.9634026529377,0.050710558674369466,1917.181815469269,0.050378166353334475,2011.3705503234262,0.05012816292806033,2109.68069678722,0.04991956436703893,2212.2680543251436,0.049734809004963854,2319.293238407438,0.04956511642962713,2430.921787602628,0.04940560837852259,2547.3242716120026,0.0492533574396683
16264,Villarejo de Fuentes,16,387.0,376.4930984997031,-0.02714961627983703,366.3218668493425,-0.027082669805060022,356.4742294159273,-0.02701594187544798,346.93858870538975,-0.026949431719113348,337.7038048588707,-0.026883138551553998,328.7591760643347,-0.02681706158863162,320.0944198680891,-0.02675120004841669,311.69965534219114,-0.026685553151641006,303.5653860659988,-0.026620120121841784,295.68248388228307,-0.02655490018541229
16265,Villarejo de la Peñuela,16,16.0,15.723126153398422,-0.017304615412598645,15.297542585782796,-0.022198173651007735,14.885520628666976,-0.023779292972111676,14.486573531829842,-0.0245356025221265,14.100233778041499,-0.024962618771824374,13.72605225877864,-0.025225235147941838,13.363597487853921,-0.02539405176507481,13.012454851102643,-0.02550434597824469,12.672225890366134,-0.025575707162878936,12.342527620102466,-0.025619884672349658
16266,Villarejo-Periesteban,16,375.0,372.7843433534164,-0.005908417724223014,370.6652054408178,-0.00579652593536939,368.69074970999435,-0.005639971962587698,366.8504569292045,-0.00547787523943466,365.1346507266737,-0.005317777158877823,363.5344208141188,-0.0051619711221788656,362.0415542532859,-0.005011262940080585,360.6484738082887,-0.004865910265722695,359.34818255301514,-0.0047259351998057975,358.1342140111315,-0.004591248880303711
16269,Villares del Saz,16,499.0,495.2773446070803,-0.007460231248336058,491.7534936719844,-0.007287582816438376,488.41669649319005,-0.007120252692129125,485.25599989918595,-0.006958057147212315,482.26118498146747,-0.006800819224394794,479.422709716836,-0.006648368444603037,476.73165676695885,-0.006500540557513701,474.179685928688,-0.006357177305545081,471.7589907676313,-0.006218126197702234,469.4622590193298,-0.006083240292286796
16270,Villarrubio,16,211.0,209.91852179461753,-0.0051254891250354095,208.85454240300226,-0.005097012509964194,207.80771910780598,-0.005068746558583692,206.77771729553973,-0.005040689537438414,205.76421024395418,-0.005012839715925921,204.7668789032628,-0.004985195376628004,203.78541168428126,-0.004957754816666937,202.81950425323706,-0.00493051634794095,201.8688593330159,-0.00490347829711324,200.93318651061986,-0.00487663900552604
16271,Villarta,16,853.0,863.4683189896482,0.0122723552047459,870.7208748314254,0.010333987023986912,876.5667549689201,0.009125827012593124,881.2717052323802,0.008184923922650134,885.0538416138304,0.007405069652588692,888.0912342179791,0.006741779410208482,890.5286518273556,0.006169773657411781,892.4834015702006,0.0056720716666367466,894.0502902613766,0.005236158699838622,895.3057816367324,0.004852311307359081
16272,Villas de la Ventosa,16,225.0,220.81069712429723,-0.018619123892012257,217.3980321394202,-0.017038415717480437,214.1040500106384,-0.016409961989203525,210.92365342203763,-0.01602131286697417,207.85200745712524,-0.01572978970689065,204.88452399325217,-0.015487791132227646,202.01684713923513,-0.015274895105567121,199.2448396392248,-0.015080875191395449,196.56457017204946,-0.014900037477987182,193.97230148090696,-0.01472895484862935
16273,Villaverde y Pasaconsol,16,318.0,320.55575625149197,0.008036969344314304,318.4790486933084,0.0007529377582597974,316.5000281988505,-0.0015747761034849983,314.6136078342277,-0.0026729559475160425,312.8150050587298,-0.003282481862661668,311.0997204392374,-0.003649636743341733,309.4635180849818,-0.0038797643789654224,307.90240764589,-0.0040254396476741006,306.41262773350087,-0.004115810354956895,304.9906306374757,-0.004168320919844981
16274,Víllora,16,120.0,116.30762897466991,-0.030769758544417436,114.75560751484619,-0.022095746358374413,113.30040902384145,-0.018967465056109467,111.93509884458662,-0.017242741216709434,110.65332689714052,-0.016087119549577533,109.44926998818778,-0.015221396842820867,108.31758062239257,-0.014525510408321507,107.25334149965272,-0.013939190796175782,106.25202499431383,-0.013428782511152315,105.30945700779293,-0.012973954902479767
16275,Vindel,16,19.0,20.44055563097972,0.07581871741998536,22.37836154662361,0.0852688618281987,24.231033114330224,0.08444145257648783,25.984083117516132,0.08140518849953837,27.627865451611953,0.0777517737240152,29.1569394507377,0.07398460411232444,30.569374890835274,0.07029798585299352,31.86606164082194,0.06677259149576886,33.050066046186345,0.06344049110924788,34.126058387805756,0.06031096561450222
16276,Yémeda,16,18.0,17.65469912545463,-0.019183381919187226,17.313177412644936,-0.019263955189070536,16.97992062834939,-0.019258882209245876,16.65469707453703,-0.019232517756139766,16.337282339467016,-0.019197730973469773,16.027459045718423,-0.019158811006344534,15.725016607672217,-0.019117595688155187,15.429750998064554,-0.019075003636894183,15.141464523246952,-0.019031544939030698,14.859965606804547,-0.018987525419033813
16277,Zafra de Záncara,16,92.0,89.38333456564371,-0.02844201559082926,86.85362204599137,-0.02837192856754167,84.40762090361224,-0.028302070381738598,82.04222233491747,-0.02823244002271752,79.75444432314364,-0.028163036630463933,77.54142604020045,-0.02809385937264508,75.4004225134155,-0.028024907427027235,73.32879954384686,-0.027956179977072115,71.3240288635427,-0.027887676210460732,69.38368351979587,-0.02781939531849731
16278,Zafrilla,16,59.0,57.29016330245961,-0.028980283009159113,56.09370177200575,-0.02494066436954845,54.95864166416785,-0.023374650137387376,53.881129105450405,-0.02243381811718459,52.857599803122255,-0.02174723213125329,51.88475388772275,-0.02119099039763095,50.95953321170971,-0.020711871113428537,50.0791008398936,-0.0202831806963939,49.24082249825232,-0.019890024001616324,48.442249774769465,-0.019523408989031488
16279,Zarza de Tajo,16,320.0,344.0239513623402,0.07507484800731312,364.53534345434747,0.06732045248596075,381.82152787661295,0.060645232713741004,396.2388246793957,0.05487685139010989,408.1636446545257,0.04987324476093846,417.96137887409685,0.045516832355284365,425.9686332668603,0.041709934722101494,432.4847459796404,0.03837112312101243,437.7693314931511,0.035432294176495516,442.043454739714,0.03283631283695332
16280,Zarzuela,16,174.0,171.6897549417219,-0.013277270449874146,169.479081408436,-0.01307664469631431,167.36284040157489,-0.01288004853329383,165.3362113601601,-0.012687391217313104,163.3946689098111,-0.012498584377744315,161.53396171067794,-0.012313541771468262,159.75009302650392,-0.012132179204830007,158.03930285931992,-0.011954414477551967,156.39805150963934,-0.011780167332430258,154.8230044357414,-0.011609359407561026
16901,Campos del Paraíso,16,646.0,632.97870309948,-0.020156806347554235,620.2830241720912,-0.020106924254039815,607.9035632658776,-0.020057205991587224,595.831224286075,-0.02000765089835954,584.0572040562698,-0.019958258365539328,572.5729819607188,-0.019909027795041778,561.370309983518,-0.01985995859346734,550.4412031283065,-0.019811050170583155,539.7779302029099,-0.019762301938810234,529.3730049539923,-0.01971371331301508
16902,Valdetórtola,16,115.0,114.14898387518151,-0.007400140215812923,112.31346858853072,-0.011749597879377793,110.74556992726453,-0.012486956445789565,109.40357478030715,-0.012394685865147137,108.25293089187232,-0.012019518826528297,107.26486155581169,-0.011538088253824297,106.4152836254281,-0.011022080896435082,105.68395472769643,-0.010504321088842916,105.05379535903862,-0.010000720496561977,104.510345654612,-0.009519010676600215
16903,"Valeras, Las",16,1528.0,1533.9089848344117,0.0038671366717353273,1534.510487509861,0.002128130657524485,1535.0149145765627,0.001527968350608866,1535.4379082732048,0.001214720143664083,1535.792597661932,0.0010178991681242255,1536.0900002287838,0.000880476752870285,1536.3393599600377,0.0007778533785842701,1536.5484317475145,0.0006976097380964053,1536.723720506588,0.0006327562412886678,1536.8706821222713,0.0005790309459550169
16904,Fuentenava de Jábaga,16,634.0,654.9499477242626,0.03304408158401051,672.5861167028193,0.029981253621646164,687.0363695704565,0.027141216470368823,698.8197835774496,0.02463452040991365,708.3918599925527,0.02243771447682419,716.1438369297317,0.02051290299577313,722.4064519357512,0.018823393374118202,727.4559525457036,0.017336626753604145,731.5209537367568,0.016024471004165708,734.7893034790621,0.014862854022522631
16905,Arcas,16,2332.0,2408.5461011661087,0.03282422863040679,2485.1597047759406,0.03231652288443709,2561.7666594996235,0.0318193649609817,2638.2950889692747,0.03133250478306904,2714.6755206793237,0.030855698765091644,2790.840996003003,0.030388709621275822,2866.727162196287,0.02993130618791473,2942.272347201412,0.029483263252015002,3017.4176181175944,0.029044361385384354,3092.1068242484575,0.02861438678381867
16906,"Valdecolmenas, Los",16,69.0,67.6186866858605,-0.02001903353825374,66.2529547236459,-0.02010829699499117,64.93133666182995,-0.020054888308013386,63.65208395764381,-0.01996658387290362,62.41352912739191,-0.019864927718809877,61.21408149309738,-0.019757094522412144,60.052223176456366,-0.01964615381645085,58.926505324399535,-0.01953363582955059,57.83554455163752,-0.019420386723795202,56.77801958656391,-0.01930691067797552
16908,Pozorrubielos de la Mancha,16,166.0,164.55282319917694,-0.008717932535078687,163.54059019649645,-0.007435504215394961,162.7352888366073,-0.006599097197554471,162.09390380363678,-0.005935308038717224,161.58261632734684,-0.005379721247975255,161.1747477615726,-0.004904371131703167,160.84919430704613,-0.004492811797014107,160.58922506375166,-0.004133692780563414,160.38155222413477,-0.003818481056828804,160.2156073330627,-0.003540451211885287
16909,Sotorribas,16,711.0,715.550583396504,0.006400257941637122,718.9964988726426,0.005607693813767467,721.796318582563,0.005036159723169398,724.0692957808975,0.004564051301358729,725.9133279797702,0.004160268981260096,727.4085511692244,0.0038098823005072724,728.6204118869488,0.0035033323159117113,729.6022615704753,0.003233605445477128,730.3975275468454,0.002995200498934647,731.0415170067206,0.0027836494917923282
16910,Villar y Velasco,16,91.0,88.09669789117251,-0.03190441877832406,87.40901333239901,-0.019929284159382332,86.75533749009793,-0.015796427566813098,86.13378761724526,-0.0136454819955657,85.54260181181166,-0.01229281594241316,84.98012992937798,-0.011342193918150723,84.44482528346114,-0.010623332508671535,83.93523705684322,-0.010050897763009381,83.45000335541673,-0.009577377105603913,82.9878448433208,-0.009174193628585736
19001,Abánades,19,64.0,64.9884918571415,0.015445185267835893,66.16657958026121,0.016785526028759712,67.22664421543674,0.016530669836432033,68.17865026499592,0.015937769337379004,69.03213817745481,0.015252973786631374,69.79613535236264,0.014554154733163127,70.47910167915222,0.013871493240260158,71.08890197642651,0.013217609285005816,71.63279891992794,0.012597574961886515,72.11746117571256,0.01201289325823618
19002,Ablanque,19,70.0,73.52348258648345,0.05033546552119228,74.88053163405581,0.03427360040103111,76.05136625948825,0.02802338407056104,77.05895351277692,0.024309655879318992,77.92417163508522,0.0216798563995666,78.66576792645392,0.0196425672275502,79.30041159587358,0.017980898142723856,79.84280682895911,0.01658154084186525,80.30584064406925,0.015377830649556001,80.70074748233212,0.014326920048409741
19003,Adobes,19,28.0,27.54029166884921,-0.016418154683956798,27.090373141986245,-0.01637744713761835,26.64999957363258,-0.016336873687634146,26.218933056663076,-0.016296433780871755,25.796942398446607,-0.016256126914863778,25.383802911049465,-0.016215952597161465,24.97929620858657,-0.016175910339520927,24.583210011457695,-0.0161359996564443,24.19533795721642,-0.016096220064689137,23.815479417829568,-0.01605657108306724
19004,Alaminos,19,54.0,53.410777197393486,-0.010911533381602112,52.56587937061096,-0.013368249767488183,51.73847163514706,-0.014159599589273597,50.928127488739435,-0.014535492921131543,50.13443222666947,-0.014745406755133472,49.356982580028806,-0.014872429782599617,48.59538636609138,-0.01495215404357042,47.849262150354114,-0.015002369705115037,47.11823891982534,-0.01503295776705904,46.40195576715749,-0.015049845645358606
19005,Alarilla,19,144.0,144.95997227177466,0.00666647410954635,145.92149641816567,0.006649752955888211,146.88454294053955,0.006633087601073395,147.8490824451431,0.006616477995156522,148.81508555338328,0.006599923959581977,149.7825229046776,0.0065834252950705,150.7513651592781,0.006566981797029747,151.72158300106682,0.006550593259403881,152.69314714032245,0.00653425947595343,153.66602831645937,0.006517980240766663
19006,Albalate de Zorita,19,1148.0,1159.8430916561638,0.010316281930456306,1171.4199653933867,0.010148833944274793,1183.0536412176887,0.010076303968705291,1194.7438187410078,0.010027564151962709,1206.4901934145528,0.009988390270148528,1218.2924565811913,0.009954040925774787,1230.1502955282378,0.009922483965022266,1242.063393540627,0.009892703171455963,1254.031429954461,0.009864133848251244,1266.0540802109026,0.009836437055849911
19007,Albares,19,610.0,614.2863245180233,0.0070267615049561805,619.4363904037723,0.007705062240535021,624.6035592977219,0.007917238950766237,629.7876721283445,0.008012876890888032,634.9885689719395,0.008061931748875262,640.2060890748834,0.008087727308020431,645.4400708758504,0.0081002606463485,650.6903520279919,0.008104530605052673,655.9567694210755,0.008103314373077097,661.2391592035797,0.008098278236637668
19008,Albendiego,19,50.0,47.73900397623665,-0.045219920475266906,48.06352398991931,-0.01955597824333377,48.38861088206227,-0.010860109135802931,48.714254639505214,-0.006491666272899543,49.04044524938011,-0.003868026743964026,49.36717270012636,-0.002120635329945997,49.69442698249698,-0.0008753611850825793,50.02219809055562,5.548445035841176e-05,50.35047602266429,0.0007764199208111222,50.679250782461835,0.0013502674530756487
19009,Alcocer,19,319.0,321.94817947369387,0.00924194192380523,321.95811938611433,0.004625851510834611,321.96795779773026,0.0030917455713008746,321.97769574194797,0.002325492893443082,321.987334241714,0.001865960207711348,321.99687430962075,0.0015596709567979872,322.0063169480103,0.001340906843882328,322.0156631490755,0.0011768275308041698,322.02491389496396,0.001049195811359649,322.0340701578754,0.000947072700994589
19010,Alcolea de las Peñas,19,7.0,11.03905404692349,0.5770077209890698,10.941079783272881,0.25020454230914213,10.852934546348413,0.15739885378510077,10.77356977025084,0.11382098794630502,10.70205970910188,0.08861387646730035,10.637585183973473,0.07223711274349309,10.579419785331405,0.060775306684787145,10.526918112291481,0.0523262419584698,10.47950570881844,0.04585485697075797,10.436670419756418,0.04074993612829192
19011,Alcolea del Pinar,19,357.0,363.82813235522354,0.019126421163091267,369.38454963138963,0.01719743177712396,373.8907193789196,0.015528594394238038,377.535202474139,0.014080213987946344,380.47634997172594,0.012819117067665253,382.8457565615501,0.01171751883742611,384.75190133192524,0.010752097436840025,386.28364802514227,0.009903235328808657,387.513434833506,0.009154396054779523,388.5000826224714,0.008491610986702147
19013,Alcoroches,19,117.0,115.55782542019467,-0.012326278459874551,113.62488577946269,-0.014529112601525118,111.73370199342101,-0.01523461283482852,109.88321636132768,-0.015566520123776462,108.07240148055455,-0.015749173704043384,106.30025928664628,-0.015857296316208358,104.56582012652028,-0.01592289783701073,102.86814186357198,-0.01596197840780844,101.20630901350331,-0.015983424980418937,99.5794319097364,-0.015992568721698186
19015,Aldeanueva de Guadalajara,19,107.0,106.95201225455696,-0.00044848360227134343,106.90657072659631,-0.0004366807347688795,106.86353931089485,-0.0004252920286812456,106.82278929305522,-0.00041430110481754934,106.78419892375385,-0.00040369230105330445,106.7476530325575,-0.0003934506177221131,106.71304266409176,-0.00038356168534969814,106.68026473517517,-0.00037401173630391416,106.64922171162515,-0.00036478757826374775,106.61982130353262,-0.0003558765690393484
19016,Algar de Mesa,19,44.0,43.673916700398884,-0.007410984081843597,42.742640952165424,-0.014391731972707267,41.83573155198427,-0.016672397114351978,40.952456017684895,-0.017784419212740543,40.09210643334535,-0.018430083243629825,39.25399854683746,-0.018842930074667308,38.437470903224764,-0.019122912919921742,37.64188401248777,-0.01931996370027389,36.86661955011922,-0.01946180457723079,36.11107958919831,-0.019565060721245975
19017,Algora,19,89.0,88.49834906551108,-0.005636527353808152,88.02982494281187,-0.005465356731698567,87.59209407895783,-0.00530110797299832,87.18300440645677,-0.005143467191949358,86.80056934217473,-0.004992135434787381,86.4429533357512,-0.00484682809806114,86.1084588696509,-0.004707274237489734,85.79551474503452,-0.0045732158945052115,85.50266550867694,-0.004444407453013888,85.22856189430524,-0.00432061502751635
19018,Alhóndiga,19,185.0,183.77331815770944,-0.006630712661030103,182.58766517521764,-0.006541217614704609,181.44146490407653,-0.006453330842555394,180.33321292107894,-0.00636701973463949,179.26147253925947,-0.006282252541201849,178.2248712113902,-0.006198998217539775,177.22209715333062,-0.006117226389108721,176.251896172156,-0.00603690733195128,175.31306868512902,-0.005958011956779696,174.40446691662476,-0.00588051179437421
19019,Alique,19,15.0,13.801474915396858,-0.07990167230687617,13.428967261363152,-0.05381582971871868,13.078652226620513,-0.044661578985355055,12.748906761002349,-0.03983599383095493,12.438249212822397,-0.03676201836358661,12.145325175873005,-0.034572538807625786,11.868894920729444,-0.03289384666940098,11.607822215568785,-0.03153833153179986,11.361064367682047,-0.030401413983482728,11.127663339110606,-0.029420147537060903
19020,Almadrones,19,67.0,66.25241376471641,-0.01115800351169538,65.53417986436156,-0.010999450188330484,64.8439276832257,-0.010843892913158126,64.18036335683857,-0.010691268297245538,63.54226472139062,-0.010541514400202345,62.928476651300464,-0.010394570669521097,62.33790674208807,-0.010250377904964192,61.769521310099655,-0.010108878226703033,61.222341683195644,-0.009970015044833747,60.69544075883354,-0.009833733029780412
19021,Almoguera,19,1379.0,1383.9248124436338,0.003571292562461137,1387.228462204404,0.0029790514602825446,1389.8770592748929,0.0026223315973659123,1391.99957743135,0.002348418107060324,1393.699925493782,0.002122936019056665,1395.061699262204,0.001931871054014822,1396.152076231407,0.00176746537521133,1397.024991384791,0.001624614587077522,1397.7237164470428,0.001499611933916123,1398.2829481060246,0.0013896065543717029
19022,Almonacid de Zorita,19,667.0,654.9575477709109,-0.018054651018124646,648.2876094226241,-0.014127066294428836,641.7184384553697,-0.012797541973076698,635.2481821928657,-0.01211953097383256,628.8750275060561,-0.011702485643646066,622.5971998618761,-0.01141605090351927,616.4129623972988,-0.011204317874270786,610.3206150179344,-0.011039318095437234,604.3184935204722,-0.010905507917497781,598.4049687382784,-0.010793558562681604
19023,Alocén,19,151.0,151.13878924530962,0.0009191340748981869,149.79625924463068,-0.003993872047925673,148.73082661264834,-0.005034516597428262,147.88393921473892,-0.005199452107684355,147.20990264168674,-0.005071169861124436,146.67288602209962,-0.00483411035824266,146.24468356279777,-0.00456081106537265,145.90302185040522,-0.004283010350940697,145.6302672751434,-0.004015122534052673,145.4124307843091,-0.0037634784630385942
19024,Alovera,19,14526.0,15406.981469303953,0.06064859350846441,16225.532254241523,0.05688188984472209,16981.01455573398,0.053430442911954756,17674.205527489434,0.05026396589180315,18306.965981598285,0.04735537765683073,18881.948092793384,0.044680431894236206,19402.346530094917,0.04221739331366692,19871.693070644153,0.0399467543905585,20293.691967989475,0.03785098704236933,20672.091785039207,0.03591432448828469
19027,Alustante,19,152.0,149.15919876973717,-0.01868948177804486,146.4071114515796,-0.018570083703121854,143.7403228351526,-0.01845169822995274,141.1555723781764,-0.0183343155525566,138.6497461145662,-0.01821792615336948,136.21986916610473,-0.018102520640839725,133.86309867927727,-0.017988089725429424,131.57671716085375,-0.017874624212922297,129.35812618757527,-0.017762115001585754,127.20484046695097,-0.0176505530804959
19031,Angón,19,8.0,6.1537583600909445,-0.23078020498863194,5.714586890706338,-0.15482347326828094,5.308722452019388,-0.1277653315393945,4.933500473889271,-0.11383152366526894,4.586479982343056,-0.1052990405325438,4.26542400602468,-0.09951039534722061,3.9682817691153622,-0.09530583797969838,3.6931725017601678,-0.0920985686487189,3.4383707155702687,-0.08955982732892498,3.2022928066348784,-0.08749110774554414
19032,Anguita,19,150.0,147.1101503772136,-0.019265664151909223,143.92299585455174,-0.020466111341549853,140.82031256780212,-0.020830189481231276,137.79953173557965,-0.02098550772177643,134.85817165158284,-0.021057458957479458,131.99383445368912,-0.021087822570824866,129.2042030226346,-0.02109449928515139,126.48703800470985,-0.021086437714786577,123.84017495316354,-0.021068608467301075,121.26152158324096,-0.021043993402581562
19033,Anquela del Ducado,19,46.0,45.05720467450404,-0.02049555055426,43.84085077882248,-0.02375106993520215,42.66317067537248,-0.02478935707896357,41.522779089223754,-0.02527490981895586,40.418345379682535,-0.025539723876374487,39.348591202902625,-0.025694338759275848,38.312288281828,-0.025786097458082913,37.308256278218764,-0.025838661031328036,36.33536076178433,-0.025865170199644183,35.39251127170438,-0.025873507302436538
19034,Anquela del Pedregal,19,28.0,28.275545655761626,0.00984091627720085,28.43371689076801,0.0077151824578214345,28.591975434264587,0.006998237029891774,28.750316929034835,0.006632971518018005,28.908737032999085,0.006408317711902312,29.06723141950644,0.006253968481602312,29.22579577762188,0.006139804107888613,29.384425812408445,0.0060507685828916635,29.543117245204723,0.005978498936458632,29.701865813897488,0.005917978017413672
19036,Aranzueque,19,411.0,421.56254414665983,0.02569962079479282,432.41853670592747,0.025725707972144685,441.3042719699721,0.023997201856198913,448.54414763128085,0.02209401018121615,454.42147289764716,0.02028947031247741,459.1787329747646,0.018646093273155806,463.0203742023129,0.017171164447868703,466.11681542760647,0.0158547569073777,468.60887110233523,0.014681760564834168,470.61210520105294,0.01363623523882973
19037,Arbancón,19,157.0,151.97372390916334,-0.03201449739386408,150.99068452795237,-0.019324668774837628,150.0544445261908,-0.01496936607922883,149.16254054151946,-0.012720703562484448,148.31265803757876,-0.011320081318563768,147.50262080221813,-0.010346084158871949,146.73038130225262,-0.009617601247072005,145.99401181598438,-0.009043880783831226,145.29169627269533,-0.008574404441341277,144.6217227354309,-0.008178798188697711
19038,Arbeteta,19,16.0,15.1425484848009,-0.05359071969994378,14.341104925608148,-0.053258716517279314,13.591488549296633,-0.05292941745785207,12.889865129286402,-0.0526027982788021,12.232715646069696,-0.052278835109193955,11.616808011323556,-0.05195750431719759,11.039171525312224,-0.05163878248963916,10.497073785495576,-0.05132264642560325,9.98799979511879,-0.051009073133167715,9.509633047859698,-0.05069803982708243
19039,Argecilla,19,74.0,73.57192038247608,-0.0057848596962691845,73.30128688936173,-0.004732231539009035,73.05442214874914,-0.004277631732667708,72.8291713869099,-0.003979190057893711,72.62358602773027,-0.0037480280867016047,72.43590223779894,-0.00355417382882639,72.26452196899255,-0.003384515328816451,72.1079961689478,-0.003232283786023138,71.96500987871843,-0.0030935457867745653,71.83436897784016,-0.002965798814371423
19040,Armallones,19,52.0,52.164761303699336,0.003168486609602672,51.81085129437668,-0.0018203944720873722,51.46109397408406,-0.003466528743128028,51.11542888006211,-0.004280146928603457,50.77379659124057,-0.004761291385560473,50.43613870773674,-0.005076365252945192,50.10239783080436,-0.005296616163423695,49.77251754322206,-0.005457645572862768,49.44644239011078,-0.0055792231879030485,49.124117860169925,-0.005673206797400576
19041,Armuña de Tajuña,19,280.0,283.44592292938984,0.0123068676049638,286.9806391222518,0.01238868721852171,290.2876246635588,0.01210016761728161,293.3787668917963,0.011737067812424007,296.26574939949944,0.011357461830961979,298.9599820024991,0.010979861346405828,301.4725454032325,0.010611528369703693,303.8141486432279,0.01025555112755483,305.99509759454986,0.00991319984603467,308.0252728995636,0.009584866538411951
19042,Arroyo de las Fraguas,19,32.0,31.758479334939768,-0.0075475207831322555,31.530983250077142,-0.007355437951272137,31.316616537065183,-0.007169861796925137,31.114549156563424,-0.00699054528438825,30.924010730383753,-0.006817251259194301,30.74428556191574,-0.006649752091795191,30.574708136338295,-0.006487829290330871,30.41465904845943,-0.006331273123897363,30.26356131227909,-0.0061798822603141845,30.120877011808776,-0.006033463418677942
19043,Atanzón,19,83.0,82.72846233050673,-0.0032715381866659232,82.36472721108413,-0.003834295422233791,82.00439805144383,-0.004014496011942814,81.64743511376156,-0.004099126066612002,81.29379921757695,-0.004145556267142525,80.94345173074333,-0.004172906413674737,80.5963545605439,-0.004189369730726367,80.25247014496921,-0.004199042468765901,79.9117614441545,-0.004204200146811443,79.5741919319721,-0.004206207970836262
19044,Atienza,19,406.0,403.6806374502635,-0.005712715639745181,401.3860222932996,-0.005698474862931513,399.11582580373,-0.00568428119078046,396.8697242664668,-0.005670134569143115,394.6473990809653,-0.00565603484709265,392.4485366683964,-0.005641981858150236,390.2728283807097,-0.005627975431885535,388.11997041154393,-0.005614015396813943,385.9896637089396,-0.005600101581361372,383.88161388981644,-0.005586233814248165
19045,Auñón,19,156.0,161.6917209621507,0.03648539078301738,165.25073599531285,0.029222808585946503,168.52945759492886,0.02608595146246162,171.54386138236782,0.024029919589486415,174.31020521864667,0.02244426476237238,176.84472717718407,0.02112267331003448,179.16340762818905,0.019974337540049625,181.28178657457465,0.018951931259449273,183.21482787188063,0.018027612688543027,184.97682265536625,0.017183417880928475
19046,Azuqueca de Henares,19,35924.0,35950.959908399,0.0007504706713896692,35975.18581902236,0.0007121645577754521,35996.95340841571,0.0006764658740019414,36016.51085853851,0.0006431748647937052,36034.081543250744,0.0006121081288301689,36049.86646002087,0.0005830972045171023,36064.04643269449,0.0005559872973861513,36076.78410500313,0.0005306361211234734,36088.225743189476,0.0005069128403687451,36098.50286481711,0.0004846971058418692
19047,Baides,19,46.0,45.051465815212744,-0.020620308364940332,44.12708753705119,-0.02056929205021052,43.226156430552194,-0.02051844274754777,42.34798695115982,-0.020467760145556402,41.491915964833964,-0.020417243695135978,40.65730194435338,-0.020366892809504544,39.84352419682707,-0.020316706892766212,39.049982121114624,-0.020266685347045676,38.276094493913575,-0.020216827574860874,37.52129878332648,-0.020167132980067226
19048,Baños de Tajo,19,13.0,12.97930716088515,-0.0015917568549885797,12.589713970223087,-0.01590674416953408,12.213675988660057,-0.020582903358011606,11.850666411879171,-0.022875606893541844,11.500180846298846,-0.024219211058568724,11.161736279403524,-0.0250895308073521,10.834870100676492,-0.025689924231623862,10.519139170494265,-0.026121885877653073,10.214118934487795,-0.026441728603770254,9.919402581012415,-0.026683207137425446
19049,Bañuelos,19,10.0,10.193992851321768,0.019399285132176924,9.778028183236612,-0.011160873385533288,9.380990796768662,-0.021074661418740592,9.001940705409709,-0.025943750755040185,8.639988190261068,-0.028813515836542347,8.294290932956036,-0.03068884480540135,7.964051321744365,-0.03199791474002478,7.648513919726475,-0.032954000487356194,7.346963084959201,-0.03367526724378911,7.058720732837815,-0.03423246982356409
19050,Barriopedro,19,26.0,28.499187712268107,0.09612260431800412,30.73311318751454,0.08721792429319586,32.74163683368333,0.07988045212307182,34.52746377343397,0.07348957834942982,36.100488096997054,0.06784432796728646,37.475224472979825,0.06282513312011861,38.6687740005367,0.05834368346208629,39.69930088905725,0.05432908891559873,40.58495222459697,0.0507223388909932,41.34313742452896,0.047473412525050884
19051,Berninches,19,51.0,49.59373824434461,-0.02757375991481159,48.261054737120816,-0.027222949014555797,46.99719987118347,-0.02687804938500926,45.79778702866723,-0.026538949988513694,44.65876081777423,-0.026205542377948476,43.576368500350384,-0.025877720284162353,42.54713416626062,-0.025555379522511634,41.56783536516582,-0.025238417939907998,40.63548193931612,-0.024926735371409325,39.7472968299477,-0.024620233600157637
19052,"Bodera, La",19,19.0,18.448994988219987,-0.02900026377789544,17.927892165478944,-0.028623002193631897,17.434690774127237,-0.02825223741061811,16.96754829191906,-0.027887845468996697,16.52476616831557,-0.027529704803644917,16.10477698675533,-0.02717769624711197,15.70613290156597,-0.026831702989869255,15.327495210913796,-0.02649161053595206,14.967624943496128,-0.026157306658214474,14.625374350932532,-0.025828681354032823
19053,Brihuega,19,2826.0,2879.65390970809,0.018985813767901538,2907.1035065262563,0.014248020404944661,2929.2514573317844,0.012033368962354851,2947.091246011604,0.010544298741034241,2961.4412719959314,0.009406724072485995,2972.971585314519,0.008485751954681486,2982.228150583817,0.007716539987168369,2989.6541496126665,0.007061745787385831,2995.6082604081785,0.0064971285447348315,3000.3800856997395,0.00600563108450114
19054,Budia,19,226.0,225.4939435133719,-0.0022391879939296366,225.03906308191551,-0.00212823131720008,224.6300968510383,-0.002024602367868833,224.2623403705276,-0.0019277570660000132,223.93158438899655,-0.0018371944692429087,223.6340602711749,-0.0017524531239691,223.36639188193604,-0.0016731078145314493,223.12555309091826,-0.0015987665966966658,222.9088301758382,-0.0015290680822959146,222.71378850642785,-0.0014636789520034998
19055,Bujalaro,19,59.0,58.59847362433714,-0.006805531790895936,58.22779906628383,-0.006565629454526101,57.88544620507668,-0.006336986670031797,57.56911414913145,-0.006119010310788764,57.27670752844228,-0.005911140693947381,57.0063156810534,-0.005712849390194119,56.75619425833353,-0.005523637386817382,56.52474893013599,-0.005343033385754259,56.310520917565576,-0.005170592207032532,56.112174120296196,-0.005005893287194585
19057,Bustares,19,62.0,63.132399746779114,0.018264512044824377,62.145358309973815,0.0011715581610103332,61.17856880195672,-0.004435945277914355,60.23154126980989,-0.0072084507306834356,59.3037992149522,-0.00885278396959066,58.39487918341119,-0.009934685755330297,57.50433036971861,-0.010695835423929267,56.63171423393989,-0.0112568168393673,55.77660413136763,-0.011684520023912515,54.93858495442725,-0.012019033494977682
19058,Cabanillas del Campo,19,11572.0,11791.082913986598,0.01893215641087087,11992.393322616012,0.01800220684436349,12173.242153393665,0.017027302945114453,12335.409344500336,0.016099611313395545,12480.587411015398,0.015232051551612669,12610.368644876622,0.01442488160280897,12726.23792401177,0.013675154456302074,12829.569833240681,0.012979038793237141,12921.629019862836,0.01233255854562798,13003.57290584665,0.011731861888929718
19059,Campillo de Dueñas,19,71.0,70.8046620950761,-0.0027512380975197592,69.76595862679181,-0.008728525786897756,68.77425644587699,-0.01056063465986845,67.82699805650977,-0.011364816952479928,66.92179297459141,-0.011761330112335155,66.05640499848552,-0.011956426823194977,65.22874057863513,-0.012038337915093011,64.43683818091323,-0.012051095094012032,63.67885854955378,-0.012019104370008082,62.95307578525821,-0.011956966192794516
19060,Campillo de Ranas,19,150.0,144.99862728875306,-0.03334248474164625,144.59706139530172,-0.018174959933282442,144.2766095513922,-0.012883928154218904,144.0207594786882,-0.010117926342344097,143.81640612796556,-0.008384207912281894,143.65313223850706,-0.007179719156495734,143.52264659901826,-0.006286223547723235,143.41834343066952,-0.005592982730596163,143.33495547530913,-0.005037387026131435,143.26828002113604,-0.004581108307616488
19061,Campisábalos,19,72.0,72.02321714484519,0.0003224603450719954,72.04632552162182,0.00032165328084610145,72.06932571523181,0.00032084942996579713,72.09221819551362,0.0003200483885137384,72.11500343063148,0.0003192500676780785,72.13768188707756,0.0003184544311995996,72.16025402967416,0.0003176614578610515,72.18272032157601,0.0003168711321122064,72.20508122427242,0.00031608344094236074,72.22733719758956,0.0003152983726313341
19064,Canredondo,19,81.0,80.25196731390496,-0.009234971433272121,79.55547598188681,-0.008956928208087023,78.86975957838764,-0.008844414542532819,78.19461105891195,-0.008773392642491884,77.52982809683574,-0.008719049425780834,76.87521296041169,-0.008673112716686027,76.23057239335762,-0.008632036738097204,75.59571749891282,-0.008594048207150373,74.9704636272516,-0.008558161645634499,74.3546302661474,-0.00852378548934729
19065,Cantalojas,19,121.0,119.63776385662432,-0.011258149945253537,118.50289861585846,-0.010372394039975696,117.38439242187873,-0.010061240520729542,116.28195705448411,-0.009893890098579328,115.19531020990819,-0.009784122584674315,114.12417536362543,-0.009703189372851972,113.06828163667917,-0.009638767422506245,112.02736366543438,-0.009584694399430438,111.00116147465715,-0.009537546393256546,109.98942035382939,-0.009495268825436498
19066,Cañizar,19,78.0,83.54731208579122,0.0711193857152721,88.18989695658084,0.0633154304210719,92.34044829472005,0.05787038350704976,96.02347896155307,0.053345170672576936,99.27093726353088,0.04941073837074739,102.11889284163563,0.04592830439240214,104.6050310432366,0.042817429828397646,106.76684523298432,0.040022478350651536,108.64040045282451,0.03750101041745357,110.25954534211546,0.03521882169214208
19067,"Cardoso de la Sierra, El",19,49.0,48.0425950858824,-0.019538875798318478,46.98428102038435,-0.020784559983336615,45.96156174345364,-0.021112237827922153,44.9729774882247,-0.02121142725689662,44.01713809291795,-0.021219869604471975,43.092719259881456,-0.021183451202664627,42.198459036738925,-0.021121827331662235,41.33315450528178,-0.021044819558778127,40.49565866474252,-0.020957879809974433,39.68487749701418,-0.020864275537073484
19070,Casa de Uceda,19,128.0,128.93437899095105,0.007299835866805049,129.87085600748222,0.007281521005153113,130.8094014546173,0.007263266851387451,131.74998595080737,0.00724507368055316,132.69258007342705,0.0072269413627925605,133.63715436210416,0.0072088697015453285,134.5836793220274,0.00719085848186074,135.53212542723114,0.007172907482472679,136.48246312385714,0.007155016479820642,137.43466283339296,0.007137185249658007
19071,"Casar, El",19,13962.0,14267.753358611133,0.021898965664742365,14547.124229414936,0.0207391140841362,14801.840476171534,0.019661516168753224,15033.631037656083,0.018659555506790104,15244.195994614032,0.01772719136678047,15435.18403681252,0.016858905323358764,15608.17612868567,0.016049653151891885,15764.67428046286,0.015294821438320172,15906.094455120143,0.014590188408616811,16033.762768952005,0.013931888538456505
19073,Casas de San Galindo,19,24.0,23.812484101331798,-0.00781316244450847,23.633596535019606,-0.007662764500318553,23.462889473143065,-0.0075162204591840975,23.299942257731487,-0.007373418975732959,23.144359406695457,-0.00723425263411015,22.99576884552736,-0.007098617373296201,22.85382028216865,-0.006966412317992221,22.71818371202568,-0.006837539663002268,22.588548041418886,-0.006711904571903293,22.464619818910933,-0.006589415082085881
19074,Caspueñas,19,120.0,120.0328321583557,0.00027360131963094503,120.05910420492543,0.00024623720414229666,120.08012598231062,0.000222522653081203,120.09694605437332,0.00020190978703604756,120.11040380836384,0.0001839386679582944,120.12117109733786,0.0001682224279135891,120.12978562348066,0.00015443512557644645,120.13667768920386,0.00014230169853912678,120.14219162647694,0.00013158962881187897,120.14660295850825,0.00012210202017559624
19075,Castejón de Henares,19,62.0,61.731515019378925,-0.004330402913243159,62.37104358922326,0.0029878234653348823,62.913943321688485,0.004889725387992039,63.374119303073435,0.00549533932951185,63.763681816980366,0.005625643375138933,64.09311469106646,0.0055490991960833735,64.37144916410814,0.0053766617579982245,64.60643373628987,0.0051607226687298,64.80469420269856,0.0049280650642515855,64.97188068609312,0.004692996417386297
19076,Castellar de la Muela,19,22.0,21.439307563034788,-0.02548601986205512,20.895602071617773,-0.025423120444341696,20.368300937731505,-0.025360427482976622,19.85684369606225,-0.025297939605435027,19.360691038563843,-0.025235655943106283,18.879323945842323,-0.025173575713700047,18.412242856893975,-0.02511169816158132,17.958966875390505,-0.025050022542846606,17.519033010795535,-0.024988548120341902,17.091995452681644,-0.02492727416166396
19078,Castilforte,19,57.0,56.90300457230137,-0.0017016741701514349,56.92713816715638,-0.0006393432644981045,56.94859872310535,-0.0003006826635444382,56.96768145698334,-0.0001417781444006394,56.98464915948973,-5.386840157839412e-05,56.99973571931026,-7.727520476841221e-07,57.013149272153996,3.295231156474898e-05,57.02507501293985,5.4978483083667484e-05,57.03567770583555,6.952784524227873e-05,57.045103923563964,7.91015277903373e-05
19079,Castilnuevo,19,8.0,8.001028472996127,0.00012855912451592566,8.00186164482608,0.00011634603343035899,8.002536587163295,0.00010567996315602457,8.00308333992938,9.634044967565814e-05,8.003526243323478,8.814054420636097e-05,8.00388501811961,8.092150500060846e-05,8.004175641608324,7.454835427700424e-05,8.004411057702551,6.890615610766204e-05,8.00460175251414,6.389689567476431e-05,8.004756220828602,5.943686050580155e-05
19080,Cendejas de Enmedio,19,68.0,66.50137538207504,-0.022038597322425857,65.00575900867234,-0.022264328028693825,63.551006545083744,-0.02230249496409875,62.13584094527031,-0.02229391770054434,60.75902955599087,-0.02226675313367532,59.41938243017638,-0.022230385554141807,58.11575070948712,-0.022188836204577345,56.8470250730185,-0.02214411530682847,55.61213424925972,-0.022097339332855626,54.41004358854574,-0.022049177893783356
19081,Cendejas de la Torre,19,23.0,22.291758146198088,-0.030793124078344003,21.633217764398783,-0.03016770243065081,21.020116651541837,-0.029559092536760034,20.448627455233183,-0.02896679366774091,19.915306729808485,-0.028390320521807455,19.41705065898733,-0.02782920277944545,18.951056490449517,-0.02728298465084389,18.514788873314124,-0.02675122443332978,18.1059504136844,-0.026233494080563302,17.722455867149275,-0.025729378783653778
19082,Centenera,19,158.0,158.32884471734653,0.0020812956794082904,159.9820686959356,0.006252820409399451,161.52968081141722,0.007391810501141016,162.9773670078831,0.007784217060769816,164.33066026378344,0.007888065361169705,165.59491955271608,0.007855616278468869,166.77531395483763,0.007751668110703491,167.87681120792882,0.007608222907878881,168.90417005445426,0.007442724852456228,169.86193580669774,0.0072653587507443
19086,Cifuentes,19,1731.0,1752.678102973047,0.012523456368022545,1770.818664621932,0.011436242407965258,1785.5703471448587,0.01039991042762356,1797.5445885654067,0.009475193080489497,1807.2501906677244,0.008658708058937092,1815.1077517832762,0.007938940441602815,1821.4631505085679,0.0073038051552174466,1826.5996506401286,0.006742233183192559,1830.74847929238,0.006244484016654006,1834.0978956461192,0.005802114885135712
19087,Cincovillas,19,20.0,20.163371925008462,0.00816859625042321,20.02283924137333,0.0005708181176715676,19.896578086772,-0.0017266782556153437,19.783066925304567,-0.0027227634233771836,19.68095949160784,-0.003210959500319688,19.589062297891505,-0.00345417209247989,19.50631541783822,-0.003564203498806484,19.431776006974136,-0.003596343726693485,19.36460411810493,-0.0035808405510717733,19.30405044968246,-0.003535468641310713
19088,Ciruelas,19,136.0,136.83647926381747,0.006150582822187278,137.67388233497374,0.006135159084203368,138.51218465326548,0.006119787133073373,139.35136164863553,0.006104466668768627,140.1913887999378,0.006089197475956265,141.03224163697027,0.006073979354075831,141.87389574248178,0.0060588121073461565,142.7163267541535,0.006043695542264915,143.55951036655466,0.00602862946677396,144.40342233307152,0.006013613689921149
19089,Ciruelos del Pinar,19,23.0,22.811100216091436,-0.008213034082981019,22.311296017996707,-0.015085613564025269,21.840908904532082,-0.01708878477896214,21.397839958652394,-0.01788911440065477,20.98016943375988,-0.01821536509630639,20.58613903489826,-0.018309674816681554,20.214136171697753,-0.018275517752919024,19.862679941085467,-0.018164454012194464,19.530408630080867,-0.018004998630364755,19.21606855665794,-0.017814156262287106
19090,Cobeta,19,100.0,99.16339920753146,-0.008366007924685448,98.17212134050207,-0.009181543669567693,97.38623845338064,-0.008789568655391822,96.76206416823834,-0.008195028068874066,96.26560633242657,-0.007582919940067878,95.87027466156054,-0.007004389769225461,95.55517856467519,-0.006474140335377299,95.30384749993654,-0.005994461544693741,95.1032586918393,-0.005563018902580152,94.9430916613545,-0.005175809999434677
19091,Cogollor,19,19.0,18.238897483219016,-0.04005802719899909,17.63064741609586,-0.03670938374057309,17.04557241446154,-0.03553605609355248,16.48269426622153,-0.034908144623913784,15.94107969753548,-0.03449878104154802,15.41983815282881,-0.03419888510489344,14.918119691704973,-0.033961677325800355,14.435112996240743,-0.03376375755111749,13.970043482529878,-0.03359212135144196,13.522171510699389,-0.03343896392783463
19092,Cogolludo,19,574.0,575.3457020416348,0.0023444286439631146,576.4245351000276,0.0021097388737885137,577.2890578702244,0.0019063853773311212,577.9816095545332,0.0017296577520542478,578.5362490502175,0.0015756017113588427,578.9803438351046,0.0014408924570736836,579.3358650949352,0.0013227298875855276,579.6204392772872,0.0012187518199675562,579.8481992650758,0.0011269620516818346,580.0304716918579,0.0010456706567996132
19095,Condemios de Abajo,19,14.0,13.645877116420886,-0.025294491684222487,13.302415519650088,-0.02523205986354715,12.969251664420945,-0.02516983229408365,12.64603570952628,-0.025107808141426213,12.332430950998958,-0.025045986648756347,12.02811328541463,-0.02498436707450602,11.732770696781133,-0.024922948683444135,11.446102765908986,-0.02486173074443987,11.167820201211992,-0.02480071252971061,10.897644389939282,-0.02473989331451465
19096,Condemios de Arriba,19,101.0,105.58456578862788,0.045391740481464105,104.22709395921314,0.015850099836951292,103.06150140119396,0.006757863395448815,102.05907987575846,0.0026112391694459447,101.19579995334696,0.00038742237138356117,100.45145835963508,-0.0009072394461367983,99.80900097532935,-0.0016931574827215856,99.25398094691081,-0.0021774369101306146,98.77412164300023,-0.0024730340100274084,98.35896166128138,-0.0026461782878419715
19097,Congostrina,19,18.0,19.813972813646608,0.1007762674248116,21.518138631610697,0.09336734275384062,22.986413338111362,0.08492463058991939,24.232845890852445,0.07716684844307964,25.278481809227788,0.07027577714249333,26.147383745432514,0.06420661944267603,26.863960704722015,0.058869662270309986,27.451336015074418,0.05417174732075414,27.930469722546174,0.05002741261968158,28.319790910485843,0.04636150476022194
19098,Copernal,19,44.0,44.79858648258436,0.01814969278600831,45.456105724884836,0.016411979430191792,46.11991544133547,0.015808732489875688,46.7900271141283,0.015488840298207185,47.46645165999986,0.0152823075609676,48.14919942817159,0.015132500421473738,48.83828019841849,0.015015154683067466,49.53370317926623,0.014918140547559577,50.23547700631644,0.014834720032201654,50.943609740699976,0.014760850612417942
19099,Corduente,19,297.0,290.7001887620836,-0.02121148564955022,286.05125600933326,-0.01860530767740176,281.4993598422685,-0.017708647612664996,277.0421164502943,-0.01724030524761222,272.67720841077585,-0.01694350257227273,268.40238264047497,-0.016732571825047282,264.215448415963,-0.016570779656144285,260.1142754604965,-0.016439753139676383,256.09679209495096,-0.0163292825087189,252.16098345049738,-0.016233240646053693
19102,"Cubillo de Uceda, El",19,120.0,120.25831918962145,0.0021526599135119895,123.07264169407752,0.01272175223535399,125.37144661565353,0.014703434474798271,127.2413676943102,0.014756333588800796,128.75736545135285,0.014187298364651824,129.9831580925569,0.01340794876726692,130.97218911543368,0.01257747672491294,131.7688295188444,0.011763319117003235,132.40962924544704,0.010994289682691338,132.92451199859437,0.01028145922862378
19103,Checa,19,268.0,266.09494897505203,-0.007108399346820726,264.3209537235438,-0.006887611905702973,262.6682865164926,-0.006675953610066454,261.1280272838685,-0.0064730011474128935,259.69198658532406,-0.006278352014345789,258.35263703333624,-0.006091623469631324,257.10305213049406,-0.0059124515338226935,255.93685161310674,-0.005740490039244817,254.84815251626952,-0.0055754097284738124,253.83152528040208,-0.0054168973989886515
19104,Chequilla,19,13.0,14.849224403645529,0.1422480310496561,14.689539284396515,0.06299791172804925,14.532356980492708,0.03784118690406779,14.377629920714991,0.02550076127340084,14.225311580732134,0.018177948800898625,14.075356457190706,0.01333414084187945,13.92772004251251,0.00989603717650156,13.7823588003787,0.007331755304079701,13.63923014188007,0.005347676062893658,13.498292402313893,0.003768466005700466
19105,Chiloeches,19,4117.0,4157.467135050348,0.009829277398675673,4190.127044832173,0.008842017552281867,4216.439604524718,0.007987173144157866,4237.608570934484,0.0072447045714916225,4254.620240419384,0.006597823382597179,4268.278733466195,0.006032438356086578,4279.237091348689,0.0055366999285428875,4288.024030982888,0.0051006247724880716,4295.066571878568,0.00471578585972332,4300.70893155573,0.00437505614755751
19106,Chillarón del Rey,19,76.0,76.75875967102232,0.009983679881872654,75.4226446654024,-0.003805631775801177,74.11629409175974,-0.008331082204344753,72.8389330239722,-0.010564483117030399,71.589809301248,-0.011884930517854442,70.368192789577,-0.012750018641224825,69.17337466925696,-0.013355345408466612,68.00466674750434,-0.013798541321398905,66.86140079519842,-0.014133778955245813,65.74292790684548,-0.0143935318148537
19107,Driebes,19,331.0,325.5111924464434,-0.016582500161802516,319.8842385899492,-0.016934570211850297,315.4527913377674,-0.01590854609038872,311.951875399078,-0.014708124347707963,309.1791378604092,-0.013546909857353628,306.97870281719287,-0.012478161012671185,305.22963573773455,-0.011512359477333534,303.83756005670205,-0.010646069991203766,302.72847211700713,-0.009871190484696646,301.8441173709551,-0.00917838499051904
19108,Durón,19,108.0,106.8851083718087,-0.010323070631400921,106.00148731228103,-0.009295577434171864,105.29985290632376,-0.008404220380424321,104.74189067542197,-0.007628773885225093,104.29765034325946,-0.006952199514655311,103.94361504986789,-0.006360127881899991,103.66125228005215,-0.005840425698662388,103.43591443187275,-0.00538283415162466,103.25599688731457,-0.00497866689665738,103.11228820218226,-0.0046205578245848145
19109,Embid,19,37.0,36.480430801474306,-0.014042410770964686,35.98907581457785,-0.013755747941555652,35.52413814675696,-0.013476862643182819,35.08395717785523,-0.013205518616349776,34.666996399604514,-0.012941487513179584,34.27183254742089,-0.01268454833631516,33.89714581626363,-0.012434487156648855,33.54171104033805,-0.012191096872523621,33.20438973100617,-0.011954176983833276,32.88412287993751,-0.011723533375530226
19110,Escamilla,19,65.0,64.16696462308855,-0.012815928875560822,63.389453250578086,-0.012466528313494929,62.65938820606801,-0.012150166044039956,61.973468222752224,-0.01184946263099984,61.32866136299413,-0.011560651595376892,60.72217928751211,-0.01128224710737824,60.15145433781528,-0.011013424557302143,59.61411908877841,-0.010753615292168228,59.10798807407085,-0.010502371186987935,58.63104142635603,-0.010259310181219727
19111,Escariche,19,186.0,185.61968079694788,-0.002044726898129734,185.38257836689795,-0.0016611152247498762,185.14696204617596,-0.0015310848772321917,184.9128210275347,-0.0014644759548017028,184.68014459756364,-0.0014232448474286175,184.44892213572143,-0.001394708714194559,184.21914311337957,-0.0013734316347269182,183.99079709287832,-0.0013566954997521474,183.7638737265934,-0.0013429901800700028,183.5383627560133,-0.0013314095596156372
19112,Escopete,19,80.0,80.02005297827364,0.0002506622284204063,80.03609899163217,0.00022559325154358767,80.04893811897816,0.00020386726438981206,80.05921090375867,0.00018498273999467685,80.0674300807653,0.00016851839544185232,80.07400602991065,0.00015411983446811384,80.07926717808498,0.00014148846117634228,80.0834763455102,0.0001303722850811706,80.08684383874582,0.00012055828914103728,80.08953793528772,0.00011186608920898955
19113,Espinosa de Henares,19,715.0,734.9501357824147,0.02790228780757298,751.3102962727555,0.025077378128454786,764.6602484106988,0.02263540362691363,775.510802855445,0.020517490738087174,784.3020001881907,0.018674550082127483,791.4066571170487,0.017065547024341043,797.1366925507689,0.015656096662511,801.7505773490834,0.014417318286860548,805.4609057401516,0.01332489836404016,808.4415274746028,0.01235832182665142
19114,Esplegares,19,30.0,31.71404034622998,0.057134678207666045,31.063558440158662,0.017571593552654585,30.437652940175454,0.004839353327609874,29.835174897840833,-0.001376381550696748,29.2550389774739,-0.005016485216397082,28.696219433119943,-0.007377980524435834,28.15774636921362,-0.009012694701196922,27.63870226299336,-0.010195214746062775,27.138218728562286,-0.011077560478399806,26.65547350416521,-0.011750701589434032
19115,Establés,19,35.0,34.631712058202844,-0.010522512622775926,34.27397129732169,-0.010426191342646995,33.92640860635319,-0.010331042840052596,33.58867046615945,-0.010237050992451646,33.26041816265897,-0.010144200024505112,32.941327063422335,-0.010052474406982426,32.631085934297985,-0.00996185883946743,32.32939629361053,-0.009872338243580803,32.0359718016388,-0.009783897758577464,31.750537683234313,-0.00969652273768895
19116,Estriégana,19,13.0,11.211409157586353,-0.13758391095489597,10.82755847369795,-0.08737241255735606,10.458671482569887,-0.06993980773953656,10.104103249847936,-0.061058346393598306,9.763239050964904,-0.05565624173924333,9.435492851074573,-0.052010472683758024,9.120305866443745,-0.049374552414460315,8.817145202683943,-0.047372575213167956,8.525502565480009,-0.04579464702539382,8.244893039731132,-0.0445143535335224
19117,Fontanar,19,2630.0,2628.199306917868,-0.000684674175715605,2622.321302617031,-0.001460895507646054,2617.001748235122,-0.0016501551981418228,2612.1866306065203,-0.0016976039626607209,2607.827330065395,-0.0016918496289627383,2603.880052193176,-0.0016621480676518585,2600.305324534709,-0.0016208244064170874,2597.0675500102825,-0.0015738730434642356,2594.134609936994,-0.0015244888774180732,2591.477510569293,-0.0014744784600669858
19118,Fuembellida,19,13.0,12.947877851354715,-0.004009396049637348,12.899422211366796,-0.003875887738774342,12.854363497768066,-0.0037483014978666462,12.81245343828707,-0.003626342544219785,12.773463208866387,-0.0035097315170742327,12.737181746146133,-0.0033982037926637565,12.703414226293551,-0.00329150869920658,12.671980691478712,-0.0031894087586299413,12.642714807654297,-0.0030916789668776756,12.615462739329317,-0.0029981061132871023
19119,Fuencemillán,19,81.0,80.68451114697245,-0.0038949241114512034,80.43300498924006,-0.003506115625611872,80.23236464878202,-0.003169025327871222,80.07221279484156,-0.002875923390207036,79.94432151134453,-0.002620309662597742,79.84215557308146,-0.0023967106870714794,79.76051683682032,-0.0022005109096032704,79.69526595444464,-0.002027812324076894,79.64310368479373,-0.001875317701884316,79.60139845190346,-0.0017402333833925754
19120,Fuentelahiguera de Albatages,19,121.0,118.6283011051258,-0.01960081731300989,117.50474355758534,-0.014549045806672378,116.40363614538339,-0.012825961350875992,115.32442138575124,-0.011938497179736052,114.26655839281453,-0.011386002224412883,113.2295223070159,-0.011001307441934283,112.21280374659307,-0.010712697875083999,111.2159082801741,-0.010484291862481343,110.2383559195879,-0.010296144932172568,109.27968063203724,-0.010136285276532098
19121,Fuentelencina,19,324.0,324.2401363439619,0.0007411615554380191,324.6708269605248,0.001034691497685536,325.0333496644632,0.0010619887194638356,325.3384344088795,0.0010311466077910225,325.5951396387601,0.0009827207189387899,325.8111075386748,0.0009294771822700998,325.9927818293215,0.000876344294241882,326.14559314703763,0.0008253867720520169,326.2741165078832,0.0007774532205708784,326.38220483277905,0.0007328270170021689
19122,Fuentelsaz,19,82.0,83.20910543754988,0.014745188262803355,81.90637749951529,-0.0005710319441352141,80.63040662477756,-0.005598740136759317,79.38054487864127,-0.00808363421718472,78.15616213424819,-0.009556116020105643,76.9566455298358,-0.01052373871243073,75.78139894405479,-0.011203395151416329,74.62984248869873,-0.011703325362745653,73.50141201821953,-0.012083581153523149,72.39555865543163,-0.012380156860605451
19123,Fuentelviejo,19,61.0,60.44950685071632,-0.00902447785710958,60.38380554701453,-0.005063594197899479,60.326376743369195,-0.0036946349185436045,60.27617244456629,-0.0029797987369771795,60.23227891786203,-0.002529886611368437,60.1938991427208,-0.0022146873095185704,60.16033763552218,-0.0019781226820803077,60.13098730941061,-0.0017919624740334594,60.10531808217939,-0.0016403796954820304,60.08286698874453,-0.0015137669308900037
19124,Fuentenovilla,19,621.0,637.2786638588934,0.026213629402404903,650.63574984518,0.0235832279543291,661.5450801920722,0.021306151966244524,670.4222735966525,0.019328597436583772,677.6244451859376,0.017605610830955243,683.4537557912039,0.0160995422357868,688.1628994376208,0.014778784988544347,691.9613116510108,0.01361674530497825,695.0213683239338,0.012590997347066812,697.4841716783707,0.011682588415794282
19125,Gajanejos,19,51.0,51.174258855553056,0.003416840304961921,50.99560994519946,-4.304067919647103e-05,50.83572512560565,-0.001074846871380486,50.692585066386854,-0.0015103542599962383,50.56439710469996,-0.0017141129505239272,50.449568021356846,-0.0018069402594799167,50.34668041693538,-0.001840154248203163,50.25447215314552,-0.0018390682967731609,50.17181841400218,-0.0018174741497487545,50.09771601415846,-0.0017834292180207711
19126,Galápagos,19,2802.0,2851.0885294809805,0.01751910402604584,2895.6240564665572,0.016569376079909492,2935.957556396429,0.015688528266444735,2972.4279498292753,0.014870903378738198,3005.358867504957,0.014111345454344448,3035.0564960830943,0.013405152631845718,3061.8082897986865,0.012748034714902934,3085.8823631860732,0.012136074934069763,3107.5274087480398,0.011565695463055858,3126.973009781156,0.011033626297306531
19127,Galve de Sorbe,19,97.0,94.00901564464702,-0.030834890261370873,92.73822352226728,-0.022214665673812584,91.51236288134301,-0.019225095242147883,90.32949032259174,-0.01765405590632918,89.18776357048155,-0.01665320207604759,88.08543535478285,-0.015938905990796504,87.02084771016295,-0.01538939131339312,85.99242666220636,-0.014943686643921983,84.99867727085243,-0.014567878042628268,84.03817900462137,-0.014241592375781487
19129,Gascueña de Bornova,19,22.0,20.63523569644265,-0.06203474107078866,19.596342567956466,-0.05620826238093124,18.803015069618667,-0.050995501482946404,18.191540226848115,-0.04640997921815282,17.716709035010393,-0.042382499146502495,17.345783361700413,-0.038841067945271646,17.054642111223462,-0.0357206930825672,16.825251474712456,-0.032964626881939685,16.64396243968592,-0.030523879593254644,16.50033864188009,-0.028356347982266272
19130,Guadalajara,19,92834.0,94530.97627611316,0.01827968498732324,96022.98635897275,0.01703072297170527,97331.7895143272,0.015895917096668377,98477.61390756507,0.014863453723826137,99479.04089704355,0.013922837511362918,100352.97483474495,0.013064735434756614,101114.67309769832,0.012280840326141185,101777.81665888289,0.011563751334948469,102354.60620499827,0.010906869081792614,102855.87264559978,0.010304303592376662
19132,Henche,19,73.0,72.15721002014304,-0.01154506821721868,71.48998897995126,-0.010396585730637842,70.96065703366237,-0.00940015436658348,70.54001478475342,-0.00853321039501409,70.20529701133847,-0.007776738865450383,69.93866670313189,-0.007114698696343069,69.7260917322213,-0.0065335415746780034,69.55649704951905,-0.006021809737955519,69.4211183551002,-0.0055697998111504665,69.31300513647267,-0.005169281864869202
19133,Heras de Ayuso,19,248.0,246.80222571605213,-0.004829735015918768,247.3727014071346,-0.0012655156699259429,247.85996942870145,-0.00018824856876575868,248.2760347693866,0.0002781447879318666,248.6312064105154,0.0005085199796297513,248.93432697384696,0.0006269245049650429,249.19297406815315,0.0006857845288767983,249.41363600965937,0.0007107475671319641,249.60186459614636,0.0007156293449714912,249.76240751363812,0.0007083857731700061
19134,Herrería,19,13.0,13.165577245188322,0.012736711168332526,12.634673147709172,-0.01415116045147824,12.127673511392537,-0.02288717224186232,11.643402606328868,-0.027176303923884704,11.180747009365433,-0.029701201353341644,10.738652080770581,-0.03134809565577101,10.316118651956334,-0.03249485692502796,9.912199910942446,-0.033329784615536484,9.525998473126014,-0.03395723878894519,9.156663625740762,-0.03443972262802919
19135,Hiendelaencina,19,107.0,106.41982776303038,-0.005422170438968421,104.7576142618595,-0.01053391976146445,103.44655621369408,-0.011194773640212596,102.40953349976304,-0.010902389826185854,101.58740536662344,-0.010328148554272887,100.93445735142043,-0.00967909729561367,100.41512192607989,-0.00903267544765396,100.00157817532416,-0.008419712350509423,99.67196975413106,-0.007851717725614438,99.40906539720257,-0.0073315445181894034
19136,Hijes,19,24.0,23.067952350776228,-0.03883531871765722,23.027453614514428,-0.02047091215314023,22.98831297537779,-0.014253402932414172,22.950482806323155,-0.011116464535031123,22.91391728108683,-0.009219113540760882,22.878572298082894,-0.00794379088721131,22.84440540799191,-0.007024864173218237,22.81137574483424,-0.006329196052015318,22.77944396033534,-0.005782691252498862,22.74857216140207,-0.005340831678397939
19138,Hita,19,336.0,340.27737118185263,0.012730271374561397,343.7384404839908,0.011449985352226966,346.53262540859924,0.01034171342130663,348.7843181569029,0.009379355950261292,350.5962021239908,0.008541064515509955,352.05248393594076,0.0078085130946976555,353.2218634615511,0.0071662998956989465,354.1601631000816,0.00660145530635714,354.9125970948082,0.0061030363013792055,355.51569511251404,0.005661791469936173
19139,Hombrados,19,44.0,43.94407757458093,-0.001270964214069803,43.92829065190025,-0.0008152112403622125,43.91515776224362,-0.0006431577886870654,43.90423211681036,-0.0005445803901601431,43.89514232626495,-0.0004770807847339631,43.88757961944172,-0.0004262888221037153,43.88128724613296,-0.000385877436058224,43.87605168540509,-0.00035256063361144285,43.871695348119474,-0.0003244223270126856,43.86807051714095,-0.0003002450711087068
19142,Hontoba,19,475.0,493.7661557050028,0.03950769622105854,512.50942867845,0.038733468350000244,528.0150388654095,0.03589935073947714,540.7566119829485,0.0329446656358483,551.1708937926674,0.030192854219291743,559.6465422494489,0.027708706706509822,566.5208061372447,0.025490757878463333,572.0809630947855,0.023518002531438098,576.5683538156782,0.02176447539167814,580.1835964477204,0.020204379722743138
19143,Horche,19,3119.0,3268.40591470593,0.0479018642853255,3412.8364004562436,0.04604422875935699,3551.9815598454616,0.04428356371611253,3685.612742427689,0.04261407023098629,3813.574976685669,0.04103033049693372,3935.7791562038574,0.039527280546654664,4052.1942320914673,0.03810018507278934,4162.839608617681,0.03674461420839603,4267.777888965889,0.0354564221028324,4367.108074793676,0.03423172714011602
19145,Hortezuela de Océn,19,32.0,30.50612257950383,-0.04668366939050528,29.11466215776297,-0.046148233513145454,27.793156650448925,-0.04589545287141639,26.537796832119128,-0.04571362831192771,25.344995567367295,-0.04556040394291072,24.21137406159029,-0.04542165820381494,23.133749009842624,-0.04529133776906358,22.10912058219655,-0.04516641518402609,21.134661188440585,-0.04504520791106248,20.20770496903395,-0.04492670590312675
19146,"Huerce, La",19,52.0,52.04121761423476,0.0007926464275915812,52.07667345616325,0.0007369732060473755,52.10716983639133,0.0006865147204002664,52.133398137876995,0.0006407211528647316,52.15595396956574,0.0005991046768427655,52.17535027388777,0.0005612320655292713,52.192028682379345,0.0005267182976946838,52.20636934241655,0.0004952209461150936,52.218699412691514,0.0004664352422385498,52.22930040173092,0.0004400897320242514
19147,Huérmeces del Cerro,19,43.0,42.525001923515276,-0.011046466894993556,42.309029166662846,-0.00806708349171903,42.106166054245435,-0.006977517835834668,41.91556396764919,-0.006365380249313102,41.73643495975126,-0.005947369628187427,41.56804681126348,-0.005628823319525522,41.40971855128056,-0.005369037035406143,41.26081639245309,-0.0051475583933188185,41.1207500370895,-0.004952944021674011,40.988969315614476,-0.004778260245297594
19148,Huertahernando,19,51.0,52.97337050377908,0.038693539289785805,52.535757448661464,0.014944772463125089,52.11250976957957,0.007219065371717237,51.70307248402803,0.0034287588202948083,51.30691626246339,0.0012007063305612409,50.92353603230684,-0.0002500384933861177,50.55244966881742,-0.0012583830168217958,50.19319676680307,-0.0019912819851818364,49.84533748759605,-0.002541284514454345,49.50845147614238,-0.0029638232613612425
19150,Hueva,19,113.0,112.14001657121916,-0.007610472821069303,111.30302467815856,-0.007537144636768023,110.47641819563545,-0.007500308092318608,109.66003775730626,-0.007472641047997053,108.85372687850128,-0.007448678652006935,108.0573318968844,-0.00742659910179011,107.2707019144745,-0.007405621487109437,106.49368874099324,-0.007385355237383373,105.72614683850585,-0.007365583268142517,104.96793326732445,-0.007346175238891917
19151,Humanes,19,1841.0,1886.4803599749011,0.02470416076855031,1927.0966322688791,0.023115942375071752,1963.2638565625434,0.021664479215391275,1995.3878468551952,0.020336407976348392,2023.857545258045,0.01911977881484117,2049.0399636722923,0.018003895899234568,2071.2771479149396,0.016979177134793133,2090.88468293801,0.016037030596175228,2108.1513407950683,0.015169745532030765,2123.339549520221,0.01437039610255364
19152,Illana,19,938.0,966.3199330022203,0.030191826228379792,984.8297230720699,0.02465851770333405,999.8925096754399,0.021527726626369148,1012.1084459982827,0.019192109341914954,1021.9885643568074,0.017299051496828977,1029.9620571848145,0.015710007076853882,1036.385618474378,0.014351236102914111,1041.5533000354294,0.013175857434383653,1045.7059916334185,0.012150736208400792,1049.0400626829705,0.011250905682377299
19153,Iniéstola,19,19.0,18.918144432961025,-0.00430818773889341,18.95642703995069,-0.001147315009268124,18.989999955533094,-0.00017547016459018572,19.01943562879722,0.0002556339181016831,19.045238560178735,0.0004757424930612597,19.067852981625386,0.0005943178588623255,19.087669761292474,0.000657871328928028,19.105032587872348,0.0006893384165655991,19.120243492187694,0.0007012083231103805,19.133567763799306,0.0007007742155265007
19154,"Inviernas, Las",19,60.0,58.81855251132548,-0.019690791477908642,57.66833018828596,-0.019623115087145315,56.54835355532674,-0.0195557479766143,55.45767827402158,-0.019488688053299175,54.39539362270856,-0.01942193365341227,53.360621165447846,-0.0193554831915963,52.35251347864056,-0.01928933511077291,51.37025293260854,-0.01922348786957162,50.4130505255688,-0.019157939938110546,49.48014476756681,-0.019092689796282758
19155,Irueste,19,93.0,87.36270164524451,-0.060616111341456835,90.0734588982089,-0.015859859517063923,92.85413976204866,-0.0005230701064287135,95.70611323362644,0.007196441420808997,98.63076363058155,0.011826126992516173,101.62949050042965,0.014898942452556518,104.70370852336424,0.017077763534206092,107.85484740874318,0.01869597456395211,111.08435178524694,0.019939561111454784,114.39368108469951,0.02092046282503901
19156,Jadraque,19,1522.0,1553.203775927996,0.02050182386859145,1582.3681002015958,0.01963898825079302,1606.093351675557,0.01808813778703966,1625.3294198353094,0.016556884766663504,1640.8840225020883,0.015155674937485264,1653.4348152631817,0.013900656515107856,1663.5445332249562,0.01278465194595424,1671.6767959913052,0.011794251689494883,1678.2112202666556,0.010915052220398458,1683.4571454553134,0.010133423317567836
19157,Jirueque,19,44.0,45.6867601618208,0.03833545822320006,44.50615019336652,0.005735260138373999,43.361724771827156,-0.004858989938572256,42.25223000616073,-0.010081957935890395,41.17645996348233,-0.013176993343618548,40.13325467570434,-0.015213807611647923,39.12149823523079,-0.016648076268560352,38.14011697546442,-0.017706731229185757,37.18807773209969,-0.018515488786358003,36.2643861813766,-0.019149618263151424
19159,Ledanca,19,98.0,97.97673743998877,-0.00023737306133908564,97.95813135630537,-0.00021363834972643048,97.94324903340477,-0.0001930677713887219,97.93134480302211,-0.00017518683888351205,97.9218224604676,-0.0001595969332783831,97.91420525307909,-0.00014596268593847217,97.90811191379382,-0.000134001504711323,97.90323751538858,-0.00012347488448349875,97.89933817139034,-0.00011418119286843442,97.89621880801177,-0.00010594967523058774
19160,Loranca de Tajuña,19,1624.0,1665.2514058739703,0.02540111199136108,1692.3549169209762,0.020828323512011915,1716.0488806357948,0.01854731860115333,1736.7190644371626,0.016917887708899793,1754.719005876578,0.015603785657213765,1770.3694339797107,0.014486595352528164,1783.9589174166329,0.013510852533553663,1795.7453277776845,0.012645273595866646,1805.9578071282344,0.011869765395909226,1814.799010824167,0.011170173872627975
19161,Lupiana,19,344.0,347.8678739774061,0.011243819701761915,351.75957206470355,0.011215553448882032,355.6750224179915,0.01118738197521374,359.6141514311617,0.011159305091262173,363.5768835167957,0.011131322471644056,367.5631411209998,0.011103433769554139,371.5728447385303,0.011075638633112117,375.6059129282078,0.011047936709444262,379.6622623286117,0.011020327646040329,383.74180767404835,0.010992811091292465
19162,Luzaga,19,65.0,64.00984478181981,-0.015233157202772185,63.003467142038325,-0.015477725047567725,62.03318119706758,-0.015451989589057802,61.097389959844875,-0.015360338408766161,60.19458116158701,-0.015243608932829278,59.32332205735631,-0.015115390097802606,58.48225458970761,-0.014981487081897948,57.67009088317262,-0.01484478672394618,56.8856090445971,-0.014706879174610998,56.1276492464002,-0.014568706511636886
19163,Luzón,19,50.0,49.0657331472042,-0.018685337055916018,48.153464459451456,-0.018639062735310907,47.262592255856575,-0.018592939863314895,46.39253326129656,-0.01854696835632086,45.54272207643393,-0.01850114775425371,44.712610574314326,-0.018455477536065246,43.90166731908606,-0.01840995716479732,43.10937700596949,-0.01836458609884184,42.335239921641076,-0.01831936379568888,41.57877142423207,-0.018274289713420266
19165,Majaelrayo,19,60.0,59.754711327880585,-0.004088144535323579,59.67420362381243,-0.0027186653722662824,59.594641426517235,-0.002257082664213428,59.51601253304344,-0.0020227434101561803,59.438304920826155,-0.0018793677131121456,59.361506744557474,-0.001781507981117647,59.28560633312009,-0.0017096813890444817,59.210592186583085,-0.0016541446754007039,59.136452973258066,-0.0016094840974764102,59.063177526814364,-0.0015724509694751143
19166,Málaga del Fresno,19,187.0,182.86962132394078,-0.022087586502990475,182.08542037860258,-0.013228078250082986,181.3084781760421,-0.010250019120643938,180.538711028673,-0.008752322597871065,179.77603640966223,-0.007848395809328723,179.02037293427932,-0.007241817785366034,178.2716403415826,-0.006805332483773463,177.5297594764378,-0.006475240062997267,176.79465227186014,-0.006216123293035225,176.06624173167452,-0.006006719009364558
19167,Malaguilla,19,218.0,222.03461832436346,0.01850742350625434,226.12317268890877,0.018460730730873953,230.26600509296557,0.018414195560148006,234.4634541112976,0.01836781751557659,238.7158547114622,0.018321596019951425,243.023538180304,0.0182755304816955,247.38683205128024,0.01822962030690367,251.80606003264322,0.018183864902342695,256.2815419364988,0.018138263676445776,260.813593608764,0.018092816039702253
19168,Mandayona,19,285.0,280.6119717938891,-0.015396590196880333,276.312940232208,-0.015358395895205379,272.10077438581635,-0.015320327391458166,267.9734012534239,-0.015282384254674652,263.92880404882925,-0.015244566030237827,259.9650205090206,-0.01520687226107209,256.0801412579064,-0.015169302490664727,252.2723082237011,-0.01513185626381619,248.53971310806563,-0.015094533126885579,244.88059590517204,-0.015057332627884557
19169,Mantiel,19,28.0,26.786715184036293,-0.04333160057013241,25.5306247708319,-0.04511360490909144,24.339279368284814,-0.04563047838846879,23.209070999077504,-0.0458318155939742,22.136606665475203,-0.045907233130943914,21.11869476260079,-0.045919893877051865,20.152332396890433,-0.045896856672047015,19.234693546471085,-0.045851646940505586,18.363118004819334,-0.045791776915992344,17.535101053328944,-0.04572175283547142
19170,Maranchón,19,225.0,222.2785295563356,-0.012095424194063953,222.28346827332732,-0.006055069101294497,222.287419325927,-0.004034896529101273,222.29058021857188,-0.0030241570762447045,222.29310896505004,-0.0024177885340064265,222.29513198294444,-0.002013716394838494,222.29675041051578,-0.0017252528056350691,222.2980451610565,-0.0015090321355623049,222.29908096691892,-0.0013409573837177557,222.29990961508366,-0.0012065702904405784
19171,Marchamalo,19,8714.0,8944.054797815299,0.02640059649016524,9178.987165935914,0.026333733497551748,9418.8693400452,0.02626709772042335,9663.773936731477,0.026200688275721307,9913.773942161897,0.026134504287067983,10168.942700421161,0.026068544882273725,10429.353901644998,0.02600280919296516,10695.08156995198,0.025937296354480832,10966.20005117765,0.025872005505824358,11242.784000414707,0.025806935789636665
19172,Masegoso de Tajuña,19,84.0,88.42130191290569,0.05263454658221067,92.12531806936809,0.04724876558355828,95.19994038364358,0.04260338382494777,97.73335720175174,0.038582218543486535,99.80854626367756,0.035088989218434063,101.50037813559868,0.03204364123559422,102.87446847361991,0.029379402759759143,103.98712224580576,0.027040415876946833,104.8859035656649,0.024979820736587444,105.61051861553354,0.023158199321928308
19173,Matarrubia,19,99.0,102.02424915726773,0.03054797128553255,105.12506568651787,0.03047045099258794,108.30391070685224,0.030393193907545468,111.56226113230818,0.030316199753341655,114.90160926972143,0.030239467657016128,118.32346269834753,0.0301629966499104,121.82934414293392,0.030086785739108945,125.42079134024098,0.030010833925284475,129.09935689901283,0.02993514020863164,132.86660815340164,0.02985970359123069
19174,Matillas,19,111.0,109.303751923368,-0.0152815142038919,107.5993171035052,-0.015437550406935618,105.96422521129533,-0.015357079430940779,104.39502990972785,-0.015220019987271294,102.88849064645736,-0.015062294466651749,101.44155838267044,-0.014895834235317595,100.05136243838064,-0.0147257178557757,98.71519835756862,-0.01455445503602204,97.43051670569999,-0.014383414480431234,96.19491272033531,-0.014213394984570749
19175,Mazarete,19,25.0,24.049103476249172,-0.038035860950033085,23.06941041454986,-0.039387478437848844,22.13422965889067,-0.03977103755675693,21.24135359734746,-0.039913097768189965,20.38869252398287,-0.039958794596903324,19.57426792204391,-0.039956481443657266,18.79620615236457,-0.03992687458573985,18.05273252123283,-0.03988032964182309,17.342165703695592,-0.039822598461435876,16.66291249986973,-0.039757131359192455
19176,Mazuecos,19,267.0,268.49443662682194,0.005597140924426647,266.08142248280956,-0.001721664681098578,263.7019976060475,-0.004134426219993714,261.3555887838487,-0.005327450826161262,259.0416342308175,-0.006033695644352188,256.7595833310277,-0.0064968841823837,254.50889638665046,-0.006821323668837809,252.28904437285442,-0.007059119873360609,250.09950869880865,-0.007239201490733316,247.939780974621,-0.007378917158886056
19177,Medranda,19,83.0,82.26969448037451,-0.00879886168223476,81.58673796949331,-0.008550179474320907,80.94774902845045,-0.008310850667969882,80.34962212379348,-0.008080480599859885,79.78950132390105,-0.007858692604509554,79.26475701809758,-0.007645126868183305,78.77296513802258,-0.007439439610533616,78.31188857841192,-0.007241302338055533,77.8794605548002,-0.0070504011395119415,77.47376967017412,-0.0068664360161495575
19178,Megina,19,25.0,23.953133883576733,-0.04187464465693069,22.9550140711968,-0.04177217591646187,22.003167689418177,-0.0416700376735708,21.095256754993823,-0.04156822887635603,20.229070346522665,-0.041466748380169505,19.402517245635504,-0.04136559502842474,18.613619029169595,-0.04126476766412834,17.86050358324565,-0.0411642651327524,17.14139901212642,-0.04106408628318192,16.454627916562668,-0.04096422996808635
19179,Membrillera,19,95.0,95.66088190961108,0.006956651680116499,95.67773907235228,0.0035607084269715372,95.69122694130486,0.0024194989921866306,95.7020186054693,0.001842319912845447,95.71065281306271,0.0014916544763283746,95.71756073999657,0.0012549347441612735,95.72308744051979,0.001083819170115241,95.72750903069665,0.0009540568528301208,95.73104644989021,0.0008521149062254985,95.73387647936201,0.0007698292085429603
19181,Miedes de Atienza,19,60.0,59.07318973081181,-0.01544683781980316,58.17882076179346,-0.015293438278916716,57.31549123386655,-0.01514206237487914,56.48187193670371,-0.0149926801893151,55.67670193206487,-0.014845262361155798,54.898784498957504,-0.014699779999476026,54.146983349658825,-0.014556204664945005,53.42021909662448,-0.014414508359951284,52.717465951913034,-0.014274663520738362,52.037748642222724,-0.014136643010216332
19182,"Mierla, La",19,44.0,43.36816651191148,-0.01435985200201173,44.13041433123271,0.0014808845272438198,44.90214763496288,0.006788266942868493,45.68341656724594,0.00943062122922167,46.474270567996555,0.011001921756404798,47.27475836212524,0.012036338890083709,48.084927948932325,0.012763502091805323,48.904826591674265,0.01329845588661338,49.73450080730459,0.013705204679122618,50.573996356392605,0.014022191895478153
19183,Milmarcos,19,63.0,63.831531506687625,0.013198912804565532,62.34747749115165,-0.005192229694826911,60.90509031442897,-0.01120935846345672,59.503035631727535,-0.014175418099509951,58.140026541787705,-0.01592786328694007,56.81482174570603,-0.017075448165245866,55.5262237828206,-0.017878157419884855,54.273077340208864,-0.01846568536742832,53.05426763251504,-0.018909966701804892,51.868718848978425,-0.019254109204071557
19184,Millana,19,126.0,129.77454715123432,0.02995672342249467,133.38144179089622,0.02887456541422928,136.33900370211444,0.02663608154268804,138.75220158598145,0.02439472728914205,140.71347755708862,0.02233453142275743,142.30244003997058,0.02048580248511067,143.58651919045317,0.01884040624768235,144.6221201501767,0.017379593523653813,145.455976126246,0.016082572759843483,146.12652120256936,0.01492943946309988
19185,"Miñosa, La",19,31.0,29.728750065296826,-0.04100806240977983,29.17183752055462,-0.02993452963622889,28.63830654160996,-0.02606819944795058,28.126947005691576,-0.024021556969517688,27.636623727033268,-0.022707291912877015,27.166271104011038,-0.021761563865874578,26.714888195447703,-0.021028072983044765,26.281534188165775,-0.02042853077671003,25.865324221513593,-0.019919375361896252,25.465425537857364,-0.01947442823982959
19186,Mirabueno,19,86.0,84.69705027975937,-0.015150578142332893,84.29069237866622,-0.00998771220530248,83.91488864375332,-0.00814803715421708,83.5672273828984,-0.007148296013812283,83.24550282730102,-0.0064894895078615455,82.94769547821723,-0.0060047427119883645,82.67195459417754,-0.005622260451447869,82.4165825532838,-0.005305952816089032,82.1800208619189,-0.005035620642084848,81.96083761238009,-0.004799023030831351
19187,Miralrío,19,56.0,54.586856798417315,-0.025234700028262225,53.61622460396471,-0.02151515994694353,52.674041638705766,-0.020202774702168247,51.75928086887876,-0.01949446036154967,50.870958790755324,-0.019028524540571023,50.008133336362945,-0.018684249549090315,49.169901891098256,-0.018409858792459155,48.35539941669276,-0.018179448580894375,47.563796673405406,-0.017978620243745747,46.79429853570225,-0.01779872978113306
19188,Mochales,19,36.0,34.7971869517669,-0.03341147356203045,33.72891630563549,-0.03205664327750668,32.721181223648834,-0.03133080053981063,31.769755616580714,-0.030767778971403037,30.87076163433518,-0.030274159007505963,30.020636987504076,-0.02981869794738845,29.21610567812363,-0.029387926054843194,28.45415175060621,-0.028975041522993683,27.731995721804424,-0.028576207965131828,27.04707339080762,-0.02818907316416286
19189,Mohernando,19,190.0,188.3341791687782,-0.008767478059062084,188.45015906694528,-0.004086880065531706,188.54581314526575,-0.002557741472127062,188.62469577996944,-0.0018145436972738516,188.68974229024982,-0.0013830389480188332,188.7433759558851,-0.0011053518015877728,188.78759679292594,-0.0009140841931125632,188.8240551131489,-0.0007757509505514903,188.85411241860803,-0.0006719127352355914,188.8788917733716,-0.0005916295940229244
19190,Molina de Aragón,19,3281.0,3292.7497157705147,0.003581138607288814,3300.907989604196,0.003029241413027517,3307.4491598655877,0.002679915150808787,3312.6914276000757,0.002406071236652485,3316.8912235870484,0.002178311447736725,3320.2548936624903,0.0019841827575652893,3322.9482855550823,0.00181652970832058,3325.1045720980055,0.0016705024734795515,3326.8306087349542,0.001542502617974284,3328.212083122443,0.0014297204621087634
19191,Monasterio,19,13.0,12.815024569785042,-0.014228879247304538,12.633586340799082,-0.014193561642235064,12.45560497559262,-0.01415835987645142,12.281002194779498,-0.014123273993596586,12.109701741874021,-0.014088303660898527,11.94162932509554,-0.014053448484227626,11.77671256100629,-0.014018708053099571,11.614880919919965,-0.013984081951921468,11.4560656730209,-0.01394956976373607,11.300199841135745,-0.013915171071715582
19192,Mondéjar,19,2918.0,2940.565828107867,0.0077333201192142376,2958.8228203658546,0.006970704700677288,2973.5735798547175,0.006308483509427587,2985.4784103309626,0.005731752837871085,2995.0779263156987,0.005227978421533663,3002.813062340533,0.004786600456583523,3009.042366047393,0.004398707067649665,3014.0566917790884,0.0040567639057960125,3018.0915295823643,0.0037543898733198855,3021.337252698814,0.0034861708260671698
19193,Montarrón,19,31.0,32.78580604695026,0.05760664667581494,33.69249349842686,0.04252320309022939,34.47475278432543,0.03604787010359711,35.14697795231377,0.03188565198562299,35.72271456907529,0.028765879776843972,36.21442413926484,0.026250342282222672,36.63337522610501,0.024139979468962514,36.989622201494875,0.02232686914830695,37.29204164615514,0.020744768981455275,37.548404184512954,0.0193491826647747
19194,Moratilla de los Meleros,19,106.0,105.6875358382223,-0.002947775111110329,105.74586567577991,-0.0011994661719076927,105.7949243388663,-0.0006453083494358802,105.83618208557473,-0.0003865871223550643,105.87087699493,-0.00024374710779817566,105.9000513438727,-0.00015721375250199454,105.92458236977686,-0.00010167201742528054,105.94520825983442,-6.462751775548892e-05,105.96255009014577,-3.9261836109028e-05,105.97713033320638,-2.157725233209451e-05
19195,Morenilla,19,53.0,52.88978500340289,-0.0020795282376813162,52.8788032188068,-0.0011440202514810816,52.8700194329008,-0.0008181570417833406,52.86299345473193,-0.0006468847080871587,52.85737334446177,-0.0005387940798663449,52.852877686448686,-0.00046318480403517714,52.84928143534439,-0.00040674548977293057,52.846404610644704,-0.00036271340645344097,52.8441032636363,-0.00032725559749824384,52.84226225818726,-0.00029801772887483313
19196,Muduex,19,104.0,104.93762841317525,0.009015657818992828,104.6453855581181,0.00309801633066753,104.3554117000617,0.0011378448822716436,104.06768522031494,0.00016266516228946593,103.78218474986994,-0.0004192268359710649,103.49888916602083,-0.0008046792700182603,103.21777758903598,-0.0010779610777900128,102.93882937888014,-0.0012811757001859325,102.6620241319875,-0.0014377016655400254,102.3873416780843,-0.0015615605537627752
19197,"Navas de Jadraque, Las",19,37.0,38.85238566907316,0.05006447754251786,40.13906712954077,0.04155636052484013,41.323069683828216,0.037521130627894195,42.4089772351221,0.03469897458978921,43.40197182667917,0.03243221487477821,44.30760687985862,0.03049548889981768,45.13162253569489,0.028787321077252237,45.87979872903042,0.027253128296420126,46.55784120460151,0.02585953916735506,47.17129566254216,0.02458409084999502
19198,Negredo,19,12.0,11.797665967984583,-0.01686116933461801,11.599729734970676,-0.01681937336983208,11.406079300632683,-0.01677771465103639,11.216605878206405,-0.016736192903907376,11.031203803089277,-0.016694807671624567,10.849770433743751,-0.01665355846856409,10.672206056027523,-0.01661244480224855,10.498413790822918,-0.016571466178828653,10.328299504842786,-0.016530622104905746,10.161771724495146,-0.01648991208825623
19199,Ocentejo,19,15.0,14.644673035188687,-0.02368846432075422,14.306649539938702,-0.023385113775182376,13.993341917799583,-0.022890140299343775,13.702600582795286,-0.022362312906358928,13.432498558715844,-0.021832771184773336,13.181304709777637,-0.021311413857098227,12.947460601357815,-0.020802091873362127,12.729560447675242,-0.020306405371765313,12.526333691651141,-0.019824968520527175,12.336629835074874,-0.019357914810774757
19200,"Olivar, El",19,68.0,69.97799635454489,0.029088181684483683,68.41041796702699,0.0030132393635848853,66.8855312062348,-0.005493202341383618,65.4020057777112,-0.009691426930782177,63.95855750692921,-0.012179693811213088,62.55394659145715,-0.01381672319901428,61.18697592464765,-0.01496874479613064,59.856489487717624,-0.015818286936155945,58.56137080723422,-0.016466522928999527,57.30054147515916,-0.01697405271611596
19201,Olmeda de Cobeta,19,56.0,54.49165318720964,-0.026934764514113474,53.169457498251624,-0.02560039091599342,51.88571587343277,-0.025115283199767302,50.63915722469904,-0.02484284745958132,49.428557001417516,-0.024655630953493657,48.25273533395672,-0.02451113042141384,47.110555257025084,-0.02439112523527842,46.00092100910889,-0.02428650323923698,44.922776404528854,-0.02419220122479393,43.875103274803145,-0.02410518072345047
19202,"Olmeda de Jadraque, La",19,18.0,17.93318053830936,-0.003712192316146612,17.87379522999289,-0.0035118546171791776,17.820996900404893,-0.0033259217064107727,17.774038997179556,-0.003153230225261039,17.73226282695335,-0.002992716656786465,17.69508656189751,-0.0028434085389568153,17.66199575033365,-0.002704416382264374,17.63253510137745,-0.0025749263101317865,17.606301353081413,-0.0024541933650026326,17.582937065548013,-0.0023415354208823347
19203,"Ordial, El",19,45.0,44.88084273754819,-0.002647939165595692,44.77556312151008,-0.002496860249886157,44.682518200173575,-0.0023572693884933438,44.600265354399866,-0.002228184181897408,44.527536538562586,-0.0021087122070143627,44.463216202481036,-0.001998042020132318,44.40632220506773,-0.0018954354552180863,44.355989273775116,-0.00180022071792163,44.311454638230444,-0.0017117861567250703,44.27204552694218,-0.001629574637043052
19204,Orea,19,191.0,190.32083964042124,-0.0035558134009359144,189.15899719713224,-0.004831048580291486,188.07789337367046,-0.005125892403177956,187.07153600574713,-0.005182111009087165,186.13442467897767,-0.00514756604729405,185.26150473825973,-0.005071274439131468,184.44812624575962,-0.004974040096185517,183.6900072833119,-0.004866101260328715,182.98320107680956,-0.004753010394243917,182.32406648991542,-0.004637985097534658
19208,Pálmaces de Jadraque,19,54.0,56.52985737445154,0.04684921063799141,58.670543884846026,0.04234905546226431,60.44131350190251,0.03827734521614823,61.89633258916489,0.03470795829841533,63.085527145548475,0.03159017050209911,64.05331212496179,0.028864001064430544,64.83821880286673,0.026474554397359462,65.47306362295141,0.02437415552714084,65.98541201490632,0.022522059032723085,66.39817591896747,0.020883627601952615
19209,Pardos,19,33.0,32.15082987499604,-0.02573242803042297,31.327594133320048,-0.025668929807207808,30.529396940767253,-0.025605639109297917,29.75537662381831,-0.0255425551970746,29.00470425542498,-0.025479677323151373,28.276582302093306,-0.025417004741202454,27.570243331063672,-0.02535453670721377,26.884948774741147,-0.02529227247978849,26.21998774967262,-0.025230211320241502,25.57467592750237,-0.025168352492631385
19210,Paredes de Sigüenza,19,21.0,20.62300329637697,-0.017952223982048987,20.273151347056665,-0.017458316719514033,19.94817203447831,-0.016982453105025774,19.646018111724743,-0.016523897765123086,19.364841241573217,-0.0160819467359532,19.10296943195172,-0.01565592616568734,18.858887381567687,-0.015245191017151938,18.63121931931377,-0.014849123818507892,18.418713986055085,-0.014467133465436377,18.220231461455764,-0.01409865407389621
19211,Pareja,19,493.0,492.78848355010945,-0.00042903945211070216,492.57996211100226,-0.0004260926933108422,492.3743918319199,-0.0004231730786462551,492.17172977542486,-0.0004202802058121957,491.97193366071997,-0.0004174137751347118,491.77496185274833,-0.0004145735065518297,491.5807733514924,-0.0004117591277255084,491.38932778147523,-0.00040897037104303813,491.20058538145787,-0.00040620697259585725,491.0145069943242,-0.00040346867175078405
19212,Pastrana,19,971.0,997.0134771378375,0.02679039870014166,1030.9511120348625,0.030408471910746693,1058.9311049124967,0.029317820700613728,1081.8608689682012,0.027396414312816253,1100.5616575218905,0.025366276398390397,1115.7547668352106,0.023430259518215202,1128.060127872301,0.02164934258073381,1138.0020581218926,0.020035947545701482,1146.0186526128862,0.01858421022794765,1152.4725693291737,0.017281476875696145
19213,"Pedregal, El",19,60.0,58.99868408158503,-0.016688598640249408,57.676583860261665,-0.019552960292587906,56.390500327934824,-0.020468892876099543,55.13931089280314,-0.020898939542645767,53.92193189151294,-0.02113491357609265,52.7373171135301,-0.021273989289165685,51.58445638590973,-0.02135778886404338,50.462374215817604,-0.02140711533266315,49.37012848828211,-0.021433522592374188,48.30680921677134,-0.02144394134914729
19214,Peñalén,19,72.0,71.38368159203293,-0.008559977888431547,70.37913595300897,-0.011320072345277765,69.43039153934167,-0.012040732827576228,68.53382197731685,-0.012258925601250747,67.68608107126306,-0.01228107589569627,66.88407745519632,-0.012209054809930842,66.12495185505229,-0.012086359886682496,65.40605666274844,-0.011934617609114073,64.72493756070072,-0.01176574234758243,64.07931696774115,-0.01158679752598002
19215,Peñalver,19,172.0,170.54571870297414,-0.008455123819917754,169.15412755737762,-0.008307391383421847,167.8221343758266,-0.00816309358450873,166.5468265513008,-0.008022141092776547,165.32545888280617,-0.00788444692172019,164.1554422573167,-0.007749926462657819,163.0343332113976,-0.0076184974315808285,161.95982429593047,-0.007490079806804939,160.92973517469,-0.0073645957660277706,159.94200439408726,-0.007241969624472544
19216,Peralejos de las Truchas,19,148.0,149.97764689493263,0.013362479019815021,149.6052309651505,0.005408451908942125,149.25839540579256,0.0028262287928313423,148.93533156704154,0.0015762213431465,148.6343652898921,0.0008557844038215023,148.3539460708721,0.0003981913163224604,148.09263720205533,8.939417117637127e-05,147.84910678659196,-0.0001275004751980502,147.62211954152602,-0.0002840164856114935,147.41052930972026,-0.0003990066736504483
19217,Peralveche,19,52.0,50.777838576505275,-0.02350310429797553,49.63368877313511,-0.023017904530496014,48.561528634930035,-0.02254598431603161,47.555891496292894,-0.022086940432536672,46.61180689066589,-0.02164038159802939,45.72474834336363,-0.02120592882436534,44.8905873477478,-0.020783215130013688,44.105552717076485,-0.020371885183090854,43.36619461909914,-0.0199715949378676,42.669352697662546,-0.019582011277157974
19218,Pinilla de Jadraque,19,47.0,47.55127582974562,0.011729272973311167,47.027806253343996,0.0002957674665899912,46.53850578123084,-0.0032837800519509575,46.0808723907346,-0.004925244363465975,45.65261641692749,-0.005800448381030776,45.25163950244167,-0.00629819935656839,44.87601594187296,-0.006584528614345997,44.52397611602821,-0.006742140159281762,44.1938917537942,-0.006816772761595646,43.88426279550696,-0.006835711937619782
19219,Pinilla de Molina,19,13.0,12.710141101916642,-0.02229683831410445,12.435443836112627,-0.021954703105273143,12.174935689901703,-0.021619530894236516,11.92771875903209,-0.021291163349311804,11.692963113796122,-0.020969446422205218,11.469900856810439,-0.02065422979780207,11.257820764028464,-0.020345366741902904,11.056063445917022,-0.020042714000392037,10.864016973143798,-0.019746131711302795,10.681112917598888,-0.019455483322045275
19220,Pioz,19,5261.0,5313.521803828632,0.009983235854140293,5361.872862381844,0.009541334008484226,5406.347151784678,0.009125566072561986,5447.224313568712,0.008734186333110072,5484.769159250139,0.008365574337984905,5519.231470812062,0.008018225418001235,5550.846038614144,0.0076907419646699005,5579.832886522901,0.00738182539723331,5606.39764167282,0.007090268761355212,5630.732013057313,0.006814949907202772
19221,Piqueras,19,33.0,32.240755941930495,-0.02300739569907595,31.502646218887545,-0.022950542195231405,30.784999215726486,-0.022893875024118215,30.08716703838225,-0.022837393422614594,29.40852458839942,-0.02278109669828099,28.748468686976068,-0.022724984172592277,28.10641723532764,-0.022669055172820363,27.481808409760653,-0.022613309029997475,26.87409988992145,-0.022557745078230496,26.282768118757584,-0.022502362654421293
19222,"Pobo de Dueñas, El",19,102.0,103.00656231549432,0.009868257995042429,103.97360462297569,0.009628181525819901,104.75377108924063,0.008919458648678935,105.3821170263325,0.008188378061743995,105.88750638414665,0.007508943127885193,106.2935624029914,0.00689565119889024,106.61952807134179,0.006347758137739801,106.88102018843495,0.005860033415759247,107.09067556308618,0.005426123646374403,107.2586959278573,0.0050397391930729896
19223,Poveda de la Sierra,19,99.0,101.69410465324877,0.027213178315644182,99.57463551768372,0.002898000381156507,97.52967010885641,-0.004975318434946807,95.55598017252098,-0.00881283593170945,93.65050191420937,-0.011048524093266843,91.81032648121452,-0.01248722441446437,90.03269105650345,-0.013472284197629136,88.31497052152645,-0.01417485409352881,86.6546696481595,-0.01468980796274122,85.04941578302228,-0.015073972920335077
19224,Pozo de Almoguera,19,110.0,109.04109710533191,-0.008717299042437121,108.4704469566196,-0.0069768520659221345,107.94990961666383,-0.006251393588155185,107.47488556426293,-0.0057889710024557894,107.04122898091903,-0.005438415575697131,106.64519810037157,-0.005148856749487507,106.2834117232979,-0.0048981283026888756,105.95281102756346,-0.004674857402447996,105.65062594134089,-0.00447249039072406,105.37434545979998,-0.004286900996512855
19225,Pozo de Guadalajara,19,1739.0,1784.763444975298,0.02631595455738811,1822.0657739926419,0.023604612399709124,1855.9971809701117,0.021941204250427226,1886.7971562245884,0.020601982841163657,1914.7020573904558,0.019436841155576534,1939.941547921871,0.018391682717989966,1962.7360164614154,0.017440219691129855,1983.2948020766976,0.016566892362566366,2001.815069967669,0.015761146860970854,2018.4812028252009,0.015015122446477402
19226,Prádena de Atienza,19,45.0,45.754004820577826,0.016755662679507344,45.74794938033616,0.008276300098739586,45.743105605173184,0.005474461545654341,45.73923095430249,0.004081779177534495,45.73613146991177,0.0032504951845957475,45.7336520336245,0.0026989532164862773,45.73166858137357,0.002306732839429948,45.73008188150856,0.0020137546910854454,45.72881256125404,0.0017867144161261006,45.727797130417684,0.0016056752708952793
19227,Prados Redondos,19,45.0,43.185487623643844,-0.040322497252359035,41.74305673570872,-0.03686787873327091,40.623878486561736,-0.03352722752743287,39.75017944475292,-0.03053609312213368,39.06476902052357,-0.027891927892997992,38.52495983301042,-0.025560350699331935,38.098488112686546,-0.02350337447809281,37.76071240688418,-0.021685572636102823,37.49264928299031,-0.020075482057984373,37.27956957850115,-0.018645682360623583
19228,Puebla de Beleña,19,57.0,56.74567665503595,-0.00446181306954474,56.76293452721341,-0.002081688404416915,56.776744603855455,-0.001307295388457197,56.78779508426337,-0.000932025512532908,56.79663701711639,-0.0007145748307973987,56.80371155461273,-0.0005747680859927717,56.809371819067096,-0.0004784510633915051,56.81390043672436,-0.0004086972166925662,56.81752359077122,-0.00035621162668497686,56.82042228036903,-0.0003154961745565066
19229,Puebla de Valles,19,59.0,59.29766236428624,0.0050451248184109065,59.02209819320885,0.00018725529153162945,58.802569162569135,-0.001116674958874353,58.62753398171102,-0.0015819959492697766,58.4878810459337,-0.0017420554043021674,58.37639824943249,-0.0017693953248631988,58.28736502847375,-0.0017345079124476692,58.21623623024635,-0.0016702479614684185,58.15939569228921,-0.0015931741229640028,58.11396322261619,-0.0015120035759310646
19230,Quer,19,1080.0,1084.0262018932137,0.0037279647159387252,1087.332055336092,0.003388728323181267,1090.0447735438074,0.0030906766250828888,1092.2696574117324,0.002828177951716526,1094.093684451887,0.002596423680690796,1095.5885733989164,0.0023913025605353244,1096.813378246384,0.0022092948434773163,1097.8166692438285,0.0020473830459197817,1098.6383569371628,0.0019029766507019374,1099.3112112804938,0.0017738485090157408
19231,Rebollosa de Jadraque,19,11.0,10.614343042535594,-0.03505972340585506,10.248587589048993,-0.034759210962033715,9.901492391581865,-0.03446210307676023,9.571905560853251,-0.03416835669075069,9.258757339282836,-0.033877929671398244,8.961053534475758,-0.03359078049059894,8.677869530148572,-0.033306868172952364,8.408344819397843,-0.033026152277822796,8.15167801085991,-0.03274859288897958,7.907122263340828,-0.03247415060656278
19232,"Recuenco, El",19,80.0,76.80889207121255,-0.03988884910984303,76.76116808092405,-0.020451838339966777,76.72193319400888,-0.013849535843192595,76.6896741344083,-0.01050927807143398,76.66314843162249,-0.008484899415891145,76.6413356211954,-0.0071228570064738594,76.62339734769203,-0.006141656188906053,76.6086447112873,-0.00539995616850919,76.59651151921965,-0.004818918297279762,76.58653235829183,-0.0043510457692206295
19233,Renera,19,100.0,99.0739404087526,-0.009260595912473968,97.92336077471361,-0.010437668589221127,97.01252523665137,-0.010059095332206613,96.28996054721009,-0.009407005783923061,95.71578560311218,-0.008719156208504386,95.25891176032175,-0.008062590643839629,94.89498333780249,-0.007457673146547994,94.60484191209778,-0.0069087153644455945,94.37336761921124,-0.00641392852855871,94.18859603028586,-0.005969220286444976
19234,Retiendas,19,52.0,48.488513651782526,-0.06752858361956682,48.479501824415124,-0.03444414350697289,48.472293568458504,-0.02314506385675963,48.466527735376424,-0.017438731288931142,48.46191556272831,-0.013994252261309459,48.45822614062243,-0.011688092045284204,48.45527480517018,-0.010035379717449944,48.45291386622912,-0.008792522730402652,48.45102519790143,-0.007823703211309208,48.44951431624531,-0.007047191735609859
19235,Riba de Saelices,19,113.0,104.39411003495955,-0.07615831827469421,103.42120961825195,-0.04332244537443364,102.50776344731119,-0.031961184659825226,101.64972752858235,-0.026116643581814425,100.8433749183073,-0.0225067082248136,100.0852667145024,-0.020024350245554823,99.37222610280209,-0.018191803065001122,98.70131509540174,-0.016769001962296137,98.06981364915707,-0.015622046518229182,97.47520088913522,-0.014670309150971783
19237,Rillo de Gallo,19,37.0,36.415519867281084,-0.015796760343754435,35.843126092701965,-0.015757581872944404,35.282524271320874,-0.01571853202371931,34.73342808824447,-0.015679610639464214,34.19555911708562,-0.015640817311244337,33.66864657898382,-0.015602151589589774,33.152427109661545,-0.01556361301474607,32.646644534227875,-0.015525201124229282,32.1510496494505,-0.015486915455341976,31.665400013229387,-0.01544875554617342
19238,Riofrío del Llano,19,49.0,48.98168124378685,-0.00037385216761531836,48.96703105191696,-0.00033647444510809255,48.955314053382736,-0.0003040784857634149,48.94594247323967,-0.00027591788297376407,48.93844650083171,-0.000251365109190993,48.932450549468776,-0.00022989212129642667,48.927654317313156,-0.00021105394199116834,48.92381767007313,-0.00019447499874936103,48.920748568893906,-0.00017983777278585134,48.91829342657389,-0.00016687336352416704
19239,Robledillo de Mohernando,19,200.0,212.85601851455178,0.0642800925727589,223.48291304357005,0.05707831555559317,232.365172312293,0.05126856850549766,239.7244904491154,0.04633463710691221,245.77941120215036,0.04208489478550215,250.7332763808645,0.0383975704705366,254.7681636403132,0.035181379806995317,258.0427737181615,0.032363670914066445,260.6927403710123,0.0298850912731059,262.832294252518,0.027696489517146095
19240,Robledo de Corpes,19,39.0,37.31962086330463,-0.043086644530650586,36.29081094946659,-0.035358297558680696,35.32467228208265,-0.03245498846355255,34.416520295869695,-0.030772812519483383,33.562087439414775,-0.0295864064411675,32.757480533184726,-0.028653199284834563,31.99914300310287,-0.02786893823627601,31.28382137753071,-0.027181325581269955,30.60853551882245,-0.026561182553927032,29.970552131770873,-0.025990901702688585
19241,Romanillos de Atienza,19,37.0,36.465093099797905,-0.014456943248705278,35.950882195240794,-0.014279215631405218,35.4563903730604,-0.014104391618037226,34.9806962284153,-0.013932417766557958,34.52293013450737,-0.013763242032068468,34.082270856258624,-0.013596813430442167,33.657942414234014,-0.013433081973636685,33.24921117833461,-0.013271998639291627,32.855383172614786,-0.013113515348229132,32.47580157422979,-0.012957584944573663
19242,Romanones,19,127.0,126.87743620394515,-0.0009650692602743982,126.76436015224992,-0.0009281466641389846,126.66002985614611,-0.0008931074923885785,126.56376256464898,-0.0008598434695749058,126.47492975623244,-0.0008282531442935781,126.39295269550037,-0.0007982412843542397,126.3172983736017,-0.0007697184578864258,126.24747579646431,-0.0007426006598464374,126.18303258866044,-0.0007168089668181388,126.12355188402786,-0.0006922692154391896
19243,Rueda de la Sierra,19,38.0,37.562241313381335,-0.011519965437333246,37.15197574183486,-0.011221171265510477,36.76725015284835,-0.01093268314002116,36.40627324162094,-0.010654103210627208,36.067399839032895,-0.01038504988414779,35.749116969043264,-0.010125157117679473,35.450031432347856,-0.009874073765595126,35.16885872945781,-0.00963146295670958,34.904413161436246,-0.00939700149804934,34.655598967964906,-0.009170379303689247
19244,Sacecorbo,19,90.0,88.32102500270881,-0.018655277747679944,86.71193332661868,-0.018436998531770943,85.16913826943613,-0.018222108880718513,83.68927329922255,-0.018010550319950358,82.26917653102828,-0.017802265276969487,80.90587636871969,-0.017597197197408376,79.59657827799136,-0.017395290545273223,78.33865259231942,-0.017196490789002983,77.12962326289497,-0.01700074438463417,75.96715747191618,-0.016807998758322062
19245,Sacedón,19,1623.0,1645.743209210093,0.014013067905171317,1664.1670286977378,0.012602969729718527,1679.0544749606217,0.011382470880510587,1691.0602655267453,0.01032277088537259,1700.7266772260484,0.009399768598626679,1708.4995750422922,0.008593254395876215,1714.743463354009,0.007886247758447151,1719.7549996382545,0.007264452801764687,1723.7747723050913,0.006715809775048154,1726.997354402267,0.006230124869132103
19246,Saelices de la Sal,19,41.0,41.123628995763355,0.003015341360081747,40.4287441080912,-0.006990972112720817,39.75512409847698,-0.01022513940673675,39.101962851615994,-0.01177991707239534,38.46849044117518,-0.012665625324498442,37.85397127379127,-0.01321789463255385,37.25770233925024,-0.013580282952291522,36.67901156018141,-0.013824472963436696,36.11725623505298,-0.013990247766489272,35.57182156867686,-0.01410145688594211
19247,Salmerón,19,147.0,143.6823641724182,-0.02256895120803948,141.9481342702984,-0.01733344085360522,140.30305211907807,-0.015422452135248843,138.74179114339015,-0.014350534949640226,137.25940235362881,-0.013618419421034922,135.85128294436242,-0.013059279056591655,134.5131478740072,-0.012601448190689202,133.24100411056048,-0.01220898775032786,132.03112726468717,-0.011861851286113723,130.8800403633665,-0.011547945220126143
19248,San Andrés del Congosto,19,63.0,62.29175937428275,-0.01124191469392466,61.59496240617287,-0.011213968559932619,60.90938559303269,-0.01118611447609652,60.23481041650326,-0.011158352340364441,59.57102327568735,-0.01113068186045263,58.91781536287216,-0.011103102713477586,58.27498254271448,-0.011075614568756054,57.64232523478322,-0.011048217093500234,57.01964829935734,-0.011020909954713276,56.40676092638148,-0.010993692819944667
19249,San Andrés del Rey,19,35.0,36.05095637331745,0.03002732495192717,35.99050078223731,0.014051291774551888,35.93804941931719,0.00885515870220277,35.89253318322553,0.0063151628459647835,35.85302805581509,0.004827608852437049,35.81873485757374,0.003861271420293688,35.78896196164529,0.0031895700712991637,35.763110502555385,0.0026997462398283822,35.7406616956666,0.002329482618229406,35.72116594797327,0.002041614793887092
19250,Santiuste,19,15.0,14.787891555765828,-0.014140562948944835,14.542193009759334,-0.015378481860184201,14.30177474694195,-0.015763292496680625,14.06650362993279,-0.01593513537799851,13.836250318969737,-0.016021905304772543,13.610889152066193,-0.016066215101235626,13.390298029289466,-0.01608632260870957,13.174358301008148,-0.016091355021024878,12.962954659961586,-0.016086382199196447,12.755975037010566,-0.016074445602144993
19251,Saúca,19,47.0,46.41795050827731,-0.012384031738780665,45.84846572609587,-0.012326333869330575,45.29882274521228,-0.012213652913846684,44.768181381445025,-0.012088823804669802,44.25574428214705,-0.011960384006860947,43.76075437913917,-0.011831155694310036,43.282492513125234,-0.01170232860372944,42.820275216787614,-0.01157448070622924,42.37345264480593,-0.011447918417050063,41.94140663999494,-0.011322812671022087
19252,Sayatón,19,64.0,62.15186865859066,-0.02887705220952097,60.3659494889007,-0.028805909838783395,58.63989609166025,-0.028734999203850475,56.97145910478563,-0.02866431963242988,55.35848190207235,-0.028593870322894066,53.79889645649839,-0.02852365045466032,52.290719401182756,-0.0284536592039486,50.83204827795907,-0.028383895747712717,49.42105796406439,-0.028314359264943523,48.055997267951525,-0.028245048937182604
19254,Selas,19,33.0,31.77198806160922,-0.037212482981538786,30.683969225928553,-0.035729680395293784,29.72518334063822,-0.03423780530368936,28.877773519833053,-0.03280856593892201,28.12677770607311,-0.03145186724726401,27.459587885173597,-0.030167621586950633,26.86552260362692,-0.02895312865501176,26.335486753910622,-0.027804903591841845,25.861699055498438,-0.02671927247558914,25.437472406800993,-0.025692598945589395
19255,Setiles,19,78.0,77.38570264613146,-0.007875607100878645,76.32470537970228,-0.010797359565626219,75.33170275490433,-0.011535536612240382,74.4016943355241,-0.011738092642752607,73.53011229425782,-0.011733383279772247,72.71277761541877,-0.011630453826043885,71.94586135971022,-0.011475776012299321,71.2258503397735,-0.011292382897590603,70.54951664685656,-0.011092903767953355,69.9138905466518,-0.010884775117736
19256,Sienes,19,38.0,36.988461817779836,-0.026619425847899003,36.00870743417509,-0.026553769303491848,35.059610493097274,-0.02648832685661129,34.14008858426411,-0.026423097994823452,33.24910142007714,-0.02635808199695977,32.38564905604088,-0.026293278109487117,31.548770191927215,-0.026228685571694332,30.737540549781784,-0.026164303621980967,29.951071325069563,-0.026100131499945833,29.188507707445062,-0.026036168447217123
19257,Sigüenza,19,4911.0,4915.445113148629,0.0009051340151964293,4927.566542927878,0.001685257100239479,4939.65703292836,0.001941320327040641,4951.716513984455,0.002066306854375366,4963.7449186075255,0.0021388626514424747,4975.7421809747375,0.0021852098539107967,4987.708236917767,0.002216588157363475,4999.643023911531,0.0022386179231432823,5011.546481062913,0.002254421758432379,5023.418549099437,0.0022658732953959593
19258,Solanillos del Extremo,19,72.0,71.4044410891594,-0.008271651539452751,69.94739286421388,-0.014357281993862547,68.52714016917555,-0.01634371661659839,67.14261142911607,-0.017310234395080726,65.79276997146881,-0.01786964311111683,64.47661277862046,-0.018225789812322035,63.19316928878492,-0.01846593402824781,61.94150024315315,-0.01863367140894978,60.720696577404404,-0.018753208144195344,59.529878355747464,-0.018839061705570703
19259,Somolinos,19,26.0,25.449734220739565,-0.021164068433093708,24.91377885242971,-0.021111720595762384,24.391706028101943,-0.021059544569672295,23.88310216708238,-0.021007539649755103,23.38756744461522,-0.020955705196043284,22.90471529046309,-0.020904040581400718,22.434171907279907,-0.020852545184048554,21.975575807920684,-0.02080121838568938,21.528577370890257,-0.0207500595708765,21.09283841316868,-0.02069906812675526
19260,"Sotillo, El",19,28.0,26.518519933466,-0.05291000237621435,24.990185495019652,-0.05527431239426417,23.556923807086573,-0.055967711459150915,22.21242268856196,-0.05624454594972694,20.950813672988613,-0.05635515311989747,19.766639185284948,-0.056382904083751906,18.654822261316475,-0.056363510427679175,17.61063860481114,-0.056314821273187876,16.62969079338657,-0.05624674979020261,15.707884461220445,-0.05616524222596131
19261,Sotodosos,19,30.0,29.32023993198811,-0.022658668933729698,28.550547523472897,-0.02445660401543559,27.804758546184544,-0.025011953730489034,27.082034774661274,-0.02525726005081963,26.381570398495573,-0.025378746352483383,25.702590660979727,-0.025438447126478914,25.044350559172585,-0.02546293849011838,24.406133602434906,-0.02546550495547184,23.787250626630378,-0.025453525221005857,23.187038661332366,-0.02543142564306744
19262,Tamajón,19,153.0,153.8757121750248,0.005723608987090234,154.57988930120362,0.005149776831331776,155.14555049966776,0.004652720577552616,155.59956945901908,0.0042208637021976525,155.96374106376177,0.003844497145402803,156.2556919238116,0.0035154639450079017,156.48964604794568,0.0032268991171424677,156.67706152962649,0.0029730147474669177,156.8271555081972,0.0027489221730998548,156.94733421144122,0.0025504846459547537
19263,Taragudo,19,45.0,47.08108971426722,0.04624643809482709,47.30727887802184,0.025315982493221867,47.516655927796,0.018304786133800155,47.710400360529924,0.014729150734060115,47.88961959111056,0.012525045746908603,48.05535167155981,0.011008656952652629,48.20856820605139,0.009887746632530447,48.350177391938544,0.009016329543879431,48.481027129138624,0.008313257962843101,48.60190815073448,0.007729751742146851
19264,Taravilla,19,38.0,37.99315425598684,-0.00018015115824110417,37.551701048191546,-0.005916170957934064,37.139125011211334,-0.007609289412186859,36.75329719193598,-0.008304877025654633,36.39227117325089,-0.008608678886967591,36.05426478311367,-0.008721908387243626,35.73764390468797,-0.008730462714697684,35.44090811785457,-0.008677061384511298,35.16267794034738,-0.008585259407957846,34.90168346891577,-0.008469043352579475
19265,Tartanedo,19,143.0,143.27421153475876,0.0019175631801311432,143.24239755872475,0.0008471850503701805,143.2169514642541,0.0005054588372082058,143.19659784335784,0.0003435254681891653,143.18031702933527,0.000252064544316255,143.16729371088752,0.00019488603892336975,143.15687590902337,0.0001566455571200276,143.1485422133441,0.00012978562170196106,143.14187560609943,0.00011018887733316163,143.1365425438445,9.544329355959391e-05
19266,Tendilla,19,353.0,367.75841051484116,0.04180852837065485,381.56364159159205,0.039671501823641764,393.23306464573864,0.03663318508533786,403.037059729098,0.03369536542721696,411.23280507605807,0.031009363117027844,418.05620804406556,0.02859244142996209,423.7181341010967,0.02642898285679407,428.40348818377635,0.024494866548793848,432.2720710445775,0.022764935294580457,435.46044626530085,0.02121550679995199
19267,Terzaga,19,24.0,23.94555698708187,-0.0022684588715887744,23.89807052992268,-0.0021257901184246197,23.856640591008375,-0.001995080602233412,23.82048624247,-0.0018752029626510902,23.788929243011413,-0.001765143447967299,23.761380068977804,-0.0016639896696692968,23.737325953329666,-0.0015709200080205044,23.716320619663932,-0.001485194189025818,23.69797545241072,-0.0014061448732898274,23.681951887936094,-0.001333170140974893
19268,Tierzo,19,32.0,31.654072577129448,-0.010810231964704764,31.33006696655614,-0.010523071160888908,31.026422448316023,-0.010246055943102017,30.74170724647425,-0.009978785197755191,30.47460609780662,-0.009720874444836047,30.223909177566924,-0.00947195523990485,29.988502234573613,-0.009231674503314968,29.767357787697968,-0.008999693865923919,29.559527255690078,-0.008775689040145251,29.364133909246707,-0.008559349217188261
19269,"Toba, La",19,70.0,69.28865815195945,-0.010162026400579283,68.04131012904635,-0.014089904641790607,66.82248639005815,-0.015365919309804021,65.63142673182567,-0.015981074315091548,64.46739376957159,-0.016332291724859282,63.32967218155573,-0.01655170139491624,62.21756798090466,-0.01669588676163658,61.13040781357299,-0.016793125065181713,60.06753828142782,-0.01685912003613499,59.028325289487896,-0.016903291177827073
19270,Tordelrábano,19,8.0,10.881021823372524,0.36012772792156555,10.89977450450295,0.16724967897312726,10.916353170923927,0.10916425101397009,10.931007070224915,0.0811664164915269,10.943957491417512,0.0646745727783733,10.9554007634635,0.05379559875005291,10.965510963402023,0.04607469888614002,10.974442354865381,0.040307092365937214,10.982331578177327,0.035832172968930154,10.989299612985121,0.03225739479519851
19271,Tordellego,19,38.0,37.03424787816807,-0.025414529521892937,36.09768590343607,-0.02535180566421713,35.189315184501005,-0.02528928674689357,34.3081745800108,-0.025226972118011504,33.453339160363505,-0.025164861054638443,32.6239187237578,-0.025102952824333946,31.81905637765221,-0.025041246693928598,31.037927182558057,-0.02497974193171071,30.27973685524432,-0.02491843780814873,29.543720528577445,-0.024857333596173592
19272,Tordesilos,19,78.0,83.20147047770406,0.0666855189449238,81.45564345991173,0.021911503644478802,79.75490547653884,0.007444044750397616,78.09791677603052,0.000313688189321093,76.48338206012757,-0.003919366639701716,74.9100488672283,-0.006714155553050882,73.37670601936455,-0.008690913492799601,71.88218213010973,-0.010158105279180152,70.42534417085531,-0.011286449792603181,69.00509609300907,-0.012178086366473662
19274,Torija,19,1877.0,1972.58999161956,0.05092700672326056,2052.555304503697,0.04571971899225291,2118.8553122564786,0.041227611529650376,2173.433960228839,0.037338613041718594,2218.1073779180615,0.03395981163439421,2254.5063379299577,0.031013925862088065,2284.0550965983216,0.02843647680270589,2307.972703694607,0.026173510007877043,2327.2869911345797,0.02417975172636111,2342.8547311934262,0.0224171102515196
19277,Torrecuadrada de Molina,19,20.0,20.302485480686077,0.01512427403430383,20.305968300413227,0.007620173984553391,20.308996502727382,0.005123645137759425,20.311629374327723,0.0038728110378574154,20.3139184838055,0.003119659470091074,20.315908683114582,0.002615411662100442,20.317638979901467,0.002253556946911095,20.319143297149882,0.001980857773546063,20.3204511345467,0.0017677328689931215,20.32158814417145,0.0015964232093126363
19278,Torrecuadradilla,19,26.0,25.674493308924404,-0.012519488118292177,25.298257643396855,-0.013587353405575264,24.948434852436996,-0.013667555486342464,24.622905675971236,-0.013512723102881319,24.319750254714446,-0.013272680762796196,24.037226207935877,-0.012996937019229104,23.773749461265044,-0.01270637360960225,23.527877440717013,-0.012411156579695715,23.298294307652906,-0.012116703867381617,23.083797958286667,-0.011826071135388916
19279,Torre del Burgo,19,494.0,506.9621683881126,0.02623920726338591,519.2844074491442,0.025272164369371852,530.9770528904666,0.024352899920335513,542.0536029008391,0.023478730157665995,552.5301473005461,0.022647135102197513,562.4248505707753,0.021855747776933887,571.7574887839797,0.021102344240867765,580.5490390067033,0.020384834326409473,588.8213188245908,0.01970125302192316,596.5966729998034,0.019049752449713298
19280,Torrejón del Rey,19,6435.0,6539.095019612405,0.016176382224149854,6633.468623737865,0.015303922464066533,6721.029730921559,0.014602095849414187,6802.175623631639,0.013969338101964546,6877.296267282791,0.013383517984353777,6946.771298226437,0.012835873122327257,7010.9677155231,0.012321563806984681,7070.238174030187,0.011837303637597829,7124.919785829121,0.01138056331961157,7175.33334676394,0.010949246911877042
19281,Torremocha de Jadraque,19,23.0,22.849460445967075,-0.006545198001431496,22.88721614425404,-0.0024548360610423536,22.919933391078803,-0.0011617347415122659,22.94827867870214,-0.0005626629813143547,22.972831816840852,-0.00023635677359312712,22.99409683105541,-4.278116186351433e-05,23.012511587193355,7.769361046139345e-05,23.028456265403882,0.00015456996890605978,23.042260802417534,0.00020399193569420326,23.054211413741225,0.00023545217241038863
19282,Torremocha del Campo,19,193.0,190.63247728793905,-0.012266957057310623,189.23529364379152,-0.009801156610604322,187.9312722766521,-0.008832054859258198,186.71368008434342,-0.008244294844799716,185.57633101095902,-0.007814090725419498,184.51353481336963,-0.00746654725155893,183.5200513585725,-0.0071693560500433184,182.59104977726562,-0.006906196530070741,181.7220718898564,-0.006667864534388057,180.90899939866605,-0.006448722146658703
19283,Torremocha del Pinar,19,32.0,31.30484131894157,-0.021723708783075946,30.43322319823168,-0.024788112795613992,29.590050975797922,-0.025761596546225562,28.77428141415619,-0.02621377433873251,27.984913330259374,-0.026457764101487036,27.220985758859918,-0.02659782643255626,26.481576201878035,-0.026678616699825963,25.765798959491306,-0.026722453238338106,25.072803538886134,-0.02674173123524104,24.401773136825433,-0.026743885896130637
19284,Torremochuela,19,6.0,6.667843280786198,0.11130721346436645,6.39851544544606,0.032675767560988556,6.141332231796504,0.007790934364009461,5.895695501938142,-0.004374643381452437,5.6610388560285925,-0.011563038298213035,5.436825835391771,-0.01629315113134322,5.222548233390007,-0.01962963954188557,5.017724507252159,-0.022100001758506127,4.821898284501596,-0.023995396589489237,4.634636958047536,-0.025489670161056188
19285,Torrubia,19,28.0,27.873984008899008,-0.0045005711107497515,27.761878559439644,-0.0042612476974042135,27.66210267656245,-0.004038877755864201,27.573264212500234,-0.0038321123666212875,27.494135465929265,-0.0036397169198018053,27.42363231984941,-0.0034605609240883073,27.36079630284253,-0.0032936088753030557,27.304779113077167,-0.0031379119581146364,27.25482922589251,-0.0029926004917727456,27.21028027137021,-0.0028568770502476193
19286,Tórtola de Henares,19,1439.0,1478.7225959786679,0.027604305753070157,1516.8511966886435,0.026694161424906104,1550.9899609882557,0.02529631766920959,1581.4648776057443,0.0238814841998074,1608.5979345563192,0.022533022969705607,1632.7002911092834,0.021270873438508087,1654.0676081353347,0.020097728305670026,1672.9770882727723,0.019010478569157385,1689.6858377281492,0.01800395049904613,1704.430223918001,0.017072339422725902
19287,Tortuera,19,157.0,152.51470866117413,-0.028568734642202998,148.45077565144496,-0.027607927979177327,144.51464455785057,-0.027243662564171878,140.7017827148795,-0.02702879643264111,137.00783458793558,-0.02687383466511628,133.42861426046636,-0.026748935947704222,129.96009826325212,-0.02664130846239443,126.59841872925934,-0.026544555180646134,123.33985685830935,-0.02645512156769325,120.18083667662569,-0.02637087446797093
19288,Tortuero,19,19.0,18.80090126976787,-0.010478880538533186,18.61693185245678,-0.010132070147559125,18.446826882876586,-0.009800528098094508,18.289441979851603,-0.009483501953742146,18.143739963294326,-0.009180278270192965,18.008779234304736,-0.008890180713747364,17.8837036031283,-0.008612568105051288,17.767733362216948,-0.008346832545884975,17.660157432841334,-0.008092397641676241,17.560326439709574,-0.007848716818121937
19289,Traíd,19,18.0,17.177408147458642,-0.045699547363408755,16.396242732164563,-0.04558794328175919,15.654244390692167,-0.04547669819368183,14.949285682960866,-0.04536581085737856,14.279362915251044,-0.045255280015519594,13.642588496290227,-0.045145104411946635,13.037183791571602,-0.04503528279404756,12.461472441810871,-0.04492581391333794,11.913874113886827,-0.04481669652564502,11.392898654868198,-0.04470792939117263
19290,Trijueque,19,1737.0,1781.7889355770296,0.025785224857242106,1845.5039202501487,0.0307600474073082,1898.1124750302254,0.030008262079040948,1941.2770517105537,0.028186566852540507,1976.5143983475994,0.0261716985352487,2005.1642444358542,0.024216313466493666,2028.3828376850136,0.022401420281806805,2047.1511406328787,0.020748525290825492,2062.2907413579674,0.019256152169651264,2074.4829964591413,0.017913809157565908
19291,Trillo,19,1406.0,1412.0063481157554,0.00427194033837508,1416.8298957303282,0.0038439263860674533,1420.700595064101,0.003473128502087919,1423.8047668087552,0.0031509308397541513,1426.292986883694,0.0028701045155086202,1428.2866934101332,0.002624574192245488,1429.8836649769348,0.0024092253033469735,1431.162527751185,0.002219744628731757,1432.1864414519857,0.002052488278521336,1433.0060998240576,0.0019043722308895727
19293,Uceda,19,3400.0,3489.052654537588,0.026191957216937567,3562.23536783163,0.023580131038289487,3623.1247122697396,0.021413174912678246,3673.610873079738,0.019538331814245913,3715.3532442771057,0.01789794803560385,3749.78669617876,0.016454495906158106,3778.137565957017,0.015179157758270723,3801.4444705818837,0.014048476108957875,3820.5807582044167,0.013042882659224375,3836.2766386270628,0.012145852923743261
19294,Ujados,19,20.0,23.572841552395076,0.1786420776197537,22.582079026007708,0.06259303183315912,21.63760302785003,0.026580595748165736,20.737058296239613,0.009088573022089985,19.87821842295106,-0.001220792804070281,19.058978343523105,-0.008000156852489893,18.277347290577026,-0.012784691601670506,17.531442180111867,-0.016332198069112014,16.819481402782408,-0.019059847557627463,16.13977899406213,-0.02121623127905814
19296,Utande,19,31.0,30.267005672062496,-0.02364497832056467,29.616844380114475,-0.022563517778323217,28.990643909049126,-0.022090370697473993,28.387314851062385,-0.0217707258917178,27.805826112524773,-0.02151353698863756,27.245201364507633,-0.02128843239836886,26.70451573346071,-0.021082382128185362,26.182892714260234,-0.020888860696741784,25.679501289270675,-0.020704234021948653,25.193553238365052,-0.020526313972341392
19297,Valdarachas,19,67.0,68.97853874848168,0.029530429081816134,71.00517177233367,0.029455527533442938,73.08076668232933,0.02938088022375429,75.20619938043639,0.029306486806730314,77.38235380454437,0.029232346424715283,79.61012183740955,0.029158458138263343,81.89040321199174,0.02908482098753007,84.2241054131929,0.029011434007605308,86.61214357601271,0.028938296233610883,89.05544038013716,0.028865406702730967
19298,Valdearenas,19,88.0,87.5374137445285,-0.005256661993994438,87.557244356011,-0.002518829318687743,87.57311207967669,-0.001619621455671294,87.58580832905778,-0.0011787634709496952,87.5959666538449,-0.0009199486595712347,87.60409416195535,-0.0007512311210660094,87.6105967113945,-0.0006333503242044181,87.61579909846064,-0.0005467851825445846,87.61996123053642,-0.0004807704556422099,87.62329107855456,-0.00042890519220717405
19299,Valdeavellano,19,101.0,104.94418844144181,0.039051370707344546,104.95642546202117,0.019398121112130795,104.96621610584342,0.012922121652903185,104.97404927847312,0.009694856835639198,104.98031623745486,0.007760427497500277,104.9853300740185,0.006470864492607031,104.98934131567992,0.005549386384140931,104.99255041935595,0.004857871685367776,104.99511777292103,0.004319673545916558,104.99717170097377,0.0038888316363594466
19300,Valdeaveruelo,19,1317.0,1339.0322247092188,0.016729100006999786,1356.9441104552782,0.015051535979810238,1371.462998684958,0.013598844319501202,1383.2036278410474,0.0123369437832892,1392.6795419036685,0.01123730883828622,1400.315920090736,0.010276013557207975,1406.4623418060123,0.009432948357325,1411.4046708510614,0.008691176632437347,1415.3756723336746,0.008036405033206018,1418.5642381827358,0.007456546362664573
19301,Valdeconcha,19,42.0,42.24149472486251,0.005749874401488331,42.22443090156134,0.0026682367036057197,42.21078480607274,0.001670104484523316,42.19987110505571,0.0011875917220716126,42.191142175947114,0.0009085484167694613,42.18416033267804,0.0007294633842980236,42.17857568993417,0.0006062964048723085,42.17410850806512,0.0005172427240938138,42.170535103221866,0.0004503389928909307,42.16767659734576,0.0003985145712888105
19302,Valdegrudas,19,49.0,49.328863950010955,0.006711509183896958,48.7931326402397,-0.0021131240727990663,48.35150113591609,-0.0044311631027053044,47.986830724574574,-0.005209802845061007,47.68528949905754,-0.005424701682073874,47.43565927455117,-0.005393079328679717,47.22880355654839,-0.005245671275555974,47.057254827883796,-0.0050441416204318745,46.91489135566147,-0.0048200306494901035,46.79668195558729,-0.0045902321424893255
19303,Valdelcubo,19,42.0,42.45621984816222,0.010862377337195639,42.89456614602145,0.010593486003591668,43.24849950934747,0.009812133405296741,43.53374772640294,0.009007028552721952,43.763300293932254,0.008259110826377869,43.947813548815475,0.007584157802298153,44.09598411095882,0.006981270064009948,44.214880162221476,0.006444649132126612,44.310227779055225,0.005967278973291412,44.38665389283897,0.005542223406559188
19304,Valdenuño Fernández,19,359.0,372.135693709409,0.03658967607077712,384.050541665095,0.03430105268765615,394.81329747701216,0.03220456228559776,404.5000748292673,0.030281826988789007,413.190682554439,0.028516383820271107,420.96578763458405,0.026893469969371697,427.9047900649779,0.02539983398126422,434.08429192662965,0.024023569531309352,439.57704972777424,0.022753968852865736,444.4513104923608,0.021581393299128226
19305,Valdepeñas de la Sierra,19,151.0,148.9202744227238,-0.013773017068054338,146.88878701798052,-0.013707232126213054,144.9041553975775,-0.013641864824759153,142.9650438931038,-0.01357691210302625,141.07016170215257,-0.013512371002787238,139.21826117266465,-0.013448238601135531,137.40813616029533,-0.01338451200075419,135.6386204553999,-0.013321188327358957,133.90858627640063,-0.013258264728737701,132.21694282646664,-0.013195738374268795
19306,Valderrebollo,19,25.0,25.058846625255914,0.0023538650102366,25.01947407469071,0.00038940567542411486,24.988020579757965,-0.00015975112228927557,24.962886256504966,-0.00037134422855211735,24.942797001790964,-0.000458043401032282,24.92673723897594,-0.0004890158584394122,24.913896874058924,-0.0004927456594808755,24.90362934464417,-0.0004826678791151062,24.89541836784736,-0.0004656737202233252,24.888851535666664,-0.00044548585665726836
19307,Valdesotos,19,35.0,34.98204906229279,-0.0005128839344917813,34.96769499206823,-0.00046160665366234976,34.95621597670299,-0.00041716470025465746,34.94703547762619,-0.000378532893449246,34.939692814358935,-0.00034485025076225195,34.9338197945441,-0.00031539241188660583,34.92912208948205,-0.0002895489884592317,34.925364380275745,-0.0002668047986287281,34.92235850397857,-0.0002467242911301515,34.91995398920797,-0.000228938602018669
19308,Valfermoso de Tajuña,19,77.0,80.84999996157786,0.049999999501011194,81.88644909050394,0.031242152842266613,82.75058094004821,0.024299062909785896,83.46957433761564,0.02037396361919286,84.06680026124134,0.01771636598499149,84.56219321518724,0.015736172494752454,84.9726471181868,0.014174372009554626,85.31240510688198,0.012896761452382277,85.59342538801086,0.01182526678813045,85.82571386702188,0.010910412665474656
19309,Valhermoso,19,15.0,16.165887223246987,0.07772581488313235,14.97475221253451,-0.0008419473531890986,13.876691853920253,-0.025612818929160452,12.864046834331564,-0.03767539883838489,11.929818113776737,-0.044768770087188825,11.06760755204193,-0.049408889476219686,10.271564085276422,-0.05265869269617007,9.536334914765908,-0.05504466890446402,8.857021224055847,-0.05685735845494422,8.229137988882593,-0.05827021048310077
19310,Valtablado del Río,19,7.0,7.027133469459964,0.003876209922851981,6.833836383119636,-0.011940112925505786,6.6467832847063875,-0.017110958544272026,6.465747293932348,-0.01965221556888097,6.290510598031676,-0.021146784801751584,6.1208640589519066,-0.0221195079993719,5.956606838798465,-0.022794635891985382,5.797546042629663,-0.023284070491577435,5.643496377746711,-0.023649891280869806,5.494279828667908,-0.023929306100039738
19311,Valverde de los Arroyos,19,85.0,86.58740022497122,0.0186752967643673,86.01889419360921,0.005975641113168173,85.45693541929931,0.0017887022417610865,84.90143024933212,-0.00029003718933628964,84.35228661835953,-0.00152869818305712,83.80941401762804,-0.002348224629989515,83.27272346487767,-0.0029285904796929607,82.74212747489194,-0.003359641608634334,82.21754003068229,-0.00369123666613691,81.69887655529232,-0.00395326574663768
19314,Viana de Jadraque,19,41.0,40.88329239629071,-0.0028465269197387455,40.79016555318242,-0.0025622392033747277,40.71581683614116,-0.0023157909745566974,40.65643544609663,-0.0021015211267905176,40.60899269495124,-0.001914670609852176,40.57107835765399,-0.0017512330763186368,40.54077237631493,-0.0016078308612113013,40.51654389149425,-0.0014816119344002177,40.49717152945943,-0.0013701642232964995,40.4816803091139,-0.001271444326292115
19317,Villanueva de Alcorón,19,140.0,137.403571384209,-0.018545918684221507,134.471655406765,-0.019942948429003127,131.63570451775988,-0.02032530849061709,128.89188546081198,-0.020455015542267474,126.23654313662975,-0.020484277167825415,123.66619126486117,-0.020463797551606655,121.17750358687428,-0.020415296032764707,118.76730557532827,-0.02034962619350167,116.4325666187135,-0.02027281347161569,114.1703926512,-0.020188469642834383
19318,Villanueva de Argecilla,19,30.0,29.709561661979333,-0.009681277934022292,29.42336629771307,-0.009657192387183766,29.14133826199455,-0.00963318627460763,28.86340345587374,-0.009609259503047252,28.58948931433171,-0.009585411818794909,28.319524770429403,-0.009561642942358284,28.053440220383553,-0.009537952587695742,27.791167489544005,-0.009514340467022153,27.532639799246642,-0.009490806292407283,27.27779173451756,-0.009467349776412726
19319,Villanueva de la Torre,19,6666.0,6642.0968078563255,-0.0035858374052917252,6623.035981003847,-0.003227833140471481,6607.826710241743,-0.0029174586711693262,6595.684444831085,-0.002647593105737811,6585.986699196601,-0.002412248938247208,6578.238770001743,-0.002206384765245595,6572.046989866527,-0.002025749640549468,6567.097762199867,-0.0018667536812232433,6563.14106373281,-0.0017263604377402153,6559.977421453489,-0.0016019973089171913
19321,Villares de Jadraque,19,39.0,38.61597925374232,-0.009846685801479071,38.31148694423341,-0.008866396956037081,38.06962270141958,-0.00801602772896326,37.87723114819026,-0.007276267804814385,37.724018186765996,-0.006630851704256591,37.6018941542537,-0.006066063452326409,37.50447964343104,-0.005570322631009983,37.42672977252068,-0.005133838720794204,37.364645942792734,-0.00474832250633872,37.31505303660967,-0.004406745101328213
19322,Villaseca de Henares,19,22.0,21.663849626986288,-0.015279562409714176,20.787021108768023,-0.027958542111967355,19.949802404880465,-0.03208183754340488,19.150239433189093,-0.03408728760591495,18.38648195971099,-0.03524910124441183,17.656777710429306,-0.03599017216340683,16.9594668367316,-0.036491290210805105,16.292976712104856,-0.03684270246963206,15.655817039203354,-0.03709448759731393,15.046575247785878,-0.03727666621467296
19323,Villaseca de Uceda,19,59.0,58.77053982928382,-0.0038891554358674307,58.55559893522718,-0.0037732293482710677,58.35421310111034,-0.003661906745877075,58.16548742403659,-0.0035549821971918583,57.98859071010078,-0.003452260120515138,57.822750415863936,-0.003353554210160259,57.66724804838501,-0.0032586869684987363,57.52141497634333,-0.0031674892709638858,57.384628610288686,-0.0030797999549116994,57.25630891486462,-0.0029954654296626693
19324,Villel de Mesa,19,163.0,162.18020750293786,-0.005029401822467139,161.23332335714267,-0.005434017780315714,160.35637788888974,-0.00543567319427718,159.543890114514,-0.005343458490364883,158.79085015341064,-0.005218789022128578,158.0926733988345,-0.005081843391446128,157.44515980416134,-0.004941037698492301,156.84445763602392,-0.004800391394413572,156.28703113707473,-0.004661981404088911,155.76963161846263,-0.004526922993063454
19325,Viñuelas,19,181.0,183.6882744761997,0.014852345172374104,186.40273475705717,0.014814940419512368,189.14343445056474,0.014777661850339463,191.91042475262088,0.01474050888598355,194.7037545067558,0.014703481027612098,197.5234701947932,0.014666577791377255,200.36961592804863,0.014629798699116847,203.24223343906522,0.014593143276020903,206.14136207388626,0.014556611049850288,209.0670387848639,0.01452020155061673
19326,Yebes,19,5637.0,5815.980432097513,0.03175100800026831,5963.247821466962,0.02853106107637471,6083.7421014957945,0.025748570019827,6181.888180637288,0.023336059197277992,6261.543831005223,0.021237321876437898,6326.0067190732525,0.019405413771989455,6378.054529479164,0.01780102694096586,6420.000933417118,0.01639116679610475,6453.756594573888,0.015148071949681041,6480.888866944325,0.014048329506350488
19327,Yebra,19,489.0,488.3107908830949,-0.0014094255969429037,487.25990556056036,-0.0017808233340121937,486.21651933139594,-0.0019010080437239507,485.1805675508995,-0.0019584206859301068,484.1519862494434,-0.0019907380225470117,483.13071212415946,-0.00201051735009683,482.11668253074254,-0.002023139942403329,481.1098354753678,-0.002031296276503225,480.11010960672337,-0.00203648098257736,479.11744420815137,-0.002039590790073653
19329,Yélamos de Abajo,19,57.0,61.44221474785502,0.07793359206763184,61.386412556754564,0.03776423442844279,61.340099650535585,0.02476245905582508,61.30165694095255,0.018355326758287882,61.2697432702303,0.014551835646965827,61.24324718355292,0.012038945925928912,61.22124722966472,0.010258408714044043,61.2029792328896,0.008932735971059813,61.18780927864174,0.007908520334355185,61.17521139165851,0.007094124625169229
19330,Yélamos de Arriba,19,97.0,99.74961463800935,0.028346542659890117,103.57583437553862,0.03334026678742941,107.01742223598347,0.03330274673027822,110.09876303561377,0.03217343236934078,112.84650912476936,0.030726113159603274,115.28824575220976,0.029205778993962817,117.45149025053593,0.02770753914109836,119.36297128266288,0.026271422784432508,121.04813557174808,0.024913879623467583,122.53083419678613,0.023640276842437746
19331,Yunquera de Henares,19,4706.0,4830.095706073181,0.02636967829859338,4945.011934700019,0.02507988293819996,5051.173410842957,0.023874637552716793,5149.035360767249,0.022747644335279427,5239.07065345353,0.021693114380458844,5321.759247556348,0.020705723668010156,5397.579695982959,0.019780573121989997,5467.00245315568,0.018913152344548045,5530.484735808748,0.018099306659434822,5588.466702620314,0.017335207139286046
19332,"Yunta, La",19,86.0,85.54349472377173,-0.005308200886375292,84.26935637831419,-0.010113018088862002,83.06064961257047,-0.011525149743984331,81.9133845418546,-0.01209745358584069,80.82386217323428,-0.012338261780945214,79.78864961100682,-0.012416609366269427,78.80455766074054,-0.012404770399839449,77.86862057448162,-0.012338775444972971,76.9780777099111,-0.012238560997066994,76.13035690258637,-0.012116022972017637
19333,Zaorejas,19,117.0,114.9875145390453,-0.01720073043551018,113.05411485227461,-0.01700738257254597,111.19597034781941,-0.016816920505596022,109.4094727708445,-0.016629296068001675,107.69122124342827,-0.01644446203506611,106.03800848763562,-0.01626237202383629,104.4468080775416,-0.016082980466336716,102.91476263540868,-0.015906242592203412,101.43917289482978,-0.015732114413595122,100.01748756052498,-0.01556055271095591
19334,Zarzuela de Jadraque,19,49.0,49.61487383997516,0.012548445713778777,49.87215879539514,0.00886032684891358,50.12948151245517,0.007625255394999808,50.38683535779673,0.007001808745613625,50.644213728849735,0.006622771353071766,50.90161005418934,0.0063658861131068445,51.15901779388488,0.006178793290376072,51.41643043984149,0.0060353248279629845,51.673841516134466,0.005920947541311783,51.9312445793361,0.005826943568510545
19335,Zorita de los Canes,19,72.0,71.24774159158169,-0.010448033450254357,70.51918199413105,-0.010336883959081722,69.81341766708537,-0.010227307591972212,69.12958668241929,-0.010119279029583872,68.46686637443686,-0.010012773702492428,67.82447124670125,-0.00990776750635558,67.20165100565254,-0.009804236755228124,66.59768871239359,-0.009702158164749508,66.0118990447507,-0.009601508842062012,65.44362666229436,-0.009502266277827354
19901,Semillas,19,25.0,23.517998455142084,-0.05928006179431666,21.61869556394145,-0.070081819428366,19.881148464487612,-0.07352475441970086,18.290913301709708,-0.07514458084911813,16.834892376418164,-0.07603809174692133,15.50120367761535,-0.07656945555931638,14.279063524246952,-0.07689439462168624,13.158680954254693,-0.07709065486909039,12.131162644825876,-0.07720138252303321,11.188427277646378,-0.07725244425345612
45001,Ajofrín,45,2379.0,2386.892870943809,0.0033177263319921213,2394.7722680217935,0.0033094183730808524,2402.6380839771955,0.0033011381315068977,2410.4902131512604,0.0032928855361358256,2418.3285511628233,0.003284660489533797,2426.152994904607,0.0032764628902341997,2433.9634425393974,0.003268292635914438,2441.759793496166,0.0032601496241912997,2449.541948466092,0.0032520337528831877,2457.309809398494,0.0032439449201147053
45002,Alameda de la Sagra,45,4350.0,4498.418880556651,0.03411928288658639,4627.453861604409,0.031398321174003874,4755.709771947878,0.030169518157704633,4883.07334230964,0.029321389486126836,5009.437632165458,0.028631793043067955,5134.702053412624,0.028026552159849727,5258.772361425466,0.02747373909827666,5381.560616331121,0.026957267011148422,5502.985117296244,0.02646809131126382,5622.970312550863,0.02600069122298021
45003,Albarreal de Tajo,45,804.0,832.0916747411829,0.03493989395669517,864.9322615794761,0.037201231680404456,895.7358282527374,0.03667183384615136,924.5268002088368,0.03553757967130777,951.3508323840522,0.03422952256168288,976.2702156577072,0.03288585953013423,999.359811653409,0.03156148538375536,1020.7035250364347,0.03028041856461572,1040.391297629736,0.029053256500987557,1058.5165920861418,0.02788413304679138
45004,Alcabón,45,792.0,802.7304646373983,0.013548566461361489,811.4194178168239,0.012185490382288666,818.4382486456445,0.011005640552451457,824.0970017731446,0.009981196084007271,828.652161396902,0.009088872644029466,832.3144109054632,0.00830914344737832,835.2558605754738,0.0076256001990528954,837.6165031384099,0.007024427667216004,839.5098199573829,0.006493970763613355,841.0275542476497,0.006024377135829484
45005,Alcañizo,45,259.0,251.82244313844882,-0.027712574755023867,246.22387849089776,-0.02497623335392396,241.83477771140494,-0.022598508813953977,238.3798961667917,-0.020527007340372494,235.6515618655884,-0.018717369170152542,233.4913948344607,-0.01713202199500352,231.7775272318338,-0.015739122619470747,230.41549525479005,-0.014511661144851695,229.33163476442485,-0.013426704419805202,228.46821838293098,-0.01246475816339876
45006,Alcaudete de la Jara,45,1720.0,1753.1045874903957,0.01924685319209063,1789.186890913413,0.019914180986599472,1820.488074336295,0.019107029255005292,1847.5656582726606,0.018047070571512114,1870.9337189488785,0.01696496394439162,1891.0595168698765,0.0159276764421592,1908.3629544204343,0.014956675553547738,1923.217938589179,0.014057325652352626,1935.954951636203,0.013228558757914621,1946.864318175334,0.012466643282992518
45007,Alcolea de Tajo,45,839.0,838.8631113367945,-0.00016315692873114518,838.9514535867198,-2.8931534893583688e-05,839.0224867761799,8.933879732664352e-06,839.0796012380498,2.3718237813996623e-05,839.1255236153368,2.9920406227956775e-05,839.1624466517654,3.2267292009224846e-05,839.1921336477054,3.271152623418594e-05,839.2160025099977,3.2177917816289536e-05,839.235193371376,3.114343450927315e-05,839.2506229844005,2.9867616381906714e-05
45008,Aldea en Cabo,45,184.0,186.09695213867334,0.011396479014529115,186.1353930419166,0.0057859598179614835,186.16665168748136,0.003909787277944332,186.19206911089978,0.002965140593123472,186.212736257952,0.002393661414177295,186.22954052154546,0.0020093901353617216,186.24320365373572,0.001732586129533198,186.25431263954357,0.0015233158804812685,186.26334483137705,0.0013593394193383013,186.27068840584138,0.0012272696969519714
45009,Aldeanueva de Barbarroya,45,456.0,445.4440695701929,-0.02314897024080509,435.714323612148,-0.022496103552267166,426.2441677253372,-0.0222423955936355,417.02566066843593,-0.022088655946581937,408.05113186906334,-0.02197501667431212,399.31317132876603,-0.02188151729363541,390.8046199348685,-0.02179960194802877,382.51856016164487,-0.02172499206342471,374.4483071440486,-0.02165531024330014,366.5874001080215,-0.02158912973935223
45010,Aldeanueva de San Bartolomé,45,404.0,399.7213852897591,-0.01059063047089337,395.00061529875103,-0.011200578836163433,390.40940312342246,-0.011341507261289352,385.94335556017626,-0.011365980225803929,381.5982584589309,-0.011344461193041888,377.3700682674911,-0.011300424821994226,373.2549040258263,-0.011243923916248288,369.24903978378495,-0.011179978917715161,365.3488974174767,-0.011111373960547843,361.55103982112945,-0.011039775172119959
45011,Almendral de la Cañada,45,341.0,340.0131014009258,-0.0028941307890739676,339.0420094964126,-0.002875086879860156,338.1321010113377,-0.0028113164148443337,337.27937824105624,-0.0027389608890435735,336.48012137829267,-0.0026651231565428812,335.7308672804832,-0.002592072849462279,335.0283900718383,-0.0025207037582375413,334.36968339914154,-0.0024513978890081667,333.7519441804188,-0.0023843132572992642,333.1725577032588,-0.002319498817350385
45012,Almonacid de Toledo,45,991.0,999.0664704006911,0.008139727952261477,1007.1577756318462,0.008119296650129337,1015.2736631967874,0.00809893359376268,1023.4138802909322,0.008078638727606391,1031.5781730336346,0.008058411833989698,1039.7662865019056,0.008038252669098744,1047.9779647640385,0.008018160982396605,1056.2129509131314,0.007998136521475185,1064.470987100502,0.007978179033669264,1072.7518145689908,0.00795828826669931
45013,Almorox,45,2569.0,2626.125923372442,0.022236638136411635,2672.739923517161,0.01999090271345172,2710.6261527148745,0.018048589740564003,2741.321440506429,0.016363276534523408,2766.12775099937,0.014896198775145919,2786.13432281974,0.013614911757380277,2802.2437152498674,0.012492198724424641,2815.1982672821205,0.011505177933010424,2825.605014906415,0.010634570211104588,2833.958104515452,0.00986409660924581
45014,Añover de Tajo,45,5454.0,5489.45682590541,0.006501068189477488,5528.340999633272,0.00679220612832121,5559.646557109623,0.0064155765293438805,5584.81859315337,0.005943258114295746,5605.038255456541,0.005478270608003433,5621.266679946041,0.00504731867646413,5634.283243374416,0.004656616742487962,5644.718192330874,0.00430561643199745,5653.080064499174,0.0039914175023374465,5659.778479965599,0.0037104135252641335
45015,Arcicóllar,45,1089.0,1109.8070923990065,0.01910660459045599,1130.3750800869964,0.018819731663192396,1150.6954373123845,0.018538626901405175,1170.7603447788126,0.018263158658227363,1190.562671626407,0.017993198577413105,1210.095956048739,0.017728621474471185,1229.3543849354166,0.017469305248565492,1248.3327727076041,0.01721513080030901,1267.0265395030585,0.01696598195262311,1285.4316888565904,0.016721745374047137
45016,Argés,45,7178.0,7294.58785394839,0.01624238700869185,7412.588954519162,0.01620945668997842,7522.463480435842,0.0157469914940358,7624.640481183473,0.015205540209118018,7719.547985083203,0.01465332627935001,7807.60855152095,0.014111628925642217,7889.235708048514,0.013588418793015533,7964.8311589557425,0.013086760885667514,8034.7826594326825,0.012607609367079053,8099.462458146375,0.012150920176807745
45017,Azután,45,286.0,286.13818693840216,0.0004831711132942118,285.7493063884237,-0.000438371629556622,285.40084421103427,-0.0006988049850146227,285.0885581095267,-0.0007976688451687419,284.8086591179422,-0.000834497121040112,284.55776159786194,-0.0008422366856513097,284.3328390491031,-0.0008348356727536643,284.13118500253637,-0.0008191343620506109,283.95037836537887,-0.0007988265447506082,283.78825267550303,-0.000776042714898173
45018,Barcience,45,1110.0,1155.0629783912461,0.040597277829951484,1192.427032124445,0.036464465140749525,1223.186647898455,0.03289597322771054,1248.3646632902844,0.029804112918987435,1268.8797160837232,0.02711600164161876,1285.5342308676184,0.024770884289442074,1299.0150951063986,0.022717973532916602,1309.9015006883074,0.020914700964387967,1318.6762767393534,0.019325295118928,1325.7384006938767,0.01791962099234512
45019,Bargas,45,11274.0,11421.951665064966,0.01312326282286369,11566.084180934828,0.012871052207238831,11701.990682525786,0.012497374753396961,11830.034515245114,0.01210832078129731,11950.577483438965,0.011724279346341016,12063.97742070224,0.011351402048374926,12170.586165404846,0.010991811033467025,12270.747898494375,0.01064614879178083,12364.79780291959,0.010314426147991052,12453.06100663729,0.009996359813745581
45020,Belvís de la Jara,45,1475.0,1466.2112414446642,-0.00595848037649882,1466.2044291741838,-0.002986007553033465,1466.1989793805901,-0.001992900226369998,1466.1946195602989,-0.0014957900992814688,1466.1911317134002,-0.0011972863773077602,1466.1883414418553,-0.0009981551052864468,1466.1861092284419,-0.0008558398491815833,1466.184323460159,-0.0007490520695110359,1466.1828948470982,-0.0006659599689087248,1466.181751957652,-0.0005994618378106775
45021,Borox,45,4306.0,4374.159401728441,0.01582893676926167,4437.644939021991,0.015171139697893743,4496.703725251109,0.014549908902417474,4551.5818671484985,0.013962943041629705,4602.522021346305,0.013408097001458064,4649.76143895651,0.012883370618994805,4693.530436065139,0.012386898289034498,4734.051231582377,0.011916939361942935,4771.53709877959,0.011471869266705736,4806.191782000778,0.011050171300450273
45022,Buenaventura,45,386.0,375.78419486404846,-0.02646581641438228,370.86013931856945,-0.01980738474447008,366.0247442799997,-0.01755620568134597,361.2761009802114,-0.01641254235432399,356.61234774239057,-0.015712852234145203,352.031668683886,-0.015235453046551606,347.5322924582765,-0.014885214944842962,343.11249103536073,-0.014614532434861771,338.7705785178379,-0.014396941886302472,334.5049099934792,-0.014216557780687644
45023,Burguillos de Toledo,45,3872.0,3986.199074655004,0.029493562669164364,4096.840140960096,0.028624430111965138,4202.371573576551,0.02766847405370121,4302.840778523647,0.026726997439592726,4398.3241131563755,0.025818143632088786,4488.922276817682,0.024946325666280078,4574.756074360824,0.024112137722298144,4655.9625647691555,0.023314826174755998,4732.691595421939,0.022553107585106646,4805.10271355774,0.021825491165080146
45024,Burujón,45,1344.0,1346.1642996434891,0.0016103419966437826,1352.4602688149926,0.0031424838318323545,1357.518238710467,0.0033415593194237037,1361.5782307129693,0.0032538444436545078,1364.8349651043895,0.003081392668478955,1367.4459603252515,0.0028865740386481153,1369.5383524147285,0.002692686200762351,1371.2145710504774,0.002508973870124276,1372.5570229716857,0.002338864021761644,1373.6319307375772,0.0021831831066745355
45025,Cabañas de la Sagra,45,2177.0,2209.53840361085,0.014946441713757475,2235.918939351071,0.013441799425464973,2257.249964642028,0.012139580513416348,2274.4612129612406,0.011009011204744956,2288.3246518968863,0.01002434538289454,2299.4762193068323,0.009163998660580708,2308.436588454431,0.008409838760671029,2315.6300166765973,0.007746602574685957,2321.4008952671184,0.00716141620815014,2326.027951351225,0.0066433989935548166
45026,Cabañas de Yepes,45,316.0,318.1909297282736,0.006933321924916358,320.6634857429744,0.007351907863004659,323.14274828212115,0.0074784775569898265,325.6286395638426,0.0075320683958237655,328.1210815669242,0.007556502910329055,330.6199960405842,0.007566390565308945,333.1253045142086,0.0075679929388718925,335.63692830704167,0.007564440868463196,338.1547885378305,0.007557473667696657,340.6788061344232,0.007548134858490485
45027,Cabezamesada,45,343.0,335.67270471314504,-0.021362376929606297,330.9223418049417,-0.017763690078845262,326.2624549788831,-0.016537827835663488,321.6909960550521,-0.01590687825488002,317.20596976807985,-0.015514222548491663,312.80543224527963,-0.01524084331630915,308.4874895327065,-0.015035697517773672,304.25029616751715,-0.014873251819938926,300.0920537950506,-0.014739316266632718,296.01100982911436,-0.014625374653726042
45028,Calera y Chozas,45,4834.0,4872.2322774428285,0.007909035466038272,4907.201367618036,0.007543062032086878,4939.163638198746,0.007199704330657308,4968.359263704404,0.006877385163665206,4995.012502755547,0.006574645287269254,5019.332141143642,0.006290134151684779,5041.512056866571,0.0060226013872990425,5061.731871447566,0.005770888985718647,5080.157658439248,0.005533924117657962,5096.942685648191,0.005310712533703077
45029,Caleruela,45,203.0,200.849030839934,-0.01059590719244341,200.3766922431408,-0.006482359648129488,199.9515762583811,-0.005030889310999709,199.56887781216423,-0.004252569635322834,199.2242963620807,-0.003747893377587408,198.91398005153582,-0.003383182234361959,198.63447656334714,-0.0031008459148634815,198.38268977858098,-0.002871872897746486,198.15584148108462,-0.0026799779570938487,197.9514374598188,-0.002515255808234862
45030,Calzada de Oropesa,45,514.0,507.3478681856589,-0.012941890689379565,504.4286185604298,-0.00935443506187561,501.54063676415586,-0.008146182188396911,498.6835056605065,-0.007534380209955338,495.856814742316,-0.007161445829683033,493.0601600106076,-0.006908040767331647,490.2931438560945,-0.006722984715791358,487.55537494309687,-0.006580675868685049,484.84646809582387,-0.006466886352400336,482.166044186966,-0.006373077316333631
45031,Camarena,45,4848.0,5042.471161936622,0.04011368851828001,5223.293556340591,0.03798460354620237,5388.449261141598,0.03585840802040652,5538.714353777535,0.03385965814179759,5674.965739214386,0.032001020058723295,5798.13844803203,0.030277767777106668,5909.191674871647,0.028681148036007853,6009.082511292378,0.027201617346569007,6098.746257693411,0.02582984050065784,6179.082223023095,0.024557027009464605
45032,Camarenilla,45,606.0,607.1307404721077,0.001865908369814706,608.1823721907581,0.0017990188866103818,609.1603038547997,0.0017353278495892965,610.0695917929993,0.0016746630589679068,610.9149604868728,0.0016168622231085283,611.7008222386938,0.001561772358894764,612.43129597975,0.0015092492332777763,613.1102252080627,0.0014591568398891752,613.7411950548704,0.0014113669081083913,614.3275484873881,0.0013657584424440206
45033,"Campillo de la Jara, El",45,326.0,319.42901267852415,-0.020156402826613018,314.0554097370554,-0.018490880038471214,308.79839806107697,-0.01790730758261161,303.6550127646305,-0.017594661731634043,298.62237419732236,-0.017390522285634202,293.69768523468395,-0.017240718948027922,288.87822866236974,-0.017122028268046097,284.1613646506997,-0.017022835868221287,279.544528316177,-0.016936688147217493,275.0252273667567,-0.016859712320082876
45034,Camuñas,45,1742.0,1745.862794804759,0.0022174482231682724,1741.841016555983,-4.563348782549159e-05,1738.630265485766,-0.0006452180756568726,1736.0659264059036,-0.0008527079560067818,1734.0171785887303,-0.0009181968404874397,1732.3799212495985,-0.0009225305858419075,1731.0712284940662,-0.0008986608662879814,1730.0249861365894,-0.000861881762787009,1729.188447552712,-0.0008198510101220524,1728.5195079357063,-0.0007765595280037063
45035,Cardiel de los Montes,45,406.0,408.7296065213822,0.006723168771877397,411.1703372174823,0.006347266470533519,413.35122529587045,0.005999423684857064,415.2987131634902,0.005677278121079654,417.036811492293,0.005378680493659305,418.5872661620017,0.005101674429985881,419.96972720687535,0.004844478295132237,421.20191558421726,0.004605468793330569,422.2997847718928,0.004383166170466302,423.27767513834067,0.004176220855994783
45036,Carmena,45,771.0,769.3625846393529,-0.002123755331578603,767.736806902762,-0.0021184521540302814,766.1225678539998,-0.002113166237055819,764.5197686888974,-0.002107897807580028,762.9283116279933,-0.002102646858436419,761.3480999039883,-0.0020974133436622022,759.7790377493878,-0.0020921972063949745,758.2210303843085,-0.0020869983858476937,756.6739840044595,-0.002081816819631599,755.13780576929,-0.0020766524446855783
45037,"Carpio de Tajo, El",45,1948.0,1984.6280083823399,0.018802879046375676,2030.7022710539973,0.021006838667976035,2073.9407347127717,0.021102006832831588,2114.4448161704368,0.020708780314881325,2152.324660845435,0.02014937033653652,2187.6964799253765,0.019529240222362576,2220.6802664446923,0.018892004878029445,2251.397861475271,0.01825819051548283,2279.971338839211,0.017638154445608567,2306.5216757181515,0.017037247875237638
45038,Carranque,45,5469.0,5536.157658581691,0.012279696211682456,5598.92854192526,0.011808912742494515,5657.546724464136,0.011362256601149978,5712.241706331155,0.010938329657236734,5763.237106257393,0.010535820998162304,5810.749639067263,0.010153501147012634,5854.98834079897,0.009790216709797406,5896.154006611109,0.009444885396399316,5934.438809956959,0.00911649138517956,5970.0260747787215,0.008804081005679976
45039,Carriches,45,260.0,260.5565613356535,0.002140620521744241,260.1215910014114,0.00023380151729335275,259.7741376093027,-0.0002896510571951394,259.49650908134,-0.000484477847802145,259.27461990543776,-0.0005586084263500268,259.0972451795862,-0.0005795279706117817,258.95543277160874,-0.0005749287170192519,258.8420387326405,-0.0005577999263882694,258.75135925348724,-0.0005347495589259621,258.6788385433083,-0.0005093046986485161
45040,"Casar de Escalona, El",45,2280.0,2416.9661704063296,0.06007288175716208,2539.179866470136,0.05530819196610115,2647.3284314131874,0.05105229686938384,2742.3609344773868,0.04724294102491888,2825.3736445033273,0.04382623630349958,2897.5235878767,0.04075543818327354,2959.966474639135,0.03798991750479819,3013.814552638042,0.03549429335753995,3060.110018708333,0.03323769940308918,3099.810095749518,0.031193161185151252
45041,Casarrubios del Monte,45,7424.0,7725.91276845582,0.04066712937174288,8025.126395477927,0.039697402635044066,8300.332313336474,0.03789281543931433,8552.4373479827,0.0360077030591075,8782.554975026893,0.03418106694249379,8991.936302474962,0.03245043064544317,9181.913327667444,0.030825212550114056,9353.853431289703,0.029304981592395807,9509.123816366633,0.027885468980109795,9649.064511053091,0.026560914167384153
45042,Casasbuenas,45,210.0,209.53605960028938,-0.0022092399986219924,209.0950774689452,-0.002156903571400526,208.67587433171587,-0.0021062198224840456,208.27733570074474,-0.0020571298061557997,207.89840771268982,-0.0020095770492895015,207.53809350449933,-0.0019635072495469696,207.19544983455,-0.0019188681612882785,206.86958393013438,-0.0018756095078538149,206.55965054394778,-0.0018336829021702306,206.26484920372866,-0.0017930417719703717
45043,Castillo de Bayuela,45,889.0,898.3422043070608,0.010508666262160737,896.1511603186449,0.004013968952745195,894.3881798691633,0.0020162469277149597,892.9690264529011,0.0011142853395873509,891.8262514161075,0.0006350200769347225,890.9057748481566,0.00035696940346063855,890.1641880714245,0.00018697335975237372,889.5666169001032,7.964833572104979e-05,889.0850234891734,1.0626156148774157e-05,888.6968530751765,-3.4105000275563846e-05
45045,Cazalegas,45,2195.0,2285.42640858403,0.04119654149614127,2368.5251288046034,0.038775590965048234,2442.1619024671013,0.03620728792922834,2507.106128685577,0.033795288357600706,2564.1520813076772,0.03157747623569884,2614.0863791291054,0.029550297111905266,2657.665489688785,0.02770043837601399,2695.6011661216476,0.026012469332838517,2728.5519503028063,0.024471178094656043,2757.119166948053,0.023062347437706743
45046,Cebolla,45,3270.0,3294.4160601157296,0.0074666850506819316,3315.1343421332617,0.006877624694823226,3332.668472726447,0.0063478431445760375,3347.4942446208456,0.005872700680312981,3360.0203475990284,0.00544618581877665,3370.596635071129,0.005062737033969977,3379.521748299464,0.00471740924589259,3387.050014748344,0.004405846766021293,3393.3976005167297,0.004124223143123329,3398.7479370982014,0.0038691785288225145
45047,Cedillo del Condado,45,4525.0,4666.717459729836,0.03131877563090302,4803.943717445074,0.03036159693083018,4936.582056393278,0.02944368126915453,5064.569099435286,0.028563193582268775,5187.871706155627,0.027718392252127133,5306.4839207427995,0.026907624011958564,5420.424009794451,0.02612931911948979,5529.731621393895,0.025381986811769064,5634.4650888577835,0.0246642110267441,5734.698895657658,0.023974646375053643
45048,"Cerralbos, Los",45,452.0,445.4107608252577,-0.014577962775978559,445.3900142998168,-0.00733886052114785,445.373417775231,-0.004910937879078481,445.36014100083634,-0.0036928942714101742,445.34951986628744,-0.0029601636619233096,445.3410231410228,-0.002470584240881424,445.33422587752807,-0.0021201935205665823,445.32878814143044,-0.0018569388423465005,445.3244380003584,-0.001651866292698534,445.3209579180961,-0.0014875828397243884
45049,Cervera de los Montes,45,513.0,518.5088223753241,0.010738445176070366,524.275022412373,0.010929572815885802,530.0760345332953,0.01097465534110964,535.9117470126222,0.010983291112175886,541.7820452361716,0.010977403318831902,547.6868117233817,0.010964299982417103,553.6259261500597,0.0109471130394585,559.5992653715433,0.010927408324823418,565.6067034462646,0.010906055608031151,571.6481116597066,0.01088357661909578
45050,Ciruelos,45,723.0,760.2442001307274,0.05151341650169772,791.4162628605458,0.046244857914093496,817.2716877261826,0.041700131432247156,838.5628940610727,0.03776575635888246,855.9945327423637,0.03434766577356019,870.2003838818301,0.03136762717608277,881.7346225417098,0.02876037514863583,891.071992194163,0.026471302226702242,898.613031864338,0.024454590443368396,904.691787385932,0.02267169295701943
45051,Cobeja,45,2719.0,2760.501031909897,0.015263343843286759,2794.15747500385,0.013726583937663017,2821.3778381833836,0.01239660711918078,2843.3449330111102,0.01124196798154875,2861.041690020533,0.010236360760253804,2875.2783659133183,0.009357733487057374,2886.718696230006,0.008587562247446279,2895.9037258211765,0.007910255112736131,2903.272787138316,0.00731266146025189,2909.1815351141586,0.006783667195749299
45052,Cobisa,45,4550.0,4576.034197463777,0.0057218016403906,4605.67893296387,0.006099959310170711,4630.646622077817,0.005873610595022116,4651.6548735444585,0.005539237684497378,4669.317304399933,0.005190552591850972,4684.156732644345,0.004854859073315287,4696.61729983054,0.004541035564003204,4707.075391532524,0.004251455180203978,4715.849330260739,0.0039859004970701495,4723.207881802259,0.0037430850870214805
45053,Consuegra,45,9767.0,9760.332395583875,-0.0006826665727577286,9754.969549468095,-0.0006160621186733772,9750.655619083243,-0.000558121103573006,9747.185111694063,-0.0005075760477326607,9744.392910866887,-0.0004633572060644964,9742.146301518182,-0.0004245604466458497,9740.338584739991,-0.00039042049771143006,9738.883960384519,-0.00036028864280113204,9737.713422385337,-0.00033361410885379694,9736.771464245028,-0.0003099285225554027
45054,Corral de Almaguer,45,5280.0,5292.393105923302,0.002347179152140555,5305.912108611271,0.0024507949659635653,5316.752170457014,0.002314850115587408,5325.440163183211,0.002144613955307406,5332.40077799463,0.0019770450692655483,5337.975819739095,0.0018217279035399603,5342.440049523266,0.001680895266580329,5346.014121322769,0.0015543519383531823,5348.87510023459,0.0014410572647165498,5351.164985705698,0.001339716000983815
45055,Cuerva,45,1226.0,1225.5161361206415,-0.000394668743359361,1216.8122745272326,-0.003754079784581199,1209.8937143031055,-0.004398405617105583,1204.3871999507496,-0.004436615933950838,1200.0000382009118,-0.0042778734970383425,1196.5018178444122,-0.004050887902660061,1193.7105855146133,-0.0038056319603031463,1191.4822886341337,-0.003563471316220479,1189.7026463835605,-0.003333701791409349,1188.2808466344454,-0.003120046668550369
45056,Chozas de Canales,45,5044.0,5174.856874324192,0.025943075797817627,5283.332966918569,0.023449579518080244,5372.861220744629,0.021276914624661858,5446.488334132468,0.019378278050524944,5506.86388407818,0.017714243605367663,5556.257218446534,0.0162515260792524,5596.589475130987,0.014961964944096184,5629.472365959584,0.013821686035672132,5656.2484714321745,0.012810408086983083,5678.0299512877955,0.011910867598213137
45057,Chueca,45,252.0,251.26242954854877,-0.0029268668708382073,250.96329204927952,-0.0020590801251644253,250.66600370624502,-0.0017676681717599951,250.37055133327075,-0.0016204510736199662,250.0769218560888,-0.0015309328350862073,249.78510231120904,-0.0014702730986280166,249.49507984480448,-0.0014261096485403968,249.2068417116101,-0.001392260688754754,248.92037527383437,-0.0013652916072706134,248.63566800008175,-0.0013431415032990612
45058,Domingo Pérez,45,418.0,428.03977050055295,0.024018589714241534,436.24493267178445,0.021590996576695387,442.92216447064163,0.019491738011197413,448.33746113229887,0.01767050262813763,452.7173302348865,0.01608529827279037,456.2520125345075,0.014700992644180344,459.09961843436844,0.013488124635836929,461.3904942298989,0.012421933057992218,463.23142267852586,0.011481560641597444,464.7094525952393,0.010649399930359849
45059,Dosbarrios,45,2228.0,2248.2041115173865,0.00906827267387178,2264.4992374997964,0.008157757253190345,2277.620335120872,0.0073693084145090015,2288.1719315873283,0.0066844653649278385,2296.648393435708,0.00608775911078574,2303.452165905626,0.00556620361188398,2308.9096933613887,0.005108877008968449,2313.285023759542,0.004706576357886627,2316.7912569521804,0.004351532470877606,2319.600069472038,0.0040371740100419995
45060,Erustes,45,220.0,219.40859191593734,-0.0026882185639212075,218.93661021110594,-0.002419722503255617,218.5597559720373,-0.002186967260325523,218.25873968175972,-0.001984605080277091,218.01822517555587,-0.0018081404079558494,217.82600441319005,-0.0016537888390042443,217.67234983307526,-0.0015183599222015065,217.54950421203063,-0.0013991597806349843,217.45127763408652,-0.0012939101527528196,217.3727283051563,-0.0012006810362829023
45061,Escalona,45,3987.0,4157.62372043278,0.04279501390338103,4319.129193449596,0.0408184439278374,4469.699374714403,0.038828907285913816,4609.563686371853,0.03693944669795246,4739.057992454501,0.03516399387859326,4858.598140288975,0.03350073698318523,4968.65708249253,0.03194395817965323,5069.745495987589,0.030486935806587123,5162.395683567807,0.029122866669867298,5247.148464894616,0.027845199047804137
45062,Escalonilla,45,1545.0,1577.5418496409336,0.021062685851736873,1605.7921536441283,0.01948402256316495,1628.7562128778686,0.017753334291461087,1647.3636864310226,0.016167383873257002,1662.4026054074293,0.014755807346475303,1674.5325304949777,0.013508785097347653,1684.3001650270603,0.01240867587566763,1692.1552788114777,0.01143730132979548,1698.4657381981292,0.010577935629671575,1703.5310454330042,0.009815789121430107
45063,Espinoso del Rey,45,420.0,413.9974915692111,-0.014291686739973608,408.12596464707053,-0.014237103936788564,402.366446850222,-0.014195440472158039,396.716398909127,-0.014157093958388711,391.1733472422407,-0.014120143545944708,385.7348820644449,-0.014083948663816459,380.3986555551227,-0.01404823453858206,375.1623800838391,-0.014012863572498535,370.0238264916714,-0.013977759135863077,364.980822426298,-0.013942875083865713
45064,Esquivias,45,5833.0,5853.3429658242585,0.0034875648592933572,5866.67539617488,0.0028824731536762904,5878.640924127538,0.0026014285485711497,5889.377272344129,0.002407598132166955,5899.008767495472,0.002253111152000775,5907.647546834311,0.0021216238295729273,5915.394675967131,0.0020058335732451305,5922.341179987261,0.0019018553044487518,5928.568991242474,0.0018073445367994267,5934.151817759604,0.0017207446006317628
45065,"Estrella, La",45,251.0,252.3970411494374,0.00556590099377452,250.79217062182565,-0.00041408848000190623,249.31675375393226,-0.0022404024355453522,247.9597236409522,-0.0030420163706336156,246.71104919963315,-0.003441091547075059,245.56162567641275,-0.003644177528015602,244.50317841102702,-0.0037393668988717765,243.52817803487193,-0.0037704093918671244,242.62976556096294,-0.0037613811240904127,241.8016860538782,-0.0037265419486764984
45066,Fuensalida,45,12669.0,12798.842028235704,0.01024879850309457,12903.673120192645,0.009219209622317814,12988.155875566394,0.008327748059747897,13056.140155918536,0.007553501980451127,13110.783704435902,0.006878954158260786,13154.663160158005,0.006289403103023172,13189.87243800244,0.005772487099243051,13218.107700859282,0.005317792083295192,13240.739423603816,0.0049165279918206295,13258.872698246136,0.004561261157849383
45067,Gálvez,45,3044.0,3057.1471341795414,0.004319032253462973,3070.2374463625147,0.004300451868053612,3081.0150098178174,0.004037010642306438,3089.882229195407,0.003747137193536698,3097.1735334848922,0.003469503279424746,3103.1661805368003,0.003213568948809753,3108.089574939448,0.002980979001452333,3112.133221065527,0.0027708284471068545,3115.453457099414,0.002581356394393719,3118.179121286258,0.0024105784314205625
45068,Garciotum,45,220.0,222.34820079952337,0.01067363999783355,225.13154928905962,0.011595385537706004,227.93556131605197,0.011881840466700266,230.76021502464138,0.01200943982456204,233.6054867099626,0.012073542207894583,236.47135082382042,0.012105943540936526,239.35777998070964,0.012120272868002102,242.26474496417913,0.012123345315926848,245.19221473353022,0.012118947208023423,248.140156430852,0.012109350323845858
45069,Gerindote,45,2828.0,2890.332922161683,0.02204134447018502,2941.187024456356,0.019815522681829734,2982.513778166981,0.01789039859728825,3015.992883693575,0.016219974085059707,3043.0465475757333,0.01476583746613791,3064.864099199678,0.013495837789609944,3082.4307120728786,0.012383003698460682,3096.556467929559,0.011404659016695406,3107.903666620225,0.01054169722741749,3117.011356820238,0.009777984764909098
45070,Guadamur,45,1796.0,1793.3591527467195,-0.0014704049294435029,1794.347480213567,-0.00046016149413141694,1795.1858812858673,-0.0001511213357899832,1795.897044286351,-1.4331559987423859e-05,1796.5002396113423,5.569976480934713e-05,1797.0118302665173,9.387461299059652e-05,1797.4457073775757,0.00011495457222165939,1797.813661349942,0.00012617348104360104,1798.1256979342663,0.00013143903614976082,1798.3903071953093,0.00013301095921125494
45071,"Guardia, La",45,2200.0,2182.662886336033,-0.00788050621089409,2175.4396778957166,-0.005597557713515222,2168.276310814046,-0.004829910047263519,2161.1721718790286,-0.004441759501596976,2154.1266554815866,-0.0042055285383391094,2147.1391635055465,-0.004045299959427151,2140.209105219438,-0.003928523565072672,2133.335897170057,-0.003838919544088659,2126.5189630777863,-0.0037674416705579805,2119.757733733609,-0.003708661340028674
45072,"Herencias, Las",45,821.0,823.6934409678148,0.0032806832738303537,826.3821852479003,0.0032724684033502704,829.066196786564,0.0032642808207099527,831.7454403658726,0.0032561205446572927,834.4198812026614,0.003247987496671767,837.0894849471955,0.003239881582366655,839.754217681799,0.0032318027031166263,842.4140459194588,0.0032237507589629733,845.0689366023981,0.0032157256495815023,847.7188571006225,0.003207727274667338
45073,Herreruela de Oropesa,45,323.0,322.9136843117935,-0.00026723123283756145,322.84464830280206,-0.00024051142627545818,322.7894301224352,-0.0002173536143668109,322.7452623781279,-0.0001972236801052185,322.709932534068,-0.00017967289113451912,322.6816714433972,-0.00016432371207464325,322.65906435283114,-0.0001508580171758478,322.64097982075816,-0.00013900730966243113,322.62651292490136,-0.00012854460104305687,322.61493987526774,-0.00011927766277208818
45074,Hinojosa de San Vicente,45,363.0,364.0353366405445,0.0028521670538415034,360.2122594339189,-0.0038472637578905733,356.44814741842777,-0.0060529579315212745,352.74189599432583,-0.007140935881739141,349.0924245489476,-0.0077827801717686995,345.49867587039046,-0.008201850367190788,341.959615577023,-0.008493749298960296,338.474231562354,-0.008706238061962135,335.04153345480796,-0.008865834601475608,331.66055209197583,-0.008988442427452559
45075,Hontanar,45,139.0,139.14591902612673,0.0010497771663793287,139.27088799807797,0.0009739429768123031,139.3778998649769,0.0009054146650659955,139.46952390781934,0.0008433998750263516,139.54796475401386,0.000787198157099489,139.6151133369493,0.0007361896986608496,139.67259094919822,0.0006898256090519528,139.72178726640396,0.0006476194272493352,139.76389312411732,0.0006091396824170481,139.79992874033783,0.000574003371233589
45076,Hormigos,45,1035.0,1072.8098600327435,0.03653126573211929,1101.9849722888514,0.031852596056834326,1125.8952960554532,0.028456399664226417,1145.3965501739342,0.025661090048115343,1161.2404718562711,0.023284422170270158,1174.0732624676475,0.021235276019000437,1184.4415262826153,0.01945394494072028,1192.8020235091228,0.01789622135565394,1199.5328909813722,0.01652740182148693,1204.9449214695874,0.015319400294708574
45077,Huecas,45,890.0,910.755642064893,0.023320946140329202,931.8879042217669,0.023261970818486688,953.4011468523095,0.023203195494109208,975.2997330628203,0.023144619372514663,997.5880279083487,0.023086241681078423,1020.2703975296816,0.023028061653531662,1043.351208285347,0.02297007852770583,1066.8348258789513,0.022912291544958885,1090.7256144821572,0.02285469994997391,1115.0279358536152,0.022797302990670065
45078,Huerta de Valdecarábanos,45,1836.0,1865.598008882538,0.01612091987066333,1897.4210572501552,0.01658926557666618,1923.6682234455786,0.01566970355941999,1945.2543116532656,0.014555775365540313,1962.965626179016,0.013463246602099632,1977.4701480580964,0.012448349061547903,1989.3301982538485,0.011524285353038177,1999.0157820613908,0.01068994073983065,2006.917533005574,0.009939144778303932,2013.3586628882936,0.009264150227945578
45079,"Iglesuela del Tiétar, La",45,448.0,448.80638397801437,0.0017999642366393065,449.61017656977674,0.0017954602257719277,450.41137897298637,0.0017909712904153885,451.209992407247,0.0017864973424153163,452.0060181698792,0.0017820383191680111,452.7994576351073,0.001777594162515106,453.59031225325555,0.0017731648157295332,454.37858354994734,0.0017687502227603513,455.16427312530385,0.0017643503279802797,455.94738265315175,0.0017599650760853347
45080,Illán de Vacas,45,8.0,3.2476071044696435,-0.5940491119412945,3.2197639880810733,-0.36559437383474114,3.1944060972867736,-0.2636232863923872,3.171296014863027,-0.20651869539021273,3.1502214315896664,-0.17005326845628155,3.1309921243162337,-0.1447390076835492,3.113437350805664,-0.1261235804878289,3.0974035964589732,-0.11184559032083197,3.0827526191759818,-0.10053723912525414,3.069359747682965,-0.09135177900095359
45081,Illescas,45,33301.0,34414.38029341186,0.03343383962679369,35497.74396606014,0.03245644280953286,36549.96509329142,0.03151741324313084,37570.17065015136,0.030615033356938826,38557.72165647841,0.029747669490699957,39512.193999280615,0.028913767485002184,40433.35926785179,0.028111848504351222,41321.165883407004,0.027340505096326462,42175.720751141496,0.026598397473968083,42997.271614015335,0.025884250007851106
45082,Lagartera,45,1294.0,1283.3993432690506,-0.00819216130676148,1273.2893041744953,-0.008034866800950335,1263.6441763863888,-0.007881591423268053,1254.4398285719112,-0.007732220109664012,1245.653591177116,-0.007586641264617056,1237.2641524521753,-0.007444746670839164,1229.2514629937682,-0.007306431386464474,1221.5966480218174,-0.007171593643553242,1214.2819266869094,-0.007040134749355942,1207.2905377751736,-0.006911958990550304
45083,Layos,45,931.0,961.4728818973243,0.0327313446802624,991.883615766171,0.032180185482171275,1022.2741623953248,0.03166627661646415,1052.6158412760128,0.031169491012802863,1082.8809922780695,0.030685603548791462,1113.0430169032716,0.03021304479508835,1143.0764121281525,0.029751008596554662,1172.956797200198,0.029298978840177625,1202.660933771608,0.028856571597408287,1232.1667397694378,0.028423471881685813
45084,Lillo,45,2519.0,2525.6998561053615,0.0026597285055027786,2531.0725694909293,0.0023934377308776345,2535.3789678634057,0.002162709531736695,2538.829361374364,0.0019621966113889666,2541.5930567340542,0.0017874104672515045,2543.8061789687504,0.0016345774164530091,2545.5780641896963,0.001500519518284671,2546.9964609524927,0.0013825559917233221,2548.131747379952,0.0012784215067291882,2549.0403408579646,0.0011861983823329147
45085,Lominchar,45,2989.0,3063.4062529658836,0.0248933599752037,3137.346431707744,0.02451490478814855,3210.770020553167,0.024144164434425797,3283.6291990833615,0.023780960155052266,3355.878838998935,0.02342511759516741,3427.476492084844,0.023076466769952564,3498.382368601421,0.02273484195855424,3568.5593069543756,0.02240008159203355,3637.9727354752035,0.02207202814256881,3706.5906271177782,0.02175052801528099
45086,Lucillos,45,666.0,692.5266097556445,0.03982974437784459,717.5942637678602,0.03801197705821613,738.3001434553478,0.034950490123001554,755.2941975691747,0.03195433506858447,769.1706511153584,0.029223503129539363,780.4551483580512,0.026783670998999476,789.6018295187854,0.024618016568940915,796.9962955736636,0.022698830241216106,802.9616957371478,0.020997105829597906,807.7661479656995,0.01948570823250817
45087,Madridejos,45,10088.0,10065.404619814955,-0.002239827536186012,10045.566302389636,-0.0021053932639886197,10028.097583042192,-0.0019832598549214264,10012.712058828949,-0.001871024218746964,9999.158687577261,-0.001767564105348507,9987.21725849489,-0.0016720335099118522,9976.694478379235,-0.0015837128574669457,9967.420582286535,-0.0015019666782501995,9959.246392523117,-0.0014262256754239422,9952.040762067409,-0.001355976512665058
45088,Magán,45,4384.0,4618.932592396723,0.053588638776624675,4849.615791198928,0.05176422337380271,5067.969711486561,0.04951299832562173,5273.732412826491,0.0472777725411575,5466.849031762256,0.045137202530218135,5647.436964047261,0.0431100773871298,5815.75334586644,0.04119873883022973,5972.165487532512,0.03939987676368695,6117.124598344219,0.037708078979870496,6251.142903652926,0.036117211754689516
45089,Malpica de Tajo,45,1655.0,1647.7753429885486,-0.004365351668550677,1642.018331162722,-0.003929675506296304,1637.4272070853128,-0.003551935226875691,1633.763552113548,-0.0032234753641181557,1630.8385310228334,-0.002937016518766433,1628.502285120962,-0.002686428390620166,1626.6356983056137,-0.0024665410392611387,1625.1439693959207,-0.0022729878944403037,1623.9515712961495,-0.002102075112908275,1622.9982827639733,-0.0019506727960113546
45090,Manzaneque,45,407.0,396.0801311328699,-0.026830144636683317,393.8506256123478,-0.01628665007457919,391.71481314764543,-0.012678649343358828,389.66834020799627,-0.01082033885723066,387.7070855898123,-0.009665597905132328,385.8271459187936,-0.008864431319592803,384.0248221991949,-0.008266499279715234,382.29660732485706,-0.007796500781902194,380.6391744742842,-0.007412535931055286,379.049366318991,-0.007089424096808905
45091,Maqueda,45,548.0,566.676704386048,0.03408157734680284,586.642437278509,0.0346571395847175,603.1203325454599,0.032462936934058106,616.6352740529057,0.029940062246671895,627.664954073662,0.027518061058245502,636.6305759185567,0.025300468325603953,643.8951932926768,0.023304647079547935,649.7665276692903,0.02152052482426048,654.5021188335946,0.019929269992881915,658.3154295555563,0.01851011771622524
45092,Marjaliza,45,258.0,256.7339288482616,-0.004907252526117789,255.07957812143889,-0.005675839902089974,253.4440798034781,-0.0059211931323497335,251.82716692590694,-0.006035855154822967,250.22857700344213,-0.006098284870947657,248.64805194784606,-0.006134628240602513,247.0853379836319,-0.0061560888794955915,245.5401855655757,-0.006168267945511174,244.0123492979931,-0.006174276888491259,242.50158785573706,-0.00617598240283479
45093,Marrupe,45,166.0,163.41392142392507,-0.01557878660286105,163.44832365301076,-0.007715536884191354,163.47585065075336,-0.005094482670485512,163.49787558678221,-0.003789748572285312,163.51549767211236,-0.0030114595367563,163.52959670789068,-0.0024958459811489364,163.5408768117991,-0.002129845536979702,163.54990145514816,-0.001856978291928879,163.55712152838962,-0.0016459208605276165,163.5628978164731,-0.001477924379572726
45094,Mascaraque,45,441.0,443.0361586606319,0.004617139820026983,448.565639622314,0.008541345410326917,453.03887240736475,0.00901810609366649,456.649555420057,0.008755957118596225,459.5588101799077,0.008278487827924508,461.8995531582151,0.007746949293264249,463.78072881127645,0.007221233673390781,465.2911840841675,0.0067248278515255056,466.503089428022,0.0062661917695709946,467.4748860242745,0.00584710317430992
45095,"Mata, La",45,910.0,916.4148809266565,0.007049319699622414,921.5793288971529,0.00634215714617592,925.7318344387152,0.005729684729885776,929.0673064627372,0.005197607720736741,931.7443349100733,0.0047339416191236605,933.8915104154992,0.004328620881649536,935.6128129037329,0.003973176500479125,936.9921388997055,0.0036604698460986906,938.0970636507562,0.003384472605636235,938.9819415055583,0.003140084558108658
45096,Mazarambroz,45,1251.0,1251.9254473782469,0.0007397660897257019,1250.9315008236713,-2.7378143098166774e-05,1250.1369117824408,-0.00023002578751796232,1249.501603964167,-0.0002995742456520789,1248.9935901747929,-0.00032097494056637643,1248.5873278595534,-0.000321691074676167,1248.2624131542932,-0.00031291056041549137,1248.00254226801,-0.0002998206030530026,1247.7946845126085,-0.00028501389655510856,1247.6284232343864,-0.00026983795350832285
45097,Mejorada,45,1387.0,1393.360750817719,0.00458597751818246,1398.4703475203319,0.004126434904954124,1402.5715125265788,0.003728334714778514,1405.8611023580863,0.0033824220119882398,1408.4983284438295,0.0030809323939688937,1410.6116707925235,0.0028173409436051955,1412.304627495574,0.0025861549617338664,1413.660455648036,0.002382742596067189,1414.7460552693221,0.0022031909569155683,1415.615135178144,0.0020441884907671515
45098,Menasalbas,45,2465.0,2456.296650603668,-0.0035307705461794514,2447.9331825507015,-0.003467842061502524,2441.2629161011564,-0.003220241705554794,2435.9397916939183,-0.0029604028414144112,2431.689650398613,-0.0027173936614693917,2428.2948771406286,-0.002497292081038438,2425.582471141656,-0.0023002243717711313,2423.4147279308754,-0.002124517176201657,2421.681928310197,-0.0019680050487416167,2420.2965807313376,-0.0018284983377091502
45099,Méntrida,45,6495.0,6722.898712139612,0.03508833135328904,6939.254508475644,0.033634104714473256,7147.164939259133,0.03240844829212586,7346.544607299002,0.031278565102157874,7537.3733062983465,0.030215723566330732,7719.688118249301,0.029208663388328393,7893.575867912454,0.028251219264830763,8059.166014800862,0.027339220367621708,8216.624036611849,0.026469451375565667,8366.145335950567,0.02563923232142784
45100,Mesegar de Tajo,45,199.0,198.17083025049956,-0.004166682158293633,197.42092051071643,-0.003975438460712577,196.82303643434568,-0.003659883541565212,196.3460331235887,-0.003350934792362148,195.9652629468566,-0.003068763901467597,195.66117853697608,-0.002816084427804122,195.41825078034475,-0.0025913063722980967,195.2241257541598,-0.0023917057196258806,195.06896458746883,-0.0022143961697774772,194.94492444903156,-0.002056656655146205
45101,Miguel Esteban,45,4751.0,4743.286688343248,-0.0016235132933597463,4739.116773057287,-0.0012513856922643507,4735.783480397664,-0.0010687429835177786,4733.11853438621,-0.0009422626301643922,4730.987657353323,-0.0008438706300729626,4729.283646467528,-0.0007632719130643562,4727.9208796709345,-0.000695411897440934,4726.830948974517,-0.0006373135656683182,4725.959185329116,-0.0005870031656545205,4725.2618901746055,-0.0005430661164965711
45102,Mocejón,45,5188.0,5198.989418605053,0.0021182379732176404,5208.986563915652,0.0020205650496940564,5218.079340710944,0.0019288997183941614,5226.34816448038,0.0018428259267109226,5233.8665462806985,0.0017619584009938016,5240.701641730932,0.0016859402700268866,5246.914764362538,0.0016144408767693186,5252.561864077571,0.0015471537641871258,5257.693971819748,0.0014837948210455476,5262.35761181509,0.0014241005746264968
45103,Mohedas de la Jara,45,384.0,383.3399556339315,-0.0017188655366368044,379.17341417227703,-0.006304490261912266,375.1976399215364,-0.007700076565011593,371.40245295892623,-0.008304401130653116,367.77831924664576,-0.008595285347178683,364.316302496293,-0.008731672143475477,361.0080201318027,-0.008781554644161083,357.8456029619628,-0.00877885580811899,354.82165821403015,-0.008742368036563253,351.9292356158575,-0.00868332351219081
45104,Montearagón,45,598.0,608.0513978407556,0.016808357593236734,616.090492318596,0.015013132622256009,622.6459138937721,0.013553441919534892,627.9791947203088,0.012304151464033186,632.3101395860589,0.011220330374275722,635.8218736662302,0.01027369863006311,638.665924730936,0.009442985456969977,640.9670037375091,0.00871112612163416,642.8273162175484,0.008064048992692197,644.3303421155402,0.0074899901187659434
45105,Montesclaros,45,377.0,374.7942796025142,-0.005850717234710312,372.61239656319634,-0.005836132925090776,370.4540298935346,-0.005821597204866746,368.31886395869066,-0.005807109752222206,366.20658816816683,-0.005792670359362817,364.11689688326624,-0.005778278838088902,362.0494893264588,-0.005763935006301679,360.0040694926026,-0.005749638684628966,357.9803460619837,-0.0057353896952978545,355.97803231513143,-0.005721187861682631
45106,Mora,45,10064.0,10168.795352361252,0.010412892722699851,10253.416771312464,0.009366742722798138,10321.620644145087,0.008460955565930295,10376.510247315182,0.0076742778673684064,10420.63202258563,0.0069889070708017975,10456.064483340944,0.006389902784821322,10484.497176625675,0.005864702825134849,10507.298988481176,0.005402724544149251,10525.576137345628,0.004995035803946113,10540.22074444351,0.004634082948507645
45107,Nambroca,45,5263.0,5292.502846226609,0.00560570895432444,5318.112987030225,0.005222254871624532,5340.328247026531,0.004873809958711783,5359.586829222869,0.004556771059393228,5376.273398820468,0.004267931988884088,5390.724836745966,0.004004437681633277,5403.235588975361,0.0037637438623581154,5414.062574775909,0.0035435815308835217,5423.4296437385865,0.00334192566320457,5431.5315896356215,0.003156967609994732
45108,"Nava de Ricomalillo, La",45,514.0,503.4089438540039,-0.02060516759921427,496.8984361788306,-0.016776487742440782,490.50405176513016,-0.015475578615289365,484.2233116480814,-0.014808528469899773,478.0537975488983,-0.014395379714943313,471.9931502153104,-0.014109316024759733,466.0390678118678,-0.013895947237661743,460.1893043584492,-0.013728064919614757,454.4416682153973,-0.013590547902385897,448.7940206137892,-0.013474320991258004
45109,Navahermosa,45,3587.0,3582.707055583724,-0.0011968063608240875,3577.0774834842664,-0.001384079739077615,3572.580195482756,-0.0013418056325434913,3568.9864364645823,-0.0012578468525206166,3566.1140322702927,-0.0011672586188213874,3563.817773484658,-0.0010800529929566594,3561.981831083396,-0.0009993737871093478,3560.513758166963,-0.0009259897574650511,3559.3397354941208,-0.0008597566911596743,3558.400796084958,-0.0008001766074342553
45110,Navalcán,45,1859.0,1855.8538015788229,-0.001692414427744593,1854.6537787958282,-0.0011696515529132645,1853.6943192794306,-0.0009522568227001704,1852.9271090526431,-0.000817690242130964,1852.3135695022197,-0.0007203949631072737,1851.822884136466,-0.000644494225009451,1851.430429434385,-0.0005827106322446873,1851.1165255577494,-0.00053107447624412,1850.8654407762526,-0.000487144996449973,1850.6645974723524,-0.0004492882681886856
45111,Navalmoralejo,45,56.0,54.63575489585813,-0.024361519716819102,54.13077334152693,-0.01683116784182659,53.632949209305664,-0.01429290179674314,53.14215832323598,-0.013009913684363217,52.65827902063343,-0.012230238818160544,52.18119209457358,-0.011702580097671,51.71078073783653,-0.011319081089703475,51.24693048826911,-0.011025761698557512,50.78952917552577,-0.010792612404155855,50.33846686914989,-0.01060161817483718
45112,"Navalmorales, Los",45,2074.0,2029.0302448223529,-0.02168262062567361,2002.5414002868615,-0.017378243651405945,1979.0406934947082,-0.015500898531150109,1958.164577966244,-0.014265153378171358,1939.598793678698,-0.013310218193884005,1923.070750825247,-0.012513686447043981,1908.3432559651555,-0.011821520139110864,1895.2093154726344,-0.011205473293121049,1883.4878085596572,-0.010648876553245423,1873.0198661389015,-0.010140938373519481
45113,"Navalucillos, Los",45,1889.0,1854.7821636607002,-0.01811425957612478,1827.941770101707,-0.01629427361875646,1802.100304198915,-0.015575680681395476,1777.212254383274,-0.015134701824559005,1753.2346018770652,-0.01480632477869781,1730.1266620980068,-0.014535486110366258,1707.8499374479254,-0.014298555733648022,1686.3679805819593,-0.014083695663740126,1665.6462673325852,-0.013884310482306872,1645.6520785337805,-0.013696426855625665
45114,Navamorcuende,45,581.0,578.662018585452,-0.004024064396812466,573.5649233117284,-0.006419119490954639,568.5378753323248,-0.007201551192356215,563.5796932314435,-0.007581615441288769,558.689218892783,-0.007800893330897063,553.8653169791378,-0.00793984654061064,549.1068744248884,-0.008032942543479415,544.4127999410429,-0.008097409711061099,539.7820235324746,-0.008142817176934325,535.2134960270438,-0.008174905386338138
45115,Noblejas,45,3998.0,4035.406893821339,0.009356401656162916,4067.2239248196884,0.008620165634310561,4094.2499805696525,0.007961293736810093,4117.180462185606,0.007370615036535133,4136.617422213809,0.00684012150233837,4153.079825665567,0.006362815516413711,4167.013406985143,0.005932576120296851,4178.799861159113,0.0055440434775768654,4188.765233248326,0.005192519162341647,4197.187455822844,0.0048738800531424875
45116,Noez,45,1058.0,1109.1478800494497,0.04834393199380882,1151.8408646865732,0.04340618622759229,1187.1754449873133,0.03914562269428079,1216.2219682982077,0.03545634572988621,1239.9700471723538,0.03225050816908093,1259.3019475857113,0.029455001408096315,1274.9842487441,0.02700879916049348,1287.6705853071207,0.024860814971364942,1297.9104811055001,0.022968166207437246,1306.1609965871605,0.02129476159929511
45117,Nombela,45,904.0,907.2744020098684,0.003622126117110991,909.9110056548616,0.0032640345739187726,912.0258042559191,0.0029506524380549237,913.721181515832,0.0026776062708171455,915.0797521659198,0.002439342751440865,916.1680629398596,0.0022308951313627645,917.0396434068118,0.0020480003741469854,917.737504739765,0.0018870340608025948,918.2961761557166,0.001744921737488525,918.743358143659,0.0016190553448569567
45118,Novés,45,3564.0,3643.7574246160634,0.022378626435483495,3709.4318393024687,0.020198897789090564,3762.8226190570776,0.018259999291282414,3806.0880103481554,0.016565303775263773,3841.0582286839035,0.01508553500337606,3869.26560183961,0.013791100585327731,3891.980571887004,0.012655795655387658,3910.2485230274247,0.011657098431629542,3924.9246010790575,0.010775826753009587,3936.7051131927033,0.00999568626055436
45119,Numancia de la Sagra,45,5674.0,5753.913217780819,0.014084106059361723,5825.144623428519,0.01323151735410244,5888.537135280905,0.012447927216967747,5944.875015119359,0.011727021119405379,5994.882124707762,0.011063106454350269,6039.222116973995,0.010451047768636812,6078.500019484745,0.009886209113277644,6113.264778845843,0.00936440267170946,6144.0124293488825,0.008881842942209284,6171.189627784729,0.008435105840821189
45120,Nuño Gómez,45,178.0,177.34923386911032,-0.0036559894993801745,176.73688274386487,-0.00355439905648125,176.1605646253727,-0.003456569640470253,175.61805764591304,-0.003362344717039445,175.1072879021357,-0.0032715747973504072,174.6263184443247,-0.0031841170123326767,174.1733392026106,-0.0030998347950814686,173.74665775901178,-0.0030185975890167915,173.3446908841222,-0.0029402805720709635,172.9659567660034,-0.002864764394460817
45121,Ocaña,45,15560.0,16561.695098344226,0.06437629166736669,17472.644783523665,0.059679487348740956,18294.29898796472,0.0554444810801773,19030.2083498753,0.05161915388520755,19685.347318413125,0.048157865800272814,20265.561561766885,0.04502057614181987,20777.13563324162,0.04217209479677364,21226.46828199835,0.03958144301728184,21619.83901838378,0.03722130607393703,21963.248851719905,0.035067563262818124
45122,Olías del Rey,45,9174.0,9388.18248892936,0.02334668508059301,9602.50622923367,0.02308785892735088,9807.348362142266,0.022502288556788708,10002.851174572703,0.02185969069616278,10189.193432799979,0.021212716711971558,10366.584460317892,0.02057789855970027,10535.258714697648,0.01996150553918219,10695.470863011675,0.019366006184160733,10847.49134586374,0.018792219522767217,10991.602412792854,0.01824017318034854
45123,Ontígola,45,5101.0,5167.598122059599,0.013055895326328004,5229.124220796066,0.012480849814040518,5285.440017500409,0.011910125614561728,5336.9316072782785,0.011367697625869866,5383.966667508132,0.01085626667563977,5426.893256282123,0.010375157030086735,5466.0391727202,0.00992285902813217,5501.711765604174,0.00949765352337506,5534.198093521164,0.009097811052494409,5563.765354914148,0.008721664226849057
45124,Orgaz,45,2639.0,2643.5357026372058,0.0017187202111428324,2647.1698774970178,0.001546715449342262,2650.0808142087,0.0013976684760208524,2652.4118681187456,0.001268130264144185,2654.2781874717703,0.001155204952631994,2655.7721884140255,0.0010564573216187423,2656.9679946083816,0.0009698362010599482,2657.925027223198,0.0008936110213455528,2658.690901507875,0.0008263191960169447,2659.303759825558,0.0007667224399823258
45125,Oropesa,45,2587.0,2573.1528428517217,-0.0053525926355926234,2570.232636844251,-0.0032459645394455894,2567.8988583477217,-0.00246725249375801,2566.0333613786584,-0.0020323409373169676,2564.541939612174,-0.001742284771953151,2563.3494263475627,-0.0015295174632583564,2562.395815002114,-0.001364242449197306,2561.6331813595043,-0.001230977556630597,2561.0232378735473,-0.0011207073465685502,2560.5353876534673,-0.0010277246065665269
45126,Otero,45,436.0,441.0378329148707,0.01155466264878613,445.10997849259604,0.010393213597525985,448.3947492716202,0.009387703257167201,451.04001053673477,0.008514495710657544,453.16745107015134,0.007753798804704726,454.87662613564726,0.0070890068000750706,456.24860639974037,0.006506160430462593,457.3491694521807,0.005993502434335385,458.23153102755515,0.005541110955453954,458.93864581220976,0.0051405966115343205
45127,Palomeque,45,1213.0,1222.7253144906786,0.00801757171531614,1234.4404938004375,0.008799084347691055,1245.2296909628135,0.008779439744374784,1255.1581816729974,0.008577824460954231,1264.287986583494,0.008316890217821005,1272.6777849228881,0.008036544850530403,1280.382888787823,0.007753120286488002,1287.4552659315452,0.007474165433530855,1293.943600640556,0.007203373694727677,1299.8933838829594,0.006942550413824966
45128,Pantoja,45,3536.0,3538.5145538775964,0.0007111294902704124,3540.6185960433463,0.0006528689008031829,3542.378955993069,0.000600973222736334,3543.8516404283305,0.0005546599943906383,3545.0835687811837,0.0005132493944162153,3546.114035709833,0.00047615021189995055,3546.9759418334415,0.00044284778712944117,3547.696828333731,0.00041289364356944525,3548.299745913223,0.00038589656871423905,3548.8039840956403,0.00036151493656344513
45129,Paredes de Escalona,45,133.0,135.81220424148873,0.02114439279314828,138.11991405744877,0.019066040262802675,139.99428302914473,0.01723092143430427,141.5120758378964,0.015629870107950694,142.7381496071452,0.014232876832616093,143.7266526444578,0.013011273111509958,144.52238168575548,0.011940042487698754,145.16213569465424,0.010997806941452026,145.67597732990367,0.01016640740067265,146.0883599265603,0.009430440547189889
45130,Parrillas,45,323.0,323.8102853708307,0.002508623439104296,320.8378665621936,-0.003352575667882496,317.907391303409,-0.005283395235153088,315.01813484554606,-0.006236003693288805,312.16938705392204,-0.00679806301363417,309.3604520748306,-0.007165076661479586,306.5906480106937,-0.007420737848570447,303.8593066034006,-0.007606862280172377,301.16577292561124,-0.007746668635031595,298.5094050798047,-0.007854082547227081
45131,Pelahustán,45,335.0,335.0138846043263,4.144658007843027e-05,335.03475855718546,5.1877097943631156e-05,335.0514586559071,5.120002120673206e-05,335.06481933423265,4.836912801509108e-05,335.07550826049163,4.507549471877148e-05,335.08405964700984,4.181634814415247e-05,335.0909009133554,3.875920859663928e-05,335.096374026998,3.595593260774521e-05,335.1007525822751,3.3412642582053564e-05,335.10425546769,3.111667765542947e-05
45132,Pepino,45,3421.0,3219.592280485637,-0.05887393145699016,3235.0559315853116,-0.027556540331338142,3248.5311380084718,-0.01709550784992686,3260.266633235815,-0.011958898268073725,3270.4817684866034,-0.00895874953256226,3279.3695446040265,-0.007022180801009248,3287.099447488715,-0.005687671741352096,3293.820064976105,-0.004724417267765957,3299.661476989793,-0.004004518834834325,3304.737420474904,-0.0034516179264804103
45133,Polán,45,3941.0,3953.393053661825,0.0031446469580880265,3965.9692741416357,0.003162883663475169,3976.059049084782,0.0029565760253582596,3984.149347785509,0.002726040835625776,3990.63343760706,0.002506230634659712,3995.8283065641112,0.0023053858790269555,3999.989070308235,0.002124701196934309,4003.320800492249,0.0019631392652426083,4005.988182610678,0.0018189622088444768,4008.1233678731705,0.001690291485268336
45134,Portillo de Toledo,45,2384.0,2414.842694543578,0.012937371872306258,2439.803900285384,0.011636138289950804,2459.95850691256,0.010509754708613928,2476.2020007000738,0.009531686352648006,2489.273987813505,0.00867972174404752,2499.7812455438802,0.007935231220666195,2508.2189756686494,0.007282558444043241,2514.9896611964764,0.006708519921617917,2520.419366538734,0.006201992511876142,2524.771569722336,0.005753572784117589
45135,"Puebla de Almoradiel, La",45,4950.0,4956.681938930967,0.0013498866527206221,4975.081500853165,0.0025302837666931755,4990.096514105128,0.0026928440419358157,5002.341875963317,0.0026331109113546525,5012.323380979616,0.0025055295493257024,5020.456184588811,0.002358314194997657,5027.080454499492,0.002209839887443499,5032.4745245890645,0.002067664646567602,5036.865876359547,0.0019348095715756575,5040.440258987055,0.0018122255656876085
45136,"Puebla de Montalbán, La",45,8144.0,8245.388916959733,0.01244952320232473,8332.834403553907,0.011527031573243418,8406.62923788656,0.010635872944789071,8468.805417823378,0.009824951527579895,8521.122678663762,0.00909443376055119,8565.095427244794,0.008437700654829072,8602.020306777542,0.007847148060636133,8633.002889824744,0.0073154964796684485,8658.98261485878,0.006836124228257523,8680.755506754766,0.0064031234059580555
45137,"Pueblanueva, La",45,2139.0,2135.735604387313,-0.0015261316562352745,2133.1276753399256,-0.0013736233317195312,2131.043625143528,-0.001241430625464779,2129.377851075261,-0.0011265104457330866,2128.046169371831,-0.0010263055324323256,2126.981423660331,-0.0009386637638530981,2126.1300106727053,-0.000861771223848673,2125.4491256749066,-0.0007940966378818803,2124.9045746766055,-0.0007343452105629256,2124.4690343317516,-0.0006814202419512805
45138,"Puente del Arzobispo, El",45,1143.0,1129.339080187495,-0.01195181085958441,1116.5593884595667,-0.011633996698307891,1103.9871311105526,-0.01150928675376317,1091.618239102282,-0.011432933194372552,1079.4487355705014,-0.011375979391712865,1067.4747334809704,-0.0113287719654932,1055.692433351249,-0.011287173327344857,1044.098121036156,-0.011249114437975827,1032.6881655749683,-0.011213445651390042,1021.4590170985012,-0.011179477032367546
45139,Puerto de San Vicente,45,141.0,137.50931390110185,-0.024756638999277714,134.12185536456386,-0.02469551812124171,130.83416071192457,-0.024634597088569188,127.6428948160469,-0.024573875234934484,124.54484593897486,-0.02451335184886405,121.53692076122358,-0.02445302621363754,118.61613962663385,-0.024392897612976694,115.77963199281074,-0.024332965332461987,113.0246320776597,-0.024273228659996926,110.34847469299618,-0.024213686885988128
45140,Pulgar,45,1608.0,1621.5779385452024,0.008443991632588466,1632.522791944833,0.0075963936532355,1641.3318388910006,0.006862385124906556,1648.4132881819644,0.006224796759635387,1654.1004391540257,0.005669239458824693,1658.6642838795465,0.005183632012568218,1662.3244243407287,0.00475781230104122,1665.2583511197126,0.004383216624509467,1667.6092204422293,0.004052614770993612,1669.4923051799558,0.0037598907793217062
45141,Quero,45,1006.0,1005.358738871031,-0.0006374365099094392,1009.5843253629537,0.001779889834534698,1012.9775784715171,0.0023066627809151807,1015.7003906185979,0.002401965825481245,1017.8839088759374,0.0023515208014324163,1019.6341027162714,0.0022461468893781866,1021.0364242790404,0.002121696472278556,1022.1596700218358,0.0019939403603936867,1023.0591562451743,0.0018701064566579717,1023.7793150958391,0.0017534273703432302
45142,Quintanar de la Orden,45,11355.0,11334.316109344238,-0.0018215667684511327,11339.390127000232,-0.0006875931953613801,11343.663971280397,-0.00033288722079249933,11347.263595140816,-0.00017037389392449143,11350.295193953489,-8.288130325084797e-05,11352.848284857619,-3.158498537170207e-05,11354.998311996811,-2.1236752800746217e-08,11356.808848927576,1.991108404708619e-05,11358.333459275686,3.26143590663186e-05,11359.61726781417,4.065542184727988e-05
45143,Quismondo,45,1857.0,1911.0480960721095,0.029105059812659873,1959.0389582947428,0.027106752610100315,2000.5904418013886,0.02513744044494559,2036.440215814409,0.023328195507123617,2067.2787038892193,0.021685960127289627,2093.739644506003,0.020199552686729794,2116.3960630737065,0.01885445494917226,2135.7599886382186,0.017636247394038795,2152.2846365170954,0.01653156060639782,2166.368106341551,0.01552831039311564
45144,"Real de San Vicente, El",45,966.0,966.9917144087834,0.001026619470790191,966.7195500125297,0.0003723685655099285,966.5018736499709,0.0001731493308883003,966.3277678506886,8.481525726300454e-05,966.1885057932144,3.902506850628207e-05,966.0771105975671,1.3303663384034436e-05,965.9880036881779,-1.7740869077131904e-06,965.9167240782731,-1.0776276228363635e-05,965.8597041773346,-1.6138127370224353e-05,965.8140906801085,-1.9246938125605517e-05
45145,Recas,45,5037.0,5115.503974578951,0.015585462493339364,5192.460423613269,0.015314578537881651,5267.860313246065,0.015049994445949455,5341.697741919589,0.01479154419045181,5413.969757343911,0.014539066506367826,5484.67617538805,0.014292404714465023,5553.819402549666,0.014051406578238002,5621.4042625728325,0.01381592416887023,5687.437827696462,0.013585813735278895,5751.92925493576,0.0133609355785409
45146,Retamoso de la Jara,45,109.0,108.33242926585369,-0.006124502148131317,107.94688518021692,-0.004842526959286109,107.5965368750435,-0.004310489787390681,107.27807567513364,-0.0039729819463169,106.98852001926853,-0.003718338407721511,106.72518046240083,-0.0035089556216038043,106.48562884876304,-0.003328426548086849,106.2676710934787,-0.003168316767704904,106.06932309557388,-0.003023753710167165,105.88878937633918,-0.0028916606415467783
45147,Rielves,45,900.0,943.5820177671159,0.04842446418568436,983.6444258718151,0.04543687086723858,1020.7789889825603,0.04286895114815703,1055.0528409335257,0.040537952960434165,1086.5660575127927,0.03839532682271418,1115.4427682256062,0.036416051379433156,1141.8235870412882,0.03458270571937905,1165.8593181835004,0.03288139540547674,1187.7058416487125,0.03130032277856665,1207.52005463996,0.029829158598702277
45148,Robledo del Mazo,45,249.0,238.74004210369662,-0.041204650185957314,233.27279515686274,-0.03209580289859415,228.03002077117523,-0.028899390791070068,223.00033341979065,-0.02719332626966975,218.17302961358482,-0.026086596044374022,213.53804133676084,-0.025281255408086678,209.08589302117502,-0.02464936898233816,204.8076617648035,-0.024126878155594556,200.6949405263154,-0.023678150743173698,196.73980405170076,-0.023281781158751902
45149,"Romeral, El",45,518.0,514.7678920619271,-0.006239590614040336,504.6791523509811,-0.012941704914219865,494.837107676192,-0.015133194454451493,485.2347778259375,-0.016202895312926513,475.86540398021515,-0.01682489216737104,466.72244099301537,-0.01722337005773067,457.79954996641396,-0.01749428339214909,449.09059110454774,-0.017685568253337336,440.58961683614797,-0.0178238394224719,432.2908651947926,-0.017925058289185558
45150,San Bartolomé de las Abiertas,45,637.0,643.8435497930861,0.010743406268581168,650.7258534917144,0.01071640468205981,657.6467612595799,0.010689493598216027,664.6061205691614,0.010662672838441578,671.6037758115409,0.010635942092657169,678.639568325339,0.010609301030040097,685.713336426057,0.010582749314838269,692.8249154358011,0.010556286610318821,699.9741377133835,0.01052991258007907,707.1608326847933,0.010503626888570095
45151,San Martín de Montalbán,45,778.0,791.8787065678592,0.01783895445740269,803.1597197591846,0.016040831567724734,812.3001306604796,0.014485028078830453,819.6872993352227,0.013134611320611667,825.6453745746884,0.01195870602589899,830.44300113558,0.010931444780605037,834.3011666765861,0.010031109654492498,837.4006009013978,0.009239428285122697,839.8884366113602,0.00854099518961493,841.8840257311143,0.00792279493716963
45152,San Martín de Pusa,45,623.0,635.3359383856059,0.01980086418235305,647.5372356122659,0.01950262919455792,657.4667687301709,0.018111289684883625,665.5199126527625,0.01664247845582878,672.0333914703884,0.01526768017794855,677.2900430547651,0.014022926017290827,681.5249535771904,0.012909234994582297,684.9319394784774,0.01191706863082942,687.6697869685281,0.011034013171237422,689.8679424526171,0.010247517108856963
45153,San Pablo de los Montes,45,1627.0,1613.9828857404366,-0.008000684855294038,1603.6442194109397,-0.007203505351948913,1595.4209896437314,-0.0065120982745444644,1588.8727767531395,-0.005910714801274364,1583.6535627137273,-0.005386096521860173,1579.4905381219692,-0.00492706821845712,1576.1679991782348,-0.004524198273514135,1573.515000903139,-0.004169515494510612,1571.3958178139164,-0.0038562729553597297,1569.7025264643823,-0.003578750993167623
45154,San Román de los Montes,45,2191.0,2263.6617619572785,0.033163743476621876,2330.2359384414804,0.031285138193163586,2391.0233873834054,0.029549302830977675,2446.3579673825834,0.027943884523652374,2496.5924238557873,0.02645769339675952,2542.08709346636,0.025080584877369638,2583.201093242837,0.023803354818449973,2620.2856443991423,0.022617645944404297,2653.6791895256397,0.02151586429190777,2683.7039862507763,0.02049110448866709
45155,Santa Ana de Pusa,45,345.0,344.1522452896642,-0.00245726002995883,343.4595338364259,-0.0022350573981402277,342.8932808396362,-0.0020396347310950302,342.4302469757685,-0.001867363936188804,342.05151410489054,-0.0017151405173280176,341.74166525798637,-0.0015803050247837902,341.4881255944418,-0.0014605765960279404,341.28063101929143,-0.0013539966846916052,341.1107985747749,-0.0012588813895171302,340.9717783323339,-0.0011737810456419195
45156,Santa Cruz de la Zarza,45,4180.0,4201.577599610048,0.0051621051698680365,4229.112228225552,0.005857513217486066,4251.342759945408,0.005657151593208676,4269.270102644184,0.005296886647713217,4283.713754224942,0.00491385084213114,4295.341968416048,0.004546960503843511,4304.6979235535255,0.004208218378740192,4312.222010744116,0.0039003456859492136,4318.270562769666,0.0036225169420669445,4323.131433902942,0.00337255050290608
45157,Santa Cruz del Retamar,45,4194.0,4336.288270527659,0.03392662625838305,4470.711876211919,0.032462122494231194,4596.664316866771,0.03103036145748206,4714.370513102023,0.029671806344070406,4824.108272609939,0.028389713833425256,4926.195172785653,0.027181521464719083,5020.97717448894,0.026043299771887796,5108.818891492951,0.024970840138866635,5190.095402174517,0.023959997299224156,5265.185467443203,0.02300681005958305
45158,Santa Olalla,45,3571.0,3629.816661018796,0.01647064156225042,3686.3655162522145,0.016024714904699477,3737.6705002797357,0.015321823056454464,3784.145783015892,0.014599168890848446,3826.1877048828637,0.013900376494822009,3864.172069112276,0.013237141758819737,3898.452473683163,0.012612301758843758,3929.359466600483,0.012025577543572918,3957.200340821004,0.011475468427370128,3982.2594152413776,0.010959993650823119
45159,Sartajada,45,104.0,103.6015207099064,-0.003831531635515417,103.24031405749146,-0.003659030514212236,102.8962576633574,-0.0035502248752395937,102.56848772369085,-0.003459041378954586,102.25618821377472,-0.0033762048838645864,101.9585878857938,-0.0032985759414618787,101.67495748431617,-0.003224770009657152,101.40460716141537,-0.0031540621496325416,101.1468840750698,-0.003086021858981658,100.90117015596967,-0.003020366952732112
45160,Segurilla,45,1412.0,1412.4811907237777,0.00034078663157055544,1419.012082785621,0.002479957054386972,1425.0903498141454,0.003080761159867773,1430.7455155784135,0.003302568731738731,1436.0054412039271,0.0033773144554749557,1440.8963797741087,0.0033820841852041372,1445.4430356738048,0.0033497026975404243,1449.6686272456684,0.0032964035163582928,1453.5949515574664,0.003231055973754504,1457.2424502774538,0.0031588565110922673
45161,Seseña,45,30907.0,31668.407948286585,0.02463545307815651,32394.356618929767,0.02377908584898991,33085.380908133324,0.022962614820907667,33742.17277177752,0.02218392799273694,34365.55457828349,0.021441034691380034,34956.454816033816,0.020732058096583295,35515.886158165165,0.020055228267187086,36044.92583484194,0.019408875626679478,36544.69822473149,0.018791424874595952,37016.35954980035,0.018201389293456938
45162,Sevilleja de la Jara,45,635.0,621.7176599511362,-0.020917070943092697,611.8628160246801,-0.018387301527406974,602.3589499340308,-0.017436680161800555,593.1906270137926,-0.01688315223381509,584.3432259484173,-0.016489824119654384,575.8028892666863,-0.016177647018352448,567.556477222397,-0.015912709936893532,559.591524805713,-0.015678037380820853,551.8962016506237,-0.015464183529352415,544.4592746231132,-0.015265468536954208
45163,Sonseca,45,11452.0,11532.294746739084,0.0070114169349531075,11612.91701397968,0.007001208184472807,11679.64315442801,0.006582583209310933,11734.806103115072,0.0061173648602279584,11780.36742712955,0.005670010255456326,11817.969699208728,0.005256574517388701,11848.983823672766,0.004880115362192461,11874.55089646984,0.0045394149100985715,11895.618653755333,0.004231791596669199,11912.972835016104,0.003954154451262015
45164,Sotillo de las Palomas,45,184.0,179.6744851924059,-0.02350823264996793,179.4947014771738,-0.01231853214654166,179.35100403659925,-0.008494038549556326,179.23612891689575,-0.006536460077730011,179.14428179957557,-0.005334566966085141,179.07083799425783,-0.0045154888974914265,179.01210462962825,-0.003918350356328815,178.96513180825772,-0.0034620887412906143,178.92756242580631,-0.003101260333027933,178.89751259840574,-0.0028083163869017103
45165,Talavera de la Reina,45,83803.0,83856.37685349947,0.0006369324904773599,83680.8674475963,-0.0007289541135004907,83538.05283779725,-0.0010549617078073892,83421.80163455298,-0.0011391308674784106,83327.14595768468,-0.0011382374038506615,83250.05609296019,-0.001102725504269264,83187.2602959917,-0.0010529583512521867,83136.10020937324,-0.0009982239371427726,83094.41452698113,-0.0009430351340128373,83060.44516751953,-0.0008896249081109531
45166,Tembleque,45,1992.0,2000.211377310845,0.004122177364882074,2001.909462070298,0.002484229079621203,2003.3176423851146,0.001890273741144366,2004.4852567539078,0.0015632553208895228,2005.4532955098132,0.001347098241180733,2006.255798040203,0.0011892130067634454,2006.9210209874382,0.0010666481939036743,2007.4724134303685,0.000967626076924466,2007.9294298866782,0.0008853803369466284,2008.3082073876706,0.0008156845522149236
45167,"Toboso, El",45,1702.0,1717.9132593152663,0.009349741078299889,1725.332947271943,0.006831234471482706,1731.6979557328686,0.005782780871388615,1737.1550282985563,0.005124260274543824,1741.8313527859614,0.0046373255045182304,1745.8369302188537,0.004247332238837664,1749.266724329575,0.003920903179162494,1752.202591018639,0.003640308614529575,1754.7149955778002,0.0033949072322245755,1756.864530573027,0.00317770557491337
45168,Toledo,45,87216.0,87363.81517314269,0.001694817156745243,87495.90439513726,0.0016033765525638177,87613.92034553595,0.0015185161297470717,87719.34619415303,0.0014397028467436623,87813.51212206669,0.001366449759864219,87897.6104189177,0.0012983118742371236,87972.70923324564,0.0012348823699552813,88039.76506505541,0.0011757891775436846,88099.63409126549,0.0011206918705151114,88153.08241382772,0.0010692788450488155
45169,Torralba de Oropesa,45,186.0,184.7557046491824,-0.006689759950632257,183.11699434726853,-0.007780281586295734,181.6497699553695,-0.007857692807291428,180.3350049491252,-0.007702783829625748,179.1559818531833,-0.007469928426533823,178.09797674250757,-0.0072093609288456095,177.1479928721277,-0.006941676277933295,176.2945348015369,-0.0066764359287326824,175.5274160561401,-0.006418361109841841,174.83759469189343,-0.006169804207224128
45170,Torrecilla de la Jara,45,227.0,219.94174171023718,-0.03109364885358068,217.21018833851295,-0.02180110591909057,214.52596378863475,-0.01866338891966446,211.88808359285554,-0.017075480306228963,209.29558681631048,-0.016109328930528077,206.74753542768596,-0.015454600175426103,204.24301368838627,-0.014978051755260235,201.7811275596079,-0.014612982987420975,199.36100412675242,-0.014322306395641138,196.98179104062825,-0.01408375521847538
45171,"Torre de Esteban Hambrán, La",45,1946.0,1976.8948740380793,0.01587609148924929,2001.963553381303,0.014277205415329286,2022.247186194615,0.012893539945693977,2038.6219608036506,0.011692348922287099,2051.8171951232907,0.010646242880179901,2062.434849708569,0.009732264599719764,2070.968519270847,0.008931132074520676,2077.8208707471404,0.008226616975777867,2083.319072769673,0.0076050331711132735,2087.728107824564,0.00705481490396731
45172,Torrico,45,688.0,681.453614722083,-0.009515094880693353,675.0017853324724,-0.009491420469878165,668.6428429588508,-0.009467824359153054,662.3751529384812,-0.009444306297069605,656.1971141291879,-0.00942086600221792,650.1071581328206,-0.009397503189137568,644.103748538639,-0.00937421757201462,638.1853801860514,-0.009351008865603805,632.3505784461768,-0.009327876785532152,626.5978985217017,-0.009304821048417788
45173,Torrijos,45,14307.0,14493.426181141322,0.013030417358029123,14661.22427694185,0.012303713695092533,14810.473910773873,0.011595276418862488,14943.053065928081,0.01093373765226513,15060.689190697849,0.010320706124233414,15164.96157088057,0.009753706852615007,15257.306584036563,0.009229413721089319,15339.024890421664,0.00874442347556137,15411.289829262809,0.008295487182804928,15475.156464871747,0.007879581923095236
45174,Totanés,45,361.0,365.5342327953028,0.01256020164903826,366.47656812558756,0.007556722385564818,367.2321851924569,0.005721756031768832,367.83780042564695,0.004702050849859862,368.32301162664254,0.004024545585506578,368.7116413737799,0.003529032509821617,369.0228403910867,0.0031450183497439,369.2719887075972,0.0028359525960861554,369.4714284695825,0.0025805967134129304,369.6310578313471,0.002365534355212695
45175,Turleque,45,702.0,697.1385342488594,-0.006925164887664703,692.6327950628882,-0.006694204575706908,688.454874919898,-0.006473499087762513,684.5792977139074,-0.006262537643911048,680.982776459381,-0.006060836526694868,677.643999002272,-0.005867937541008228,674.5434378476907,-0.005683406614985009,671.6631810268008,-0.005506832484904911,668.986781360595,-0.0053378254541111,666.4991218464086,-0.005176016220824087
45176,Ugena,45,5988.0,6141.084102067009,0.025565147305779634,6266.364423862698,0.022979493798995776,6368.426343602457,0.020743867704081653,6451.271448774989,0.018804562240517964,6518.322813182859,0.01711676922888672,6572.465325487871,0.0156430133082337,6616.102953936687,0.014351877932136103,6651.221570388915,0.013216965273376236,6679.450632361602,0.012216044482843413,6702.12012044731,0.011330352239523167
45177,Urda,45,2454.0,2428.96075192893,-0.0102034425717481,2409.1134287226946,-0.009187801013517127,2393.3523997815996,-0.008306735297982981,2380.8178501698176,-0.0075402493826415284,2370.837492406516,-0.006871498788004082,2362.883337647299,-0.006286278113129207,2356.539232185886,-0.005772592837015922,2351.476213981574,-0.005320301694445528,2347.433632614981,-0.004920818032215113,2344.204572005001,-0.004566860398368733
45179,Valdeverdeja,45,598.0,627.3869054458619,0.049141982350939584,653.3451793030815,0.04525138940926987,676.1183788232553,0.04177481110043213,695.982014385778,0.038661916670129415,713.2232695609238,0.035869066017222506,728.1265995757702,0.03335834765756873,740.9640869610508,0.031096766731627756,751.9894774308433,0.02905555750661959,761.4349517387302,0.027209599563380982,769.509853954244,0.025536920674775532
45180,Valmojado,45,4898.0,5005.946529921802,0.022038899534871703,5106.6685945064755,0.02107924097737679,5199.313318776859,0.02009919042757846,5284.371275658473,0.0191629696836233,5362.333729827851,0.018279525894012716,5433.68519094201,0.017448920675803503,5498.897668113389,0.016668928895289037,5558.426371881368,0.015936665776493886,5612.706629875538,0.015249111274874716,5662.151805739434,0.014603305331098992
45181,Velada,45,2899.0,2909.7175186413738,0.0036969709007843576,2916.780798065164,0.003062024329333557,2923.301947422272,0.002786518938536542,2929.3214708252394,0.002604627751227273,2934.877014468115,0.0024629680116559083,2940.0035422550714,0.002343564574303292,2944.7335048380673,0.0022385693422266595,2949.0970015449475,0.0021439415108186477,2953.121934864241,0.00205734051907025,2956.8341573043617,0.0019772827082049638
45182,"Ventas con Peña Aguilera, Las",45,1090.0,1079.125742088844,-0.009976383404730282,1068.4135304989009,-0.00995156707347089,1057.860422963464,-0.00992683276956563,1047.4635390661385,-0.009902180245352499,1037.2200590113277,-0.0098776092092564,1027.1272221853146,-0.009853119363370078,1017.1823257551141,-0.009828710408818608,1007.3827233040096,-0.009804382047097548,997.725823502735,-0.009780133980515027,988.2090888152801,-0.009755965912366271
45183,"Ventas de Retamosa, Las",45,4206.0,4256.42375016892,0.011988528333076731,4296.5915371999645,0.010711949136562149,4334.406941097405,0.010074649806562697,4369.9860598149435,0.009607796824855352,4403.442133104955,0.009217110497028447,4434.885180236781,0.00887072182581572,4464.421718863663,0.008554613990155335,4492.154554805307,0.008261484979758427,4518.182633389465,0.007987034583631702,4542.600943858018,0.007728478287735374
45184,"Ventas de San Julián, Las",45,239.0,229.94807460610275,-0.03787416482802197,229.77348015480908,-0.01949231800292961,229.6171165864368,-0.013261396026624572,229.47706979452104,-0.010113620174629356,229.3516286970436,-0.008207578298476514,229.23926329892984,-0.006925453734391129,229.13860520343798,-0.006001414645441461,229.04843028400902,-0.005302154292909811,228.96764326493658,-0.004753428103015045,228.8952639908023,-0.004310584195314271
45185,Villacañas,45,9411.0,9384.204856037333,-0.0028472153822831636,9362.351864555163,-0.002587991046513971,9344.521062199854,-0.0023602199516108424,9329.966516106075,-0.0021596126401574045,9318.082488785762,-0.00198250261921451,9308.376477370342,-0.0018257523843115964,9300.447636890562,-0.0016866739464193037,9293.969448629277,-0.0015629616055325979,9288.67575533042,-0.001452635056797047,9284.34948022895,-0.0013539912147408906
45186,"Villa de Don Fadrique, La",45,3519.0,3508.347370610675,-0.003027175160365103,3491.0762717066577,-0.003975468000325222,3475.2628717243483,-0.004160234031570065,3460.7786468962777,-0.004162127272203553,3447.507245384378,-0.004096670859936924,3435.343208785776,-0.004001974410279607,3424.1908460492673,-0.0038940646561601566,3413.9632391473747,-0.0037807102630799116,3404.5813629767117,-0.00366602743345934,3395.9733045695457,-0.0035523206036672805
45187,Villafranca de los Caballeros,45,4884.0,4879.256253385388,-0.0009712830906248859,4875.46457319659,-0.000874197303276758,4872.433350651732,-0.0007900486198889611,4870.009729585519,-0.0007168982291966275,4868.07170075394,-0.0006531170732054781,4866.5218329976105,-0.0005973343561039846,4865.2822940752185,-0.0005483948323088406,4864.290890259344,-0.0005053233601235441,4863.497912662603,-0.00046729546182788795,4862.863623661598,-0.0004336128511744919
45188,Villaluenga de la Sagra,45,4308.0,4430.6643373865445,0.02847361592073927,4540.058916274138,0.02658023174444657,4637.284075805205,0.024855577190174394,4723.435607896044,0.023282568773135504,4799.576716871261,0.021845998623912344,4866.718871122329,0.02053231430919311,4925.809666751669,0.019329426277937545,4977.726074705693,0.018226539228670235,5023.2717083413245,0.01721400420069008,5063.177002522994,0.016283188654370173
45189,Villamiel de Toledo,45,1097.0,1119.9271291094553,0.020899844220105157,1138.6133597657788,0.01879035273757701,1153.7865802143936,0.016965652874429082,1166.0706111166076,0.015382222810649049,1175.991934063337,0.014003707905686724,1183.989736091754,0.012799671151164205,1190.4271224085142,0.011744573335670472,1195.602222526058,0.010816938218433103,1199.7584961480304,0.009998667289969454,1203.093915528132,0.009274475912617541
45190,Villaminaya,45,518.0,512.6673359620851,-0.010294718219913013,509.7847427312517,-0.007961477571001074,507.0037682264646,-0.007126752161391359,504.320384823196,-0.006668538942659508,501.7307509052546,-0.006362000078713459,499.2312007591912,-0.006132109009004294,496.8182351032904,-0.005946677699843361,494.4885122062786,-0.005789590674479483,492.2388395543853,-0.00565187850984894,490.0661660285926,-0.005528146008169088
45191,Villamuelas,45,587.0,584.3202271225708,-0.0045652008133375555,575.4867331041397,-0.009855436101568804,568.0811950456799,-0.010860745663325733,561.8596598698272,-0.010883520395231217,556.623438400621,-0.010570903440601076,552.2097548266108,-0.0101311399102757,548.4845697464548,-0.009648250104588252,545.3370128350163,-0.009160391132205126,542.6750214226099,-0.0086858543587639,540.4218925880546,-0.00823338872919177
45192,Villanueva de Alcardete,45,2910.0,2870.832444742513,-0.01345964098195429,2833.9829607984766,-0.013147778988001235,2800.1601508708736,-0.012743593533685704,2769.088074855935,-0.012332086337696557,2740.5196587426503,-0.01192937842127706,2714.2331889572956,-0.011540162675096832,2690.0292943124778,-0.011165907226711957,2667.728339756062,-0.01080690376541138,2647.1681690151127,-0.010462948311342535,2628.202143759501,-0.010133611851755653
45193,Villanueva de Bogas,45,657.0,647.6344525708887,-0.014255018917977647,638.4482423099219,-0.014219636079977449,629.437290071834,-0.014184369839915556,620.5976224016418,-0.014149219829239446,611.9253686406959,-0.014114185632132847,603.416757966324,-0.014079266826283798,595.0681165248279,-0.014044462988701767,586.8758646546376,-0.014009773697168715,578.8365141965656,-0.013975198530716715,570.9466658881958,-0.013940737069816578
45194,Villarejo de Montalbán,45,83.0,80.31747403877026,-0.032319589894334255,80.29707464737953,-0.0164174491656649,80.28075886474284,-0.011042126912734318,80.2677086256447,-0.00833338371389769,80.25726996180106,-0.006698118620708682,80.2489200081551,-0.005602133152360245,80.24224067072669,-0.004815587687278189,80.23689760106272,-0.004223198221753988,80.23262340149256,-0.0037607328927612427,80.2292042057706,-0.003389544180322779
45195,Villarrubia de Santiago,45,2583.0,2600.9604422200164,0.0069533264498709,2615.418671549048,0.00625582365325994,2627.0431003367485,0.005651712046637725,2636.3798316379634,0.005126894297026174,2643.873103162256,0.004669551024118368,2649.8830519021226,0.004269755132376485,2654.7008457419756,0.003919153938027442,2658.5613867504394,0.003610706743891523,2661.6538613231564,0.003338467850739324,2664.1304307704995,0.003097406868709962
45196,Villaseca de la Sagra,45,1910.0,1918.7221000028767,0.0045665445041238595,1927.1296992692742,0.004474205212255722,1935.2326777030091,0.004384357986307874,1943.040722354234,0.004296927083393465,1950.5633202561385,0.004211839163813513,1957.8097530865664,0.004129023262380294,1964.7890929204248,0.004048410715008277,1971.5101989795403,0.0039699350822293145,1977.981715292269,0.0038935320741584345,1984.2120691805144,0.0038191394777411514
45197,Villasequilla,45,2673.0,2689.6212309630014,0.00621819340179619,2713.4901280764852,0.007545444112347255,2733.8033719036293,0.007525635987494228,2751.068700448562,0.007222965021614014,2765.7277217081732,0.006843783116898594,2778.1626189698736,0.006452116401980401,2788.7027924995355,0.006071945927665912,2797.631186456359,0.005712707775732184,2805.190155884341,0.005377729608043724,2811.586802056161,0.005067555349082431
45198,Villatobas,45,2964.0,3066.9747691022153,0.03474182493327094,3163.6495333167295,0.03313026387994533,3253.142071046098,0.031513565129044574,3335.7395205116513,0.02997926725280875,3411.769241679211,0.02853787787559736,3481.585202205215,0.027187686820158374,3545.556670415919,0.025923967821555927,3604.059010084716,0.024741233615992675,3657.4663434308677,0.023633951855018376,3706.1458406761963,0.02259680290759558
45199,"Viso de San Juan, El",45,6380.0,6588.113796863903,0.03261971737678726,6786.953524047369,0.03139993155720244,6976.500557731106,0.030241369023132236,7156.8086181874105,0.029140528066843308,7327.993347245861,0.028094125315215157,7490.222566388256,0.02709908104237213,7643.707295019249,0.026152505555754546,7788.693570985265,0.025251686567702603,7925.455085646869,0.02439407747415734,8054.286622771735,0.02357728646916346
45200,"Yébenes, Los",45,5787.0,5803.238303525172,0.002805996807529354,5824.197666214866,0.003208750888784584,5841.019645985413,0.003101919668268449,5854.512205552411,0.0029038727259294017,5865.328690252016,0.0026925184567447857,5873.996264692086,0.0024899571870351522,5880.9395455522545,0.002303006886192227,5886.500078969551,0.0021332201283681407,5890.952290925108,0.0019801402576902216,5894.516484894219,0.0018425440832354756
45201,Yeles,45,6514.0,6816.20868923447,0.04639371956316696,6990.576592119558,0.03593527608720448,7150.5269980716885,0.031565396619052555,7296.88595136314,0.028779853792859855,7430.509064143976,0.026677779907121835,7552.26036325469,0.02495516097531003,7662.995683308577,0.02347841885033075,7763.549974009563,0.022178106600809544,7854.727915205435,0.021013508281266136,7937.297279505694,0.01995847098311776
45202,Yepes,45,5820.0,5970.461265698587,0.025852451150960132,6105.517869323252,0.024235350468008843,6226.388831208717,0.022753759518653327,6334.283989094085,0.021394785793406923,6430.377689035375,0.020146865454740315,6515.7904639185645,0.01899961717395726,6591.577095595054,0.01794371309599163,6658.719661243824,0.016970764815287698,6718.124378227243,0.0160732224895781,6770.621267860148,0.015244285468883456
45203,Yuncler,45,5275.0,5469.938538324377,0.03695517314206209,5646.092959623954,0.034576906871610635,5804.59049661712,0.03240406886643976,5946.666495705974,0.030416441425622276,6073.605301851578,0.02859597443190043,6186.695189800503,0.026926535165819887,6287.195224963536,0.02539368929030439,6376.311952013179,0.023984508784682834,6455.1839653206625,0.02268740322308105,6524.872643958437,0.021491971320774406
45204,Yunclillos,45,819.0,820.1445746864905,0.0013975270897319536,821.1324691903487,0.00130102740642557,821.9849783719056,0.0012134144421112047,822.7205422404858,0.001133767055212953,823.3551184834786,0.0010612660341497993,823.9025090626358,0.000995182334369904,824.374645811587,0.0009348667119595255,824.7818396579618,0.0008797405866698416,825.1329977169268,0.0008292879851414803,825.4358121128,0.0007830484334094834
45205,Yuncos,45,13189.0,13482.57856358124,0.022259349729413902,13722.139576468728,0.020011297842723375,13916.849502836814,0.01806698566792808,14074.604808610147,0.016379940881074306,14202.09561992264,0.01491135808944466,14304.919252520547,0.013628758400696439,14387.713901879333,0.012504896506183139,14454.294514311543,0.011516866748491505,14507.780774083762,0.01064536987182696,14550.712248489877,0.009874110016191207
45901,Santo Domingo-Caudilla,45,1299.0,1325.1319347263488,0.020116962837835928,1351.654952099328,0.020066169456063765,1378.5722302550319,0.020015547723684524,1405.886929926746,0.01996509711497163,1433.6021930734219,0.01991481699939257,1461.7211421960299,0.01986470673122742,1490.2468796572502,0.019814765662361955,1519.1824870047278,0.019764993145475085,1548.5310242981386,0.019715388535094913,1578.2955294402655,0.019665951188012842
